Time ,cost/client/h ,cpuUsage ,numberOfVMs , ongoingAction, targetedNodeID
Wed Feb 12 16:02:14 UTC 2014,0.0029,44.85,4,EventProcessingServiceUnit_scaleIn,EventProcessingServiceUnit
Wed Feb 12 16:02:34 UTC 2014,0.0084,40.1,4,EventProcessingServiceUnit_scaleIn,EventProcessingServiceUnit
Wed Feb 12 16:02:47 UTC 2014,0.0084,40.1,4,,
Wed Feb 12 16:02:56 UTC 2014,0.0282,41.65,4,,
Wed Feb 12 16:03:08 UTC 2014,0.0282,41.65,4,,
Wed Feb 12 16:03:15 UTC 2014,0.48,43.6,4,,
Wed Feb 12 16:03:23 UTC 2014,0.48,43.6,4,,
Wed Feb 12 16:03:29 UTC 2014,0.0058,43.4,4,,
Wed Feb 12 16:03:47 UTC 2014,0.0058,43.4,4,,
Wed Feb 12 16:03:57 UTC 2014,0.0069,43.45,4,,
Wed Feb 12 16:04:13 UTC 2014,0.0141,38.2,4,,
Wed Feb 12 16:04:25 UTC 2014,0.0141,38.2,4,,
Wed Feb 12 16:04:40 UTC 2014,0.0026,43.6,4,,
Wed Feb 12 16:04:53 UTC 2014,0.0015,38.4,4,,
Wed Feb 12 16:05:03 UTC 2014,0.0079,43.85,4,,
Wed Feb 12 16:05:19 UTC 2014,0.48,43.15,4,,
Wed Feb 12 16:05:30 UTC 2014,0.0023,37.45,4,,
Wed Feb 12 16:05:43 UTC 2014,0.0015,42.85,4,,
Wed Feb 12 16:05:57 UTC 2014,0.0076,37.7,4,,
Wed Feb 12 16:06:08 UTC 2014,0.0209,49.8,4,,
Wed Feb 12 16:06:26 UTC 2014,0.0209,49.8,4,,
Wed Feb 12 16:06:36 UTC 2014,0.0026,49.8,4,,
Wed Feb 12 16:06:48 UTC 2014,0.0026,43.7,4,,
Wed Feb 12 16:07:07 UTC 2014,0.0166,37.9,4,EventProcessingServiceUnit_scaleOut,EventProcessingServiceUnit
Wed Feb 12 16:07:24 UTC 2014,0.0023,38.8,4,EventProcessingServiceUnit_scaleOut,EventProcessingServiceUnit
Wed Feb 12 16:07:34 UTC 2014,0.0017,43.7,4,EventProcessingServiceUnit_scaleOut,EventProcessingServiceUnit
Wed Feb 12 16:07:48 UTC 2014,0.0017,44.8,4,EventProcessingServiceUnit_scaleOut,EventProcessingServiceUnit
Wed Feb 12 16:07:58 UTC 2014,0.016,43.65,4,EventProcessingServiceUnit_scaleOut,EventProcessingServiceUnit
Wed Feb 12 16:08:11 UTC 2014,0.016,43.65,4,EventProcessingServiceUnit_scaleOut,EventProcessingServiceUnit
Wed Feb 12 16:08:22 UTC 2014,0.48,40.8,4,EventProcessingServiceUnit_scaleOut,EventProcessingServiceUnit
Wed Feb 12 16:08:34 UTC 2014,0.48,31.55,4,,
Wed Feb 12 16:08:43 UTC 2014,0.6,36.75,5,,
Wed Feb 12 16:08:54 UTC 2014,0.6,36.75,5,,
Wed Feb 12 16:09:09 UTC 2014,0.6,36.75,5,,
Wed Feb 12 16:09:23 UTC 2014,0.6,40.2,5,,
Wed Feb 12 16:09:33 UTC 2014,0.6,40.2,5,,
Wed Feb 12 16:09:45 UTC 2014,0.6,30,5,,
Wed Feb 12 16:09:57 UTC 2014,0.6,39.6,5,,
Wed Feb 12 16:10:11 UTC 2014,0.6,33.75,5,,
Wed Feb 12 16:10:24 UTC 2014,0.6,33.75,5,,
Wed Feb 12 16:10:35 UTC 2014,0.6,37.5,5,,
Wed Feb 12 16:10:48 UTC 2014,0.6,30.25,5,,
Wed Feb 12 16:10:58 UTC 2014,0.6,30.25,5,,
Wed Feb 12 16:11:11 UTC 2014,0.6,30.25,5,,
Wed Feb 12 16:11:17 UTC 2014,0.6,38.7,5,,
Wed Feb 12 16:11:27 UTC 2014,0.6,28.85,5,DataNodeServiceUnit_scaleOut,DataNodeServiceUnit
Wed Feb 12 16:11:48 UTC 2014,0.6,28.85,5,DataNodeServiceUnit_scaleOut,DataNodeServiceUnit
Wed Feb 12 16:11:58 UTC 2014,0.6,44.6,5,DataNodeServiceUnit_scaleOut,DataNodeServiceUnit
Wed Feb 12 16:12:08 UTC 2014,0.0102,33.3,5,DataNodeServiceUnit_scaleOut,DataNodeServiceUnit
Wed Feb 12 16:12:18 UTC 2014,0.0047,47.1,5,DataNodeServiceUnit_scaleOut,DataNodeServiceUnit
Wed Feb 12 16:12:31 UTC 2014,0.0047,47.1,5,DataNodeServiceUnit_scaleOut,DataNodeServiceUnit
Wed Feb 12 16:12:41 UTC 2014,0.0074,45.4,5,,
Wed Feb 12 16:12:53 UTC 2014,0.0073,40.35,6,,
Wed Feb 12 16:13:08 UTC 2014,0.0073,40.35,6,,
Wed Feb 12 16:13:19 UTC 2014,0.0225,40.35,6,,
Wed Feb 12 16:13:26 UTC 2014,0.0225,40.35,6,,
Wed Feb 12 16:13:36 UTC 2014,0.0114,43,6,,
Wed Feb 12 16:13:49 UTC 2014,0.0114,43,6,EventProcessingServiceUnit_scaleOut,EventProcessingServiceUnit
Wed Feb 12 16:14:00 UTC 2014,0.0039,48.975,6,EventProcessingServiceUnit_scaleOut,EventProcessingServiceUnit
Wed Feb 12 16:14:10 UTC 2014,0.0039,48.975,6,EventProcessingServiceUnit_scaleOut,EventProcessingServiceUnit
Wed Feb 12 16:14:20 UTC 2014,0.0313,55.225,6,EventProcessingServiceUnit_scaleOut,EventProcessingServiceUnit
Wed Feb 12 16:14:35 UTC 2014,0.0313,55.225,6,EventProcessingServiceUnit_scaleOut,EventProcessingServiceUnit
Wed Feb 12 16:14:44 UTC 2014,0.0035,59.125,6,EventProcessingServiceUnit_scaleOut,EventProcessingServiceUnit
Wed Feb 12 16:15:00 UTC 2014,0.0035,46.175,7,EventProcessingServiceUnit_scaleOut,EventProcessingServiceUnit
Wed Feb 12 16:15:17 UTC 2014,0.0032,46.175,7,,
Wed Feb 12 16:15:24 UTC 2014,0.0109,44.15,7,,
Wed Feb 12 16:15:31 UTC 2014,0.0109,44.15,7,,
Wed Feb 12 16:15:43 UTC 2014,0.0087,50.175,7,,
Wed Feb 12 16:15:55 UTC 2014,0.0087,50.175,7,,
Wed Feb 12 16:16:08 UTC 2014,0.0323,35.6,7,,
Wed Feb 12 16:16:21 UTC 2014,0.0323,35.6,7,,
Wed Feb 12 16:16:36 UTC 2014,0.0215,55.375,7,,
Wed Feb 12 16:16:48 UTC 2014,0.0215,55.375,7,,
Wed Feb 12 16:16:59 UTC 2014,0.0043,52.075,7,EventProcessingServiceUnit_scaleOut,EventProcessingServiceUnit
Wed Feb 12 16:17:18 UTC 2014,0.0043,52.075,7,EventProcessingServiceUnit_scaleOut,EventProcessingServiceUnit
Wed Feb 12 16:17:30 UTC 2014,0.0043,52.075,7,EventProcessingServiceUnit_scaleOut,EventProcessingServiceUnit
Wed Feb 12 16:17:43 UTC 2014,0.0044,49.8,7,EventProcessingServiceUnit_scaleOut,EventProcessingServiceUnit
Wed Feb 12 16:17:53 UTC 2014,0.0044,49.8,7,EventProcessingServiceUnit_scaleOut,EventProcessingServiceUnit
Wed Feb 12 16:18:06 UTC 2014,0.84,42.5,7,EventProcessingServiceUnit_scaleOut,EventProcessingServiceUnit
Wed Feb 12 16:18:15 UTC 2014,0.96,36.15,8,,
Wed Feb 12 16:18:27 UTC 2014,0.96,36.15,8,,
Wed Feb 12 16:18:34 UTC 2014,0.96,41.925,8,,
Wed Feb 12 16:18:50 UTC 2014,0.96,41.925,8,,
Wed Feb 12 16:18:58 UTC 2014,0.96,41.925,8,,
Wed Feb 12 16:19:11 UTC 2014,0.96,41.925,8,,
Wed Feb 12 16:19:19 UTC 2014,0.96,41.925,8,,
Wed Feb 12 16:19:33 UTC 2014,0.96,42.925,8,,
Wed Feb 12 16:19:42 UTC 2014,0.96,42.925,8,,
Wed Feb 12 16:19:49 UTC 2014,0.96,42.925,8,,
Wed Feb 12 16:20:02 UTC 2014,0.96,32.7,8,,
Wed Feb 12 16:20:10 UTC 2014,0.96,32.7,8,,
Wed Feb 12 16:20:16 UTC 2014,0.96,32.7,8,,
Wed Feb 12 16:20:24 UTC 2014,0.009,37.575,8,EventProcessingServiceUnit_scaleIn,EventProcessingServiceUnit
Wed Feb 12 16:20:37 UTC 2014,0.009,37.575,8,EventProcessingServiceUnit_scaleIn,EventProcessingServiceUnit
Wed Feb 12 16:20:47 UTC 2014,0.009,37.575,8,EventProcessingServiceUnit_scaleIn,EventProcessingServiceUnit
Wed Feb 12 16:20:56 UTC 2014,0.96,37.15,8,EventProcessingServiceUnit_scaleIn,EventProcessingServiceUnit
Wed Feb 12 16:21:07 UTC 2014,0.96,37.15,8,EventProcessingServiceUnit_scaleIn,EventProcessingServiceUnit
Wed Feb 12 16:21:17 UTC 2014,0.96,39.35,8,EventProcessingServiceUnit_scaleIn,EventProcessingServiceUnit
Wed Feb 12 16:21:26 UTC 2014,0.96,39.35,8,EventProcessingServiceUnit_scaleIn,EventProcessingServiceUnit
Wed Feb 12 16:21:34 UTC 2014,0.96,41.65,8,EventProcessingServiceUnit_scaleIn,EventProcessingServiceUnit
Wed Feb 12 16:21:49 UTC 2014,0.96,41.65,8,EventProcessingServiceUnit_scaleIn,EventProcessingServiceUnit
Wed Feb 12 16:22:01 UTC 2014,0.96,41.65,8,EventProcessingServiceUnit_scaleIn,EventProcessingServiceUnit
Wed Feb 12 16:22:12 UTC 2014,0.96,41.65,8,EventProcessingServiceUnit_scaleIn,EventProcessingServiceUnit
Wed Feb 12 16:22:24 UTC 2014,0.0259,51.3,8,EventProcessingServiceUnit_scaleIn,EventProcessingServiceUnit
Wed Feb 12 16:22:34 UTC 2014,0.0259,51.3,8,EventProcessingServiceUnit_scaleIn,EventProcessingServiceUnit
Wed Feb 12 16:22:46 UTC 2014,0.0049,48.3,8,EventProcessingServiceUnit_scaleIn,EventProcessingServiceUnit
Wed Feb 12 16:22:59 UTC 2014,0.0049,48.3,8,EventProcessingServiceUnit_scaleIn,EventProcessingServiceUnit
Wed Feb 12 16:23:16 UTC 2014,0.0049,48.3,8,EventProcessingServiceUnit_scaleIn,EventProcessingServiceUnit
Wed Feb 12 16:23:27 UTC 2014,0.0024,47.75,7,,
Wed Feb 12 16:23:35 UTC 2014,0.0024,47.75,7,,
Wed Feb 12 16:23:40 UTC 2014,0.0255,50.25,7,,
Wed Feb 12 16:23:58 UTC 2014,0.0255,50.25,7,,
Wed Feb 12 16:24:08 UTC 2014,0.0031,49.775,7,,
Wed Feb 12 16:24:15 UTC 2014,0.0031,49.775,7,,
Wed Feb 12 16:24:22 UTC 2014,0.0031,49.775,7,,
Wed Feb 12 16:24:37 UTC 2014,0.0031,46.35,7,,
Wed Feb 12 16:24:51 UTC 2014,0.0031,46.35,7,,
Wed Feb 12 16:24:58 UTC 2014,0.0031,46.35,7,,
Wed Feb 12 16:25:05 UTC 2014,0.0051,49.85,7,,
Wed Feb 12 16:25:13 UTC 2014,0.0051,49.85,7,,
Wed Feb 12 16:25:26 UTC 2014,0.0108,54.3,7,,
Wed Feb 12 16:25:38 UTC 2014,0.006,51.9,7,,
Wed Feb 12 16:25:50 UTC 2014,0.006,51.9,7,,
Wed Feb 12 16:26:01 UTC 2014,0.006,51.9,7,,
Wed Feb 12 16:26:08 UTC 2014,0.006,51.9,7,,
Wed Feb 12 16:26:23 UTC 2014,0.0262,46.125,7,,
Wed Feb 12 16:26:32 UTC 2014,0.0262,46.125,7,,
Wed Feb 12 16:26:43 UTC 2014,0.84,44.65,7,DataNodeServiceUnit_scaleIn,DataNodeServiceUnit
Wed Feb 12 16:26:58 UTC 2014,0.84,44.65,7,DataNodeServiceUnit_scaleIn,DataNodeServiceUnit
Wed Feb 12 16:27:09 UTC 2014,0.84,38.65,7,DataNodeServiceUnit_scaleIn,DataNodeServiceUnit
Wed Feb 12 16:27:22 UTC 2014,0.84,38.65,7,DataNodeServiceUnit_scaleIn,DataNodeServiceUnit
Wed Feb 12 16:27:32 UTC 2014,0.84,39.2,7,DataNodeServiceUnit_scaleIn,DataNodeServiceUnit
Wed Feb 12 16:27:45 UTC 2014,0.84,39.2,7,DataNodeServiceUnit_scaleIn,DataNodeServiceUnit
Wed Feb 12 16:27:54 UTC 2014,0.84,39.2,7,DataNodeServiceUnit_scaleIn,DataNodeServiceUnit
Wed Feb 12 16:28:10 UTC 2014,0.84,41.7,7,DataNodeServiceUnit_scaleIn,DataNodeServiceUnit
Wed Feb 12 16:28:22 UTC 2014,0.84,41.7,7,DataNodeServiceUnit_scaleIn,DataNodeServiceUnit
Wed Feb 12 16:28:32 UTC 2014,0.84,38.35,7,DataNodeServiceUnit_scaleIn,DataNodeServiceUnit
Wed Feb 12 16:28:43 UTC 2014,0.84,38.35,7,DataNodeServiceUnit_scaleIn,DataNodeServiceUnit
Wed Feb 12 16:28:54 UTC 2014,0.84,41.7,7,DataNodeServiceUnit_scaleIn,DataNodeServiceUnit
Wed Feb 12 16:29:05 UTC 2014,0.84,41.7,7,DataNodeServiceUnit_scaleIn,DataNodeServiceUnit
Wed Feb 12 16:29:16 UTC 2014,0.84,38.8,7,DataNodeServiceUnit_scaleIn,DataNodeServiceUnit
Wed Feb 12 16:29:25 UTC 2014,0.84,38.8,7,DataNodeServiceUnit_scaleIn,DataNodeServiceUnit
Wed Feb 12 16:29:36 UTC 2014,0.84,51.55,7,DataNodeServiceUnit_scaleIn,DataNodeServiceUnit
Wed Feb 12 16:29:48 UTC 2014,0.84,38.65,7,DataNodeServiceUnit_scaleIn,DataNodeServiceUnit
Wed Feb 12 16:30:06 UTC 2014,0.028,46.75,7,DataNodeServiceUnit_scaleIn,DataNodeServiceUnit
Wed Feb 12 16:30:17 UTC 2014,0.024,46.75,6,,
Wed Feb 12 16:30:31 UTC 2014,0.0141,59.9,6,,
Wed Feb 12 16:30:46 UTC 2014,0.0141,59.9,6,,
Wed Feb 12 16:30:55 UTC 2014,0.0022,64.05,6,,
Wed Feb 12 16:31:13 UTC 2014,0.0022,64.05,6,,
Wed Feb 12 16:31:27 UTC 2014,0.0016,56.15,6,,
Wed Feb 12 16:31:36 UTC 2014,0.0016,56.15,6,,
Wed Feb 12 16:31:44 UTC 2014,0.0248,53.5,6,,
Wed Feb 12 16:31:52 UTC 2014,0.0248,53.5,6,,
Wed Feb 12 16:32:06 UTC 2014,0.004,48.4,6,,
Wed Feb 12 16:32:15 UTC 2014,0.004,48.4,6,,
Wed Feb 12 16:32:27 UTC 2014,0.0034,52.6,6,,
Wed Feb 12 16:32:41 UTC 2014,0.0034,52.6,6,,
Wed Feb 12 16:32:51 UTC 2014,0.0039,55.5,6,,
Wed Feb 12 16:33:02 UTC 2014,0.0024,55.15,6,,
Wed Feb 12 16:33:13 UTC 2014,0.0024,55.15,6,,
Wed Feb 12 16:33:23 UTC 2014,0.0016,57.25,6,,
Wed Feb 12 16:33:38 UTC 2014,0.0032,56.75,6,,
Wed Feb 12 16:33:57 UTC 2014,0.0032,56.75,6,,
Wed Feb 12 16:34:04 UTC 2014,0.0032,56.75,6,,
Wed Feb 12 16:34:13 UTC 2014,0.0032,56.75,6,,
Wed Feb 12 16:34:19 UTC 2014,0.0047,51.15,6,,
Wed Feb 12 16:34:27 UTC 2014,0.0047,51.15,6,,
Wed Feb 12 16:34:34 UTC 2014,0.0248,51.7,6,,
Wed Feb 12 16:34:43 UTC 2014,0.0091,56.85,6,EventProcessingServiceUnit_scaleOut,EventProcessingServiceUnit
Wed Feb 12 16:35:01 UTC 2014,0.0091,56.85,6,EventProcessingServiceUnit_scaleOut,EventProcessingServiceUnit
Wed Feb 12 16:35:11 UTC 2014,0.0091,56.85,6,EventProcessingServiceUnit_scaleOut,EventProcessingServiceUnit
Wed Feb 12 16:35:24 UTC 2014,0.0195,56.5,6,EventProcessingServiceUnit_scaleOut,EventProcessingServiceUnit
Wed Feb 12 16:35:35 UTC 2014,0.0033,58.9,6,EventProcessingServiceUnit_scaleOut,EventProcessingServiceUnit
Wed Feb 12 16:35:48 UTC 2014,0.0033,58.9,6,EventProcessingServiceUnit_scaleOut,EventProcessingServiceUnit
Wed Feb 12 16:36:03 UTC 2014,0.0033,58.9,6,EventProcessingServiceUnit_scaleOut,EventProcessingServiceUnit
Wed Feb 12 16:36:12 UTC 2014,0.004,47.95,7,,
Wed Feb 12 16:36:22 UTC 2014,0.004,47.95,7,,
Wed Feb 12 16:36:36 UTC 2014,0.084,51.35,7,,
Wed Feb 12 16:36:45 UTC 2014,0.84,55.15,7,,
Wed Feb 12 16:37:03 UTC 2014,0.84,55.15,7,,
Wed Feb 12 16:37:12 UTC 2014,0.84,55.15,7,,
Wed Feb 12 16:37:21 UTC 2014,0.84,55.15,7,,
Wed Feb 12 16:37:33 UTC 2014,0.84,37,7,,
Wed Feb 12 16:37:49 UTC 2014,0.0049,42.35,7,,
Wed Feb 12 16:37:59 UTC 2014,0.0049,42.35,7,EventProcessingServiceUnit_scaleOut,EventProcessingServiceUnit
Wed Feb 12 16:38:09 UTC 2014,0.07,53.95,7,EventProcessingServiceUnit_scaleOut,EventProcessingServiceUnit
Wed Feb 12 16:38:23 UTC 2014,0.07,53.95,7,EventProcessingServiceUnit_scaleOut,EventProcessingServiceUnit
Wed Feb 12 16:38:38 UTC 2014,0.07,53.95,7,EventProcessingServiceUnit_scaleOut,EventProcessingServiceUnit
Wed Feb 12 16:38:52 UTC 2014,0.0029,54.85,7,EventProcessingServiceUnit_scaleOut,EventProcessingServiceUnit
Wed Feb 12 16:39:03 UTC 2014,0.0091,57.95,8,EventProcessingServiceUnit_scaleOut,EventProcessingServiceUnit
Wed Feb 12 16:39:14 UTC 2014,0.0091,57.95,8,,
Wed Feb 12 16:39:22 UTC 2014,0.0091,57.95,8,,
Wed Feb 12 16:39:36 UTC 2014,0.0091,57.95,8,,
Wed Feb 12 16:39:50 UTC 2014,0.0196,62,8,,
Wed Feb 12 16:39:58 UTC 2014,0.0029,59.45,8,,
Wed Feb 12 16:40:11 UTC 2014,0.0029,59.45,8,,
Wed Feb 12 16:40:20 UTC 2014,0.0031,56,8,,
Wed Feb 12 16:40:33 UTC 2014,0.0031,56,8,,
Wed Feb 12 16:40:46 UTC 2014,0.0031,56,8,,
Wed Feb 12 16:40:54 UTC 2014,0.0031,56,8,,
Wed Feb 12 16:41:06 UTC 2014,0.0029,54.7,8,,
Wed Feb 12 16:41:21 UTC 2014,0.0029,54.7,8,,
Wed Feb 12 16:41:41 UTC 2014,0.0021,52.85,8,,
Wed Feb 12 16:41:46 UTC 2014,0.0021,52.85,8,,
Wed Feb 12 16:41:58 UTC 2014,0.06,75.4,8,,
Wed Feb 12 16:42:14 UTC 2014,0.06,75.4,8,,
Wed Feb 12 16:42:33 UTC 2014,0.0039,74.1,8,,
Wed Feb 12 16:42:42 UTC 2014,0.0039,74.1,8,,
Wed Feb 12 16:42:59 UTC 2014,0.0175,65.3,8,,
Wed Feb 12 16:43:10 UTC 2014,0.0175,65.3,8,,
Wed Feb 12 16:43:28 UTC 2014,0.0175,65.3,8,,
Wed Feb 12 16:43:40 UTC 2014,0.1371,80,8,,
Wed Feb 12 16:43:48 UTC 2014,0.1371,80,8,,
Wed Feb 12 16:43:54 UTC 2014,0.1371,80,8,,
Wed Feb 12 16:44:02 UTC 2014,0.96,62.2,8,,
Wed Feb 12 16:44:16 UTC 2014,0.0052,49.95,8,,
Wed Feb 12 16:44:24 UTC 2014,0.0052,49.95,8,,
Wed Feb 12 16:44:33 UTC 2014,0.0052,49.95,8,,
Wed Feb 12 16:44:44 UTC 2014,0.002,52.6,8,,
Wed Feb 12 16:44:57 UTC 2014,0.002,52.6,8,EventProcessingServiceUnit_scaleOut,EventProcessingServiceUnit
Wed Feb 12 16:45:13 UTC 2014,0.002,52.6,8,EventProcessingServiceUnit_scaleOut,EventProcessingServiceUnit
Wed Feb 12 16:45:24 UTC 2014,0.002,52.6,8,EventProcessingServiceUnit_scaleOut,EventProcessingServiceUnit
Wed Feb 12 16:45:32 UTC 2014,0.0055,56.9,8,EventProcessingServiceUnit_scaleOut,EventProcessingServiceUnit
Wed Feb 12 16:45:42 UTC 2014,0.0055,56.9,8,EventProcessingServiceUnit_scaleOut,EventProcessingServiceUnit
Wed Feb 12 16:45:52 UTC 2014,0.0043,50.25,8,EventProcessingServiceUnit_scaleOut,EventProcessingServiceUnit
Wed Feb 12 16:46:03 UTC 2014,0.0043,50.25,8,EventProcessingServiceUnit_scaleOut,EventProcessingServiceUnit
Wed Feb 12 16:46:21 UTC 2014,0.0144,47.9,9,,
Wed Feb 12 16:46:33 UTC 2014,0.0144,47.9,9,,
Wed Feb 12 16:46:43 UTC 2014,0.0108,50.55,9,,
Wed Feb 12 16:46:56 UTC 2014,0.0108,50.55,9,,
Wed Feb 12 16:47:05 UTC 2014,0.0096,54.05,9,,
Wed Feb 12 16:47:14 UTC 2014,0.0096,54.05,9,,
Wed Feb 12 16:47:21 UTC 2014,0.0096,54.05,9,,
Wed Feb 12 16:47:28 UTC 2014,1.08,47.8,9,EventProcessingServiceUnit_scaleIn,EventProcessingServiceUnit
Wed Feb 12 16:47:44 UTC 2014,1.08,47.8,9,EventProcessingServiceUnit_scaleIn,EventProcessingServiceUnit
Wed Feb 12 16:47:54 UTC 2014,0.0042,53.55,9,EventProcessingServiceUnit_scaleIn,EventProcessingServiceUnit
Wed Feb 12 16:48:07 UTC 2014,0.0042,53.55,9,EventProcessingServiceUnit_scaleIn,EventProcessingServiceUnit
Wed Feb 12 16:48:22 UTC 2014,0.0042,53.55,9,EventProcessingServiceUnit_scaleIn,EventProcessingServiceUnit
Wed Feb 12 16:48:36 UTC 2014,0.0042,53.55,9,EventProcessingServiceUnit_scaleIn,EventProcessingServiceUnit
Wed Feb 12 16:48:47 UTC 2014,0.0029,51.3,9,EventProcessingServiceUnit_scaleIn,EventProcessingServiceUnit
Wed Feb 12 16:48:57 UTC 2014,0.0029,51.3,9,EventProcessingServiceUnit_scaleIn,EventProcessingServiceUnit
Wed Feb 12 16:49:05 UTC 2014,0.0029,51.3,9,EventProcessingServiceUnit_scaleIn,EventProcessingServiceUnit
Wed Feb 12 16:49:22 UTC 2014,1.08,49.6,9,EventProcessingServiceUnit_scaleIn,EventProcessingServiceUnit
Wed Feb 12 16:49:31 UTC 2014,1.08,49.6,9,EventProcessingServiceUnit_scaleIn,EventProcessingServiceUnit
Wed Feb 12 16:49:41 UTC 2014,1.08,39.15,9,EventProcessingServiceUnit_scaleIn,EventProcessingServiceUnit
Wed Feb 12 16:49:53 UTC 2014,1.08,39.15,9,EventProcessingServiceUnit_scaleIn,EventProcessingServiceUnit
Wed Feb 12 16:50:06 UTC 2014,0.06,41.8,9,EventProcessingServiceUnit_scaleIn,EventProcessingServiceUnit
Wed Feb 12 16:50:17 UTC 2014,0.06,41.8,9,,
Wed Feb 12 16:50:27 UTC 2014,0.96,42.2,8,,
Wed Feb 12 16:50:39 UTC 2014,0.96,42.2,8,,
Wed Feb 12 16:50:48 UTC 2014,0.96,42.2,8,,
Wed Feb 12 16:50:57 UTC 2014,0.96,42.2,8,,
Wed Feb 12 16:51:15 UTC 2014,0.0044,47.3,8,,
Wed Feb 12 16:51:34 UTC 2014,0.0132,45.55,8,,
Wed Feb 12 16:51:47 UTC 2014,0.0132,45.55,8,,
Wed Feb 12 16:51:59 UTC 2014,0.16,43.4,8,,
Wed Feb 12 16:52:20 UTC 2014,0.16,43.4,8,,
Wed Feb 12 16:52:38 UTC 2014,0.16,43.4,8,,
Wed Feb 12 16:52:45 UTC 2014,0.0043,47.5,8,,
Wed Feb 12 16:52:52 UTC 2014,0.0043,47.5,8,,
Wed Feb 12 16:52:59 UTC 2014,0.0019,65.95,8,,
Wed Feb 12 16:53:16 UTC 2014,0.0019,65.95,8,,
Wed Feb 12 16:53:27 UTC 2014,0.16,61.15,8,,
Wed Feb 12 16:53:43 UTC 2014,0.16,61.15,8,,
Wed Feb 12 16:53:50 UTC 2014,0.16,61.15,8,,
Wed Feb 12 16:53:58 UTC 2014,0.16,61.15,8,,
Wed Feb 12 16:54:13 UTC 2014,0.0046,58.7,8,,
Wed Feb 12 16:54:22 UTC 2014,0.0046,58.7,8,,
Wed Feb 12 16:54:39 UTC 2014,0.0023,63.7,8,,
Wed Feb 12 16:54:52 UTC 2014,0.0023,63.7,8,,
Wed Feb 12 16:55:05 UTC 2014,0.0175,68.45,8,,
Wed Feb 12 16:55:18 UTC 2014,0.0175,68.45,8,,
Wed Feb 12 16:55:26 UTC 2014,0.0175,68.45,8,,
Wed Feb 12 16:55:34 UTC 2014,0.0175,68.45,8,,
Wed Feb 12 16:55:43 UTC 2014,0.0175,68.45,8,,
Wed Feb 12 16:55:49 UTC 2014,0.0088,51.75,8,DataNodeServiceUnit_scaleOut,DataNodeServiceUnit
Wed Feb 12 16:56:09 UTC 2014,0.0088,51.75,8,DataNodeServiceUnit_scaleOut,DataNodeServiceUnit
Wed Feb 12 16:56:23 UTC 2014,0.12,41.8,8,DataNodeServiceUnit_scaleOut,DataNodeServiceUnit
Wed Feb 12 16:56:34 UTC 2014,0.12,41.8,8,DataNodeServiceUnit_scaleOut,DataNodeServiceUnit
Wed Feb 12 16:56:48 UTC 2014,0.0043,37.3,8,DataNodeServiceUnit_scaleOut,DataNodeServiceUnit
Wed Feb 12 16:57:00 UTC 2014,0.0043,37.3,8,DataNodeServiceUnit_scaleOut,DataNodeServiceUnit
Wed Feb 12 16:57:12 UTC 2014,0.0107,45.4,8,DataNodeServiceUnit_scaleOut,DataNodeServiceUnit
Wed Feb 12 16:57:27 UTC 2014,0.012,45.4,9,,
Wed Feb 12 16:57:36 UTC 2014,1.08,31.1,9,,
Wed Feb 12 16:57:55 UTC 2014,1.08,31.1,9,,
Wed Feb 12 16:58:03 UTC 2014,1.08,53.4,9,,
Wed Feb 12 16:58:22 UTC 2014,1.08,53.4,9,,
Wed Feb 12 16:58:31 UTC 2014,1.08,54.2,9,,
Wed Feb 12 16:58:46 UTC 2014,1.08,54.2,9,,
Wed Feb 12 16:59:03 UTC 2014,1.08,49.15,9,,
Wed Feb 12 16:59:14 UTC 2014,1.08,49.15,9,,
Wed Feb 12 16:59:29 UTC 2014,1.08,52,9,,
Wed Feb 12 16:59:39 UTC 2014,1.08,52,9,,
Wed Feb 12 16:59:55 UTC 2014,1.08,40.7,9,,
Wed Feb 12 17:00:03 UTC 2014,1.08,40.7,9,,
Wed Feb 12 17:00:15 UTC 2014,1.08,40.7,9,,
Wed Feb 12 17:00:26 UTC 2014,1.08,40.7,9,,
Wed Feb 12 17:00:32 UTC 2014,1.08,40.7,9,,
Wed Feb 12 17:00:45 UTC 2014,1.08,37.2,9,EventProcessingServiceUnit_scaleIn,EventProcessingServiceUnit
Wed Feb 12 17:01:00 UTC 2014,1.08,37.2,9,EventProcessingServiceUnit_scaleIn,EventProcessingServiceUnit
Wed Feb 12 17:01:10 UTC 2014,1.08,36.4,9,EventProcessingServiceUnit_scaleIn,EventProcessingServiceUnit
Wed Feb 12 17:01:24 UTC 2014,1.08,36.4,9,EventProcessingServiceUnit_scaleIn,EventProcessingServiceUnit
Wed Feb 12 17:01:33 UTC 2014,1.08,40.225,9,EventProcessingServiceUnit_scaleIn,EventProcessingServiceUnit
Wed Feb 12 17:01:44 UTC 2014,1.08,40.225,9,EventProcessingServiceUnit_scaleIn,EventProcessingServiceUnit
Wed Feb 12 17:02:01 UTC 2014,1.08,43.075,9,EventProcessingServiceUnit_scaleIn,EventProcessingServiceUnit
Wed Feb 12 17:02:09 UTC 2014,1.08,43.075,9,EventProcessingServiceUnit_scaleIn,EventProcessingServiceUnit
Wed Feb 12 17:02:21 UTC 2014,1.08,43.775,9,EventProcessingServiceUnit_scaleIn,EventProcessingServiceUnit
Wed Feb 12 17:02:36 UTC 2014,0.022,43.775,9,EventProcessingServiceUnit_scaleIn,EventProcessingServiceUnit
Wed Feb 12 17:02:45 UTC 2014,0.022,43.775,9,EventProcessingServiceUnit_scaleIn,EventProcessingServiceUnit
Wed Feb 12 17:02:58 UTC 2014,0.0164,52.175,9,EventProcessingServiceUnit_scaleIn,EventProcessingServiceUnit
Wed Feb 12 17:03:08 UTC 2014,0.0164,52.175,9,EventProcessingServiceUnit_scaleIn,EventProcessingServiceUnit
Wed Feb 12 17:03:21 UTC 2014,0.0164,52.175,9,EventProcessingServiceUnit_scaleIn,EventProcessingServiceUnit
Wed Feb 12 17:03:34 UTC 2014,0.0088,48.325,8,,
Wed Feb 12 17:03:46 UTC 2014,0.0088,48.325,8,,
Wed Feb 12 17:04:01 UTC 2014,0.0088,48.325,8,,
Wed Feb 12 17:04:09 UTC 2014,0.0069,55.675,8,,
Wed Feb 12 17:04:23 UTC 2014,0.0069,55.675,8,,
Wed Feb 12 17:04:30 UTC 2014,0.0089,52.175,8,,
Wed Feb 12 17:04:40 UTC 2014,0.0089,52.175,8,,
Wed Feb 12 17:04:48 UTC 2014,0.0089,52.175,8,EventProcessingServiceUnit_scaleOut,EventProcessingServiceUnit
Wed Feb 12 17:04:58 UTC 2014,0.0048,52.5,8,EventProcessingServiceUnit_scaleOut,EventProcessingServiceUnit
Wed Feb 12 17:05:08 UTC 2014,0.0048,52.5,8,EventProcessingServiceUnit_scaleOut,EventProcessingServiceUnit
Wed Feb 12 17:05:20 UTC 2014,0.0048,52.5,8,EventProcessingServiceUnit_scaleOut,EventProcessingServiceUnit
Wed Feb 12 17:05:30 UTC 2014,0.0048,52.5,8,EventProcessingServiceUnit_scaleOut,EventProcessingServiceUnit
Wed Feb 12 17:05:43 UTC 2014,0.0229,54.075,8,EventProcessingServiceUnit_scaleOut,EventProcessingServiceUnit
Wed Feb 12 17:06:00 UTC 2014,0.0036,59.925,9,,
Wed Feb 12 17:06:07 UTC 2014,0.0036,59.925,9,,
Wed Feb 12 17:06:17 UTC 2014,0.0036,59.925,9,,
Wed Feb 12 17:06:30 UTC 2014,0.0036,59.925,9,,
Wed Feb 12 17:06:39 UTC 2014,0.0036,59.925,9,,
Wed Feb 12 17:06:46 UTC 2014,0.0036,59.925,9,,
Wed Feb 12 17:06:57 UTC 2014,0.0066,67.35,9,,
Wed Feb 12 17:07:08 UTC 2014,0.0066,67.35,9,,
Wed Feb 12 17:07:18 UTC 2014,1.08,36.7,9,,
Wed Feb 12 17:07:28 UTC 2014,1.08,36.7,9,,
Wed Feb 12 17:07:39 UTC 2014,0.0059,50.425,9,,
Wed Feb 12 17:07:48 UTC 2014,0.0059,50.425,9,,
Wed Feb 12 17:07:57 UTC 2014,0.0059,50.425,9,,
Wed Feb 12 17:08:05 UTC 2014,0.0065,55.125,9,,
Wed Feb 12 17:08:10 UTC 2014,0.0065,55.125,9,,
Wed Feb 12 17:08:17 UTC 2014,0.0065,55.125,9,,
Wed Feb 12 17:08:25 UTC 2014,0.0045,51.625,9,,
Wed Feb 12 17:08:36 UTC 2014,0.0045,51.625,9,,
Wed Feb 12 17:08:43 UTC 2014,0.0045,51.625,9,,
Wed Feb 12 17:08:49 UTC 2014,0.0022,60.425,9,,
Wed Feb 12 17:09:07 UTC 2014,0.0022,60.425,9,,
Wed Feb 12 17:09:13 UTC 2014,0.0022,60.425,9,,
Wed Feb 12 17:09:20 UTC 2014,0.0022,60.425,9,,
Wed Feb 12 17:09:26 UTC 2014,0.0022,60.425,9,,
Wed Feb 12 17:09:40 UTC 2014,0.0059,55.075,9,,
Wed Feb 12 17:09:47 UTC 2014,0.0059,55.075,9,,
Wed Feb 12 17:09:57 UTC 2014,0.0059,55.075,9,,
Wed Feb 12 17:10:03 UTC 2014,0.0372,61.125,9,,
Wed Feb 12 17:10:14 UTC 2014,0.0372,61.125,9,,
Wed Feb 12 17:10:25 UTC 2014,0.0372,61.125,9,,
Wed Feb 12 17:10:35 UTC 2014,0.006,52.825,9,,
Wed Feb 12 17:10:44 UTC 2014,0.006,52.825,9,,
Wed Feb 12 17:10:50 UTC 2014,0.006,52.825,9,,
Wed Feb 12 17:10:58 UTC 2014,0.006,52.825,9,,
Wed Feb 12 17:11:09 UTC 2014,0.006,52.825,9,,
Wed Feb 12 17:11:18 UTC 2014,0.0514,53.975,9,,
Wed Feb 12 17:11:34 UTC 2014,0.0514,53.975,9,,
Wed Feb 12 17:11:41 UTC 2014,0.0514,53.975,9,EventProcessingServiceUnit_scaleIn,EventProcessingServiceUnit
Wed Feb 12 17:11:56 UTC 2014,0.0212,45.325,9,EventProcessingServiceUnit_scaleIn,EventProcessingServiceUnit
Wed Feb 12 17:12:04 UTC 2014,0.0212,45.325,9,EventProcessingServiceUnit_scaleIn,EventProcessingServiceUnit
Wed Feb 12 17:12:14 UTC 2014,0.0212,45.325,9,EventProcessingServiceUnit_scaleIn,EventProcessingServiceUnit
Wed Feb 12 17:12:28 UTC 2014,0.0245,51.725,9,EventProcessingServiceUnit_scaleIn,EventProcessingServiceUnit
Wed Feb 12 17:12:37 UTC 2014,0.0245,51.725,9,EventProcessingServiceUnit_scaleIn,EventProcessingServiceUnit
Wed Feb 12 17:12:47 UTC 2014,0.0119,44.675,9,EventProcessingServiceUnit_scaleIn,EventProcessingServiceUnit
Wed Feb 12 17:12:57 UTC 2014,0.0119,44.675,9,EventProcessingServiceUnit_scaleIn,EventProcessingServiceUnit
Wed Feb 12 17:13:06 UTC 2014,0.0119,44.675,9,EventProcessingServiceUnit_scaleIn,EventProcessingServiceUnit
Wed Feb 12 17:13:17 UTC 2014,0.0119,44.675,9,EventProcessingServiceUnit_scaleIn,EventProcessingServiceUnit
Wed Feb 12 17:13:26 UTC 2014,0.0119,44.675,9,EventProcessingServiceUnit_scaleIn,EventProcessingServiceUnit
Wed Feb 12 17:13:37 UTC 2014,0.0568,46.725,9,EventProcessingServiceUnit_scaleIn,EventProcessingServiceUnit
Wed Feb 12 17:13:46 UTC 2014,0.0568,46.725,9,EventProcessingServiceUnit_scaleIn,EventProcessingServiceUnit
Wed Feb 12 17:13:57 UTC 2014,1.08,42.6,9,EventProcessingServiceUnit_scaleIn,EventProcessingServiceUnit
Wed Feb 12 17:14:08 UTC 2014,1.08,42.6,9,EventProcessingServiceUnit_scaleIn,EventProcessingServiceUnit
Wed Feb 12 17:14:18 UTC 2014,0.0253,45.875,8,,
Wed Feb 12 17:14:26 UTC 2014,0.0253,45.875,8,,
Wed Feb 12 17:14:35 UTC 2014,0.0253,45.875,8,,
Wed Feb 12 17:14:45 UTC 2014,0.0253,45.875,8,,
Wed Feb 12 17:14:58 UTC 2014,0.0253,45.875,8,,
Wed Feb 12 17:15:12 UTC 2014,0.0139,47.425,8,,
Wed Feb 12 17:15:19 UTC 2014,0.0139,47.425,8,,
Wed Feb 12 17:15:29 UTC 2014,0.0051,52.625,8,,
Wed Feb 12 17:15:45 UTC 2014,0.0051,52.625,8,,
Wed Feb 12 17:15:53 UTC 2014,0.0051,52.625,8,,
Wed Feb 12 17:16:02 UTC 2014,0.96,51.775,8,,
Wed Feb 12 17:16:15 UTC 2014,0.96,51.775,8,,
Wed Feb 12 17:16:28 UTC 2014,0.96,51.775,8,,
Wed Feb 12 17:16:36 UTC 2014,0.96,51.775,8,,
Wed Feb 12 17:16:42 UTC 2014,0.08,58.075,8,,
Wed Feb 12 17:16:53 UTC 2014,0.08,58.075,8,,
Wed Feb 12 17:17:06 UTC 2014,0.0026,56,8,,
Wed Feb 12 17:17:15 UTC 2014,0.0026,56,8,,
Wed Feb 12 17:17:31 UTC 2014,0.0074,57.325,8,,
Wed Feb 12 17:17:45 UTC 2014,0.0074,57.325,8,,
Wed Feb 12 17:17:55 UTC 2014,0.96,54.975,8,,
Wed Feb 12 17:18:01 UTC 2014,0.96,54.975,8,,
Wed Feb 12 17:18:14 UTC 2014,0.0027,55.9,8,,
Wed Feb 12 17:18:26 UTC 2014,0.0027,55.9,8,,
Wed Feb 12 17:18:33 UTC 2014,0.0027,55.9,8,,
Wed Feb 12 17:18:50 UTC 2014,0.0027,55.9,8,,
Wed Feb 12 17:18:58 UTC 2014,0.0067,54.6,8,EventProcessingServiceUnit_scaleOut,EventProcessingServiceUnit
Wed Feb 12 17:19:18 UTC 2014,0.0067,54.6,8,EventProcessingServiceUnit_scaleOut,EventProcessingServiceUnit
Wed Feb 12 17:19:28 UTC 2014,0.0048,57.6,8,EventProcessingServiceUnit_scaleOut,EventProcessingServiceUnit
Wed Feb 12 17:19:45 UTC 2014,0.0048,57.6,8,EventProcessingServiceUnit_scaleOut,EventProcessingServiceUnit
Wed Feb 12 17:19:57 UTC 2014,0.0024,56.925,8,EventProcessingServiceUnit_scaleOut,EventProcessingServiceUnit
Wed Feb 12 17:20:14 UTC 2014,0.0024,56.925,8,,
Wed Feb 12 17:20:24 UTC 2014,0.0119,55.625,9,,
Wed Feb 12 17:20:36 UTC 2014,0.0119,55.625,9,,
Wed Feb 12 17:20:45 UTC 2014,0.0119,55.625,9,,
Wed Feb 12 17:20:56 UTC 2014,0.0119,55.625,9,,
Wed Feb 12 17:21:10 UTC 2014,0.0115,51.775,9,,
Wed Feb 12 17:21:17 UTC 2014,0.0115,51.775,9,,
Wed Feb 12 17:21:29 UTC 2014,0.0115,51.775,9,,
Wed Feb 12 17:21:37 UTC 2014,0.008,53.15,9,,
Wed Feb 12 17:21:52 UTC 2014,0.008,53.15,9,,
Wed Feb 12 17:22:03 UTC 2014,0.008,53.15,9,,
Wed Feb 12 17:22:13 UTC 2014,1.08,50.375,9,,
Wed Feb 12 17:22:22 UTC 2014,1.08,50.375,9,,
Wed Feb 12 17:22:34 UTC 2014,1.08,50.375,9,,
Wed Feb 12 17:22:46 UTC 2014,0.0771,38.25,9,,
Wed Feb 12 17:22:58 UTC 2014,0.0771,38.25,9,,
Wed Feb 12 17:23:09 UTC 2014,0.0771,38.25,9,,
Wed Feb 12 17:23:16 UTC 2014,1.08,44.175,9,,
Wed Feb 12 17:23:28 UTC 2014,1.08,44.175,9,,
Wed Feb 12 17:23:35 UTC 2014,1.08,44.175,9,,
Wed Feb 12 17:23:42 UTC 2014,1.08,44.175,9,,
Wed Feb 12 17:23:55 UTC 2014,1.08,44.175,9,,
Wed Feb 12 17:24:02 UTC 2014,1.08,40.25,9,,
Wed Feb 12 17:24:12 UTC 2014,1.08,40.25,9,,
Wed Feb 12 17:24:22 UTC 2014,1.08,40.25,9,,
Wed Feb 12 17:24:29 UTC 2014,1.08,46.625,9,,
Wed Feb 12 17:24:36 UTC 2014,1.08,46.625,9,,
Wed Feb 12 17:24:47 UTC 2014,1.08,46.625,9,,
Wed Feb 12 17:25:00 UTC 2014,1.08,48.625,9,,
Wed Feb 12 17:25:07 UTC 2014,1.08,48.625,9,,
Wed Feb 12 17:25:21 UTC 2014,1.08,49.8,9,,
Wed Feb 12 17:25:36 UTC 2014,1.08,49.8,9,EventProcessingServiceUnit_scaleIn,EventProcessingServiceUnit
Wed Feb 12 17:25:47 UTC 2014,1.08,49.8,9,EventProcessingServiceUnit_scaleIn,EventProcessingServiceUnit
Wed Feb 12 17:25:59 UTC 2014,1.08,49.8,9,EventProcessingServiceUnit_scaleIn,EventProcessingServiceUnit
Wed Feb 12 17:26:14 UTC 2014,1.08,49.8,9,EventProcessingServiceUnit_scaleIn,EventProcessingServiceUnit
Wed Feb 12 17:26:26 UTC 2014,0.004,56.175,9,EventProcessingServiceUnit_scaleIn,EventProcessingServiceUnit
Wed Feb 12 17:26:38 UTC 2014,0.004,56.175,9,EventProcessingServiceUnit_scaleIn,EventProcessingServiceUnit
Wed Feb 12 17:26:48 UTC 2014,0.0277,57.575,9,EventProcessingServiceUnit_scaleIn,EventProcessingServiceUnit
Wed Feb 12 17:26:58 UTC 2014,0.0277,57.575,9,EventProcessingServiceUnit_scaleIn,EventProcessingServiceUnit
Wed Feb 12 17:27:08 UTC 2014,0.0277,57.575,9,EventProcessingServiceUnit_scaleIn,EventProcessingServiceUnit
Wed Feb 12 17:27:20 UTC 2014,1.08,47.675,9,EventProcessingServiceUnit_scaleIn,EventProcessingServiceUnit
Wed Feb 12 17:27:29 UTC 2014,1.08,47.675,9,EventProcessingServiceUnit_scaleIn,EventProcessingServiceUnit
Wed Feb 12 17:27:39 UTC 2014,0.0104,54.225,9,EventProcessingServiceUnit_scaleIn,EventProcessingServiceUnit
Wed Feb 12 17:27:50 UTC 2014,0.0104,54.225,9,EventProcessingServiceUnit_scaleIn,EventProcessingServiceUnit
Wed Feb 12 17:28:01 UTC 2014,0.0104,54.225,9,EventProcessingServiceUnit_scaleIn,EventProcessingServiceUnit
Wed Feb 12 17:28:14 UTC 2014,0.0104,54.225,9,EventProcessingServiceUnit_scaleIn,EventProcessingServiceUnit
Wed Feb 12 17:28:26 UTC 2014,0.0104,54.225,9,EventProcessingServiceUnit_scaleIn,EventProcessingServiceUnit
Wed Feb 12 17:28:36 UTC 2014,0.0057,54.775,9,,
Wed Feb 12 17:28:49 UTC 2014,0.0037,55.325,8,,
Wed Feb 12 17:29:04 UTC 2014,0.0037,55.325,8,,
Wed Feb 12 17:29:14 UTC 2014,0.0229,53.3,8,,
Wed Feb 12 17:29:27 UTC 2014,0.0229,53.3,8,,
Wed Feb 12 17:29:36 UTC 2014,0.0229,53.3,8,,
Wed Feb 12 17:29:47 UTC 2014,0.0229,53.3,8,,
Wed Feb 12 17:30:00 UTC 2014,0.0229,53.3,8,,
Wed Feb 12 17:30:08 UTC 2014,0.0026,55.575,8,,
Wed Feb 12 17:30:21 UTC 2014,0.0026,55.575,8,,
Wed Feb 12 17:30:32 UTC 2014,0.96,50.825,8,,
Wed Feb 12 17:30:40 UTC 2014,0.96,50.825,8,,
Wed Feb 12 17:30:46 UTC 2014,0.96,50.825,8,,
Wed Feb 12 17:30:55 UTC 2014,0.0032,45.925,8,,
Wed Feb 12 17:31:03 UTC 2014,0.0032,45.925,8,EventProcessingServiceUnit_scaleIn,EventProcessingServiceUnit
Wed Feb 12 17:31:23 UTC 2014,0.0384,48.575,8,EventProcessingServiceUnit_scaleIn,EventProcessingServiceUnit
Wed Feb 12 17:31:32 UTC 2014,0.0384,48.575,8,EventProcessingServiceUnit_scaleIn,EventProcessingServiceUnit
Wed Feb 12 17:31:42 UTC 2014,0.0384,48.575,8,EventProcessingServiceUnit_scaleIn,EventProcessingServiceUnit
Wed Feb 12 17:31:51 UTC 2014,0.0048,42.75,8,EventProcessingServiceUnit_scaleIn,EventProcessingServiceUnit
Wed Feb 12 17:32:02 UTC 2014,0.0048,42.75,8,EventProcessingServiceUnit_scaleIn,EventProcessingServiceUnit
Wed Feb 12 17:32:13 UTC 2014,0.96,42.35,8,EventProcessingServiceUnit_scaleIn,EventProcessingServiceUnit
Wed Feb 12 17:32:23 UTC 2014,0.96,42.35,8,EventProcessingServiceUnit_scaleIn,EventProcessingServiceUnit
Wed Feb 12 17:32:33 UTC 2014,0.96,32.3,8,EventProcessingServiceUnit_scaleIn,EventProcessingServiceUnit
Wed Feb 12 17:32:43 UTC 2014,0.96,32.3,8,EventProcessingServiceUnit_scaleIn,EventProcessingServiceUnit
Wed Feb 12 17:32:54 UTC 2014,0.96,32.3,8,EventProcessingServiceUnit_scaleIn,EventProcessingServiceUnit
Wed Feb 12 17:33:04 UTC 2014,0.96,41.95,8,EventProcessingServiceUnit_scaleIn,EventProcessingServiceUnit
Wed Feb 12 17:33:13 UTC 2014,0.96,41.95,8,EventProcessingServiceUnit_scaleIn,EventProcessingServiceUnit
Wed Feb 12 17:33:23 UTC 2014,0.96,43.65,8,EventProcessingServiceUnit_scaleIn,EventProcessingServiceUnit
Wed Feb 12 17:33:32 UTC 2014,0.96,43.65,8,EventProcessingServiceUnit_scaleIn,EventProcessingServiceUnit
Wed Feb 12 17:33:42 UTC 2014,0.96,50,8,EventProcessingServiceUnit_scaleIn,EventProcessingServiceUnit
Wed Feb 12 17:33:52 UTC 2014,0.96,50,8,,
Wed Feb 12 17:34:01 UTC 2014,0.84,50,7,,
Wed Feb 12 17:34:09 UTC 2014,0.0262,46.225,7,,
Wed Feb 12 17:34:25 UTC 2014,0.0262,46.225,7,,
Wed Feb 12 17:34:46 UTC 2014,0.0089,43.975,7,,
Wed Feb 12 17:34:59 UTC 2014,0.042,53.75,7,,
Wed Feb 12 17:35:14 UTC 2014,0.042,53.75,7,,
Wed Feb 12 17:35:21 UTC 2014,0.042,53.75,7,,
Wed Feb 12 17:35:40 UTC 2014,0.0187,57.825,7,,
Wed Feb 12 17:35:55 UTC 2014,0.0187,57.825,7,,
Wed Feb 12 17:36:06 UTC 2014,0.0031,54.425,7,,
Wed Feb 12 17:36:18 UTC 2014,0.0055,47.625,7,,
Wed Feb 12 17:36:33 UTC 2014,0.0055,47.625,7,,
Wed Feb 12 17:36:41 UTC 2014,0.0055,47.625,7,,
Wed Feb 12 17:36:48 UTC 2014,0.0055,47.625,7,,
Wed Feb 12 17:36:54 UTC 2014,0.0031,52.325,7,,
Wed Feb 12 17:37:10 UTC 2014,0.0046,52.35,7,,
Wed Feb 12 17:37:22 UTC 2014,0.0046,52.35,7,,
Wed Feb 12 17:37:33 UTC 2014,0.0046,52.35,7,,
Wed Feb 12 17:37:45 UTC 2014,0.0046,52.35,7,EventProcessingServiceUnit_scaleOut,EventProcessingServiceUnit
Wed Feb 12 17:37:56 UTC 2014,0.0028,52.1,7,EventProcessingServiceUnit_scaleOut,EventProcessingServiceUnit
Wed Feb 12 17:38:09 UTC 2014,0.0029,53.125,7,EventProcessingServiceUnit_scaleOut,EventProcessingServiceUnit
Wed Feb 12 17:38:23 UTC 2014,0.0029,53.125,7,EventProcessingServiceUnit_scaleOut,EventProcessingServiceUnit
Wed Feb 12 17:38:33 UTC 2014,0.0027,55.4,7,EventProcessingServiceUnit_scaleOut,EventProcessingServiceUnit
Wed Feb 12 17:38:44 UTC 2014,0.0027,55.4,7,EventProcessingServiceUnit_scaleOut,EventProcessingServiceUnit
Wed Feb 12 17:38:57 UTC 2014,0.0024,49.475,7,EventProcessingServiceUnit_scaleOut,EventProcessingServiceUnit
Wed Feb 12 17:39:09 UTC 2014,0.0024,49.475,7,,
Wed Feb 12 17:39:19 UTC 2014,0.0028,49.475,8,,
Wed Feb 12 17:39:29 UTC 2014,0.0028,49.475,8,,
Wed Feb 12 17:39:40 UTC 2014,0.96,56.325,8,,
Wed Feb 12 17:39:51 UTC 2014,0.96,56.325,8,,
Wed Feb 12 17:40:02 UTC 2014,0.04,41.65,8,,
Wed Feb 12 17:40:17 UTC 2014,0.04,41.65,8,,
Wed Feb 12 17:40:24 UTC 2014,0.96,46.425,8,,
Wed Feb 12 17:40:31 UTC 2014,0.96,46.425,8,,
Wed Feb 12 17:40:43 UTC 2014,0.96,46.425,8,,
Wed Feb 12 17:40:53 UTC 2014,0.0101,46.525,8,,
Wed Feb 12 17:41:06 UTC 2014,0.0101,46.525,8,,
Wed Feb 12 17:41:13 UTC 2014,0.96,46.4,8,,
Wed Feb 12 17:41:25 UTC 2014,0.96,46.4,8,,
Wed Feb 12 17:41:38 UTC 2014,0.96,46.4,8,,
Wed Feb 12 17:41:46 UTC 2014,0.96,46.4,8,,
Wed Feb 12 17:41:53 UTC 2014,0.96,46.4,8,,
Wed Feb 12 17:42:09 UTC 2014,0.96,46.4,8,,
Wed Feb 12 17:42:16 UTC 2014,0.96,41.05,8,,
Wed Feb 12 17:42:26 UTC 2014,0.96,41.05,8,,
Wed Feb 12 17:42:38 UTC 2014,0.0101,44.25,8,,
Wed Feb 12 17:42:48 UTC 2014,0.0101,44.25,8,,
Wed Feb 12 17:43:01 UTC 2014,0.0126,41.475,8,,
Wed Feb 12 17:43:08 UTC 2014,0.0126,41.475,8,,
Wed Feb 12 17:43:18 UTC 2014,0.0126,41.475,8,,
Wed Feb 12 17:43:28 UTC 2014,0.012,41.775,8,,
Wed Feb 12 17:43:39 UTC 2014,0.012,41.775,8,,
Wed Feb 12 17:43:52 UTC 2014,0.0061,38.475,8,DataNodeServiceUnit_scaleOut,DataNodeServiceUnit
Wed Feb 12 17:44:11 UTC 2014,0.0061,38.475,8,DataNodeServiceUnit_scaleOut,DataNodeServiceUnit
Wed Feb 12 17:44:21 UTC 2014,0.0188,53.675,8,DataNodeServiceUnit_scaleOut,DataNodeServiceUnit
Wed Feb 12 17:44:32 UTC 2014,0.0188,53.675,8,DataNodeServiceUnit_scaleOut,DataNodeServiceUnit
Wed Feb 12 17:44:44 UTC 2014,0.0218,55.675,8,DataNodeServiceUnit_scaleOut,DataNodeServiceUnit
Wed Feb 12 17:44:54 UTC 2014,0.0218,55.675,8,DataNodeServiceUnit_scaleOut,DataNodeServiceUnit
Wed Feb 12 17:45:05 UTC 2014,0.0218,55.675,8,DataNodeServiceUnit_scaleOut,DataNodeServiceUnit
Wed Feb 12 17:45:15 UTC 2014,0.0121,56.975,9,,
Wed Feb 12 17:45:23 UTC 2014,0.0121,56.975,9,,
Wed Feb 12 17:45:41 UTC 2014,1.08,57,9,,
Wed Feb 12 17:45:52 UTC 2014,1.08,57,9,,
Wed Feb 12 17:46:05 UTC 2014,1.08,57,9,,
Wed Feb 12 17:46:22 UTC 2014,0.0099,46.25,9,,
Wed Feb 12 17:46:38 UTC 2014,0.0099,46.25,9,,
Wed Feb 12 17:46:46 UTC 2014,0.0099,46.25,9,,
Wed Feb 12 17:46:53 UTC 2014,0.0073,59.2167,9,,
Wed Feb 12 17:47:06 UTC 2014,0.0073,59.2167,9,,
Wed Feb 12 17:47:13 UTC 2014,0.0073,59.2167,9,,
Wed Feb 12 17:47:28 UTC 2014,0.0035,55.9167,9,,
Wed Feb 12 17:47:36 UTC 2014,0.0035,55.9167,9,,
Wed Feb 12 17:47:41 UTC 2014,0.0035,55.9167,9,,
Wed Feb 12 17:47:53 UTC 2014,0.0038,57.9833,9,,
Wed Feb 12 17:48:05 UTC 2014,0.0038,57.9833,9,,
Wed Feb 12 17:48:15 UTC 2014,0.0038,57.9833,9,,
Wed Feb 12 17:48:26 UTC 2014,0.0038,57.9833,9,,
Wed Feb 12 17:48:39 UTC 2014,0.0038,57.9833,9,,
Wed Feb 12 17:48:47 UTC 2014,0.0039,48.7,9,,
Wed Feb 12 17:48:53 UTC 2014,0.0039,48.7,9,,
Wed Feb 12 17:49:01 UTC 2014,0.0039,48.7,9,,
Wed Feb 12 17:49:09 UTC 2014,1.08,46.6,9,,
Wed Feb 12 17:49:25 UTC 2014,1.08,46.6,9,,
Wed Feb 12 17:49:43 UTC 2014,0.0072,41.8167,9,,
Wed Feb 12 17:50:00 UTC 2014,0.0072,41.8167,9,EventProcessingServiceUnit_scaleIn,EventProcessingServiceUnit
Wed Feb 12 17:50:09 UTC 2014,0.0072,41.8167,9,EventProcessingServiceUnit_scaleIn,EventProcessingServiceUnit
Wed Feb 12 17:50:20 UTC 2014,1.08,43.1,9,EventProcessingServiceUnit_scaleIn,EventProcessingServiceUnit
Wed Feb 12 17:50:30 UTC 2014,1.08,43.1,9,EventProcessingServiceUnit_scaleIn,EventProcessingServiceUnit
Wed Feb 12 17:50:41 UTC 2014,1.08,43.1,9,EventProcessingServiceUnit_scaleIn,EventProcessingServiceUnit
Wed Feb 12 17:50:53 UTC 2014,1.08,44.6167,9,EventProcessingServiceUnit_scaleIn,EventProcessingServiceUnit
Wed Feb 12 17:51:03 UTC 2014,1.08,44.6167,9,EventProcessingServiceUnit_scaleIn,EventProcessingServiceUnit
Wed Feb 12 17:51:13 UTC 2014,1.08,44.6167,9,EventProcessingServiceUnit_scaleIn,EventProcessingServiceUnit
Wed Feb 12 17:51:28 UTC 2014,0.018,45.55,9,EventProcessingServiceUnit_scaleIn,EventProcessingServiceUnit
Wed Feb 12 17:51:38 UTC 2014,0.018,45.55,9,EventProcessingServiceUnit_scaleIn,EventProcessingServiceUnit
Wed Feb 12 17:51:48 UTC 2014,0.0067,40.7667,9,EventProcessingServiceUnit_scaleIn,EventProcessingServiceUnit
Wed Feb 12 17:51:58 UTC 2014,0.0067,40.7667,9,EventProcessingServiceUnit_scaleIn,EventProcessingServiceUnit
Wed Feb 12 17:52:08 UTC 2014,1.08,42.6833,9,EventProcessingServiceUnit_scaleIn,EventProcessingServiceUnit
Wed Feb 12 17:52:20 UTC 2014,1.08,42.6833,9,EventProcessingServiceUnit_scaleIn,EventProcessingServiceUnit
Wed Feb 12 17:52:31 UTC 2014,1.08,38.3,9,EventProcessingServiceUnit_scaleIn,EventProcessingServiceUnit
Wed Feb 12 17:52:46 UTC 2014,1.08,38.3,9,EventProcessingServiceUnit_scaleIn,EventProcessingServiceUnit
Wed Feb 12 17:52:58 UTC 2014,0.96,38.3,8,,
Wed Feb 12 17:53:10 UTC 2014,0.96,38.3,8,,
Wed Feb 12 17:53:18 UTC 2014,0.96,38.3,8,,
Wed Feb 12 17:53:28 UTC 2014,0.0059,53.2667,8,,
Wed Feb 12 17:53:36 UTC 2014,0.0059,53.2667,8,,
Wed Feb 12 17:53:46 UTC 2014,0.0059,53.2667,8,,
Wed Feb 12 17:53:53 UTC 2014,0.0031,52.5667,8,,
Wed Feb 12 17:54:09 UTC 2014,0.0031,52.5667,8,,
Wed Feb 12 17:54:18 UTC 2014,0.009,54.1167,8,,
Wed Feb 12 17:54:33 UTC 2014,0.009,54.1167,8,,
Wed Feb 12 17:54:40 UTC 2014,0.009,54.1167,8,,
Wed Feb 12 17:54:48 UTC 2014,0.009,54.1167,8,,
Wed Feb 12 17:54:59 UTC 2014,0.009,54.1167,8,,
Wed Feb 12 17:55:06 UTC 2014,0.0047,45.1833,8,,
Wed Feb 12 17:55:18 UTC 2014,0.0047,45.1833,8,,
Wed Feb 12 17:55:33 UTC 2014,0.0047,50.5167,8,,
Wed Feb 12 17:55:52 UTC 2014,0.0047,50.5167,8,,
Wed Feb 12 17:56:00 UTC 2014,0.0057,53.05,8,,
Wed Feb 12 17:56:21 UTC 2014,0.0188,55.4167,8,,
Wed Feb 12 17:56:27 UTC 2014,0.0188,55.4167,8,,
Wed Feb 12 17:56:34 UTC 2014,0.0188,55.4167,8,,
Wed Feb 12 17:56:50 UTC 2014,0.007,47.3833,8,,
Wed Feb 12 17:57:00 UTC 2014,0.007,47.3833,8,,
Wed Feb 12 17:57:11 UTC 2014,0.0039,49.4333,8,,
Wed Feb 12 17:57:24 UTC 2014,0.0039,49.4333,8,,
Wed Feb 12 17:57:37 UTC 2014,0.0039,49.4333,8,EventProcessingServiceUnit_scaleOut,EventProcessingServiceUnit
Wed Feb 12 17:57:55 UTC 2014,0.0039,49.4333,8,EventProcessingServiceUnit_scaleOut,EventProcessingServiceUnit
Wed Feb 12 17:58:06 UTC 2014,0.0075,41.55,8,EventProcessingServiceUnit_scaleOut,EventProcessingServiceUnit
Wed Feb 12 17:58:18 UTC 2014,0.0075,41.55,8,EventProcessingServiceUnit_scaleOut,EventProcessingServiceUnit
Wed Feb 12 17:58:27 UTC 2014,0.96,42.1167,8,EventProcessingServiceUnit_scaleOut,EventProcessingServiceUnit
Wed Feb 12 17:58:39 UTC 2014,0.96,42.1167,8,EventProcessingServiceUnit_scaleOut,EventProcessingServiceUnit
Wed Feb 12 17:58:49 UTC 2014,0.96,42.1167,8,EventProcessingServiceUnit_scaleOut,EventProcessingServiceUnit
Wed Feb 12 17:58:58 UTC 2014,0.96,38.4,8,,
Wed Feb 12 17:59:06 UTC 2014,0.96,38.4,8,,
Wed Feb 12 17:59:17 UTC 2014,1.08,41.9667,9,,
Wed Feb 12 17:59:28 UTC 2014,1.08,41.9667,9,,
Wed Feb 12 17:59:43 UTC 2014,1.08,41.9667,9,,
Wed Feb 12 17:59:52 UTC 2014,1.08,41.9667,9,,
Wed Feb 12 17:59:59 UTC 2014,1.08,41.9667,9,,
Wed Feb 12 18:00:06 UTC 2014,1.08,45.5833,9,,
Wed Feb 12 18:00:17 UTC 2014,1.08,45.5833,9,,
Wed Feb 12 18:00:28 UTC 2014,1.08,45.5833,9,,
Wed Feb 12 18:00:34 UTC 2014,1.08,45.5833,9,,
Wed Feb 12 18:00:40 UTC 2014,1.08,42.05,9,,
Wed Feb 12 18:00:48 UTC 2014,1.08,42.05,9,,
Wed Feb 12 18:01:04 UTC 2014,0.0108,39.7833,9,,
Wed Feb 12 18:01:14 UTC 2014,0.0108,39.7833,9,,
Wed Feb 12 18:01:27 UTC 2014,0.0108,39.7833,9,,
Wed Feb 12 18:01:34 UTC 2014,1.08,44.95,9,,
Wed Feb 12 18:01:44 UTC 2014,1.08,44.95,9,,
Wed Feb 12 18:01:57 UTC 2014,1.08,44.95,9,,
Wed Feb 12 18:02:04 UTC 2014,0.0048,50.6833,9,DataNodeServiceUnit_scaleIn,DataNodeServiceUnit
Wed Feb 12 18:02:16 UTC 2014,0.0048,50.6833,9,DataNodeServiceUnit_scaleIn,DataNodeServiceUnit
Wed Feb 12 18:02:29 UTC 2014,0.0048,50.6833,9,DataNodeServiceUnit_scaleIn,DataNodeServiceUnit
Wed Feb 12 18:02:39 UTC 2014,0.0036,52.3333,9,DataNodeServiceUnit_scaleIn,DataNodeServiceUnit
Wed Feb 12 18:02:55 UTC 2014,0.0036,52.3333,9,DataNodeServiceUnit_scaleIn,DataNodeServiceUnit
Wed Feb 12 18:03:06 UTC 2014,0.0031,51.9667,9,DataNodeServiceUnit_scaleIn,DataNodeServiceUnit
Wed Feb 12 18:03:19 UTC 2014,0.0031,51.9667,9,DataNodeServiceUnit_scaleIn,DataNodeServiceUnit
Wed Feb 12 18:03:30 UTC 2014,0.0031,51.9667,9,DataNodeServiceUnit_scaleIn,DataNodeServiceUnit
Wed Feb 12 18:03:40 UTC 2014,0.0212,49.85,9,DataNodeServiceUnit_scaleIn,DataNodeServiceUnit
Wed Feb 12 18:03:55 UTC 2014,0.0044,55.125,9,DataNodeServiceUnit_scaleIn,DataNodeServiceUnit
Wed Feb 12 18:04:09 UTC 2014,0.0044,55.125,9,DataNodeServiceUnit_scaleIn,DataNodeServiceUnit
Wed Feb 12 18:04:17 UTC 2014,0.0044,55.125,9,DataNodeServiceUnit_scaleIn,DataNodeServiceUnit
Wed Feb 12 18:04:30 UTC 2014,0.0034,69.225,9,DataNodeServiceUnit_scaleIn,DataNodeServiceUnit
Wed Feb 12 18:04:40 UTC 2014,0.0034,69.225,9,DataNodeServiceUnit_scaleIn,DataNodeServiceUnit
Wed Feb 12 18:04:50 UTC 2014,0.0034,55.625,9,DataNodeServiceUnit_scaleIn,DataNodeServiceUnit
Wed Feb 12 18:05:03 UTC 2014,0.0034,55.625,9,DataNodeServiceUnit_scaleIn,DataNodeServiceUnit
Wed Feb 12 18:05:15 UTC 2014,0.0059,57.6,9,DataNodeServiceUnit_scaleIn,DataNodeServiceUnit
Wed Feb 12 18:05:25 UTC 2014,0.0059,57.6,9,DataNodeServiceUnit_scaleIn,DataNodeServiceUnit
Wed Feb 12 18:05:38 UTC 2014,0.0041,53,9,DataNodeServiceUnit_scaleIn,DataNodeServiceUnit
Wed Feb 12 18:05:51 UTC 2014,0.0041,53,9,DataNodeServiceUnit_scaleIn,DataNodeServiceUnit
Wed Feb 12 18:06:02 UTC 2014,0.0041,52.5,9,DataNodeServiceUnit_scaleIn,DataNodeServiceUnit
Wed Feb 12 18:06:12 UTC 2014,0.36,52.5,9,DataNodeServiceUnit_scaleIn,DataNodeServiceUnit
Wed Feb 12 18:06:22 UTC 2014,0.36,52.5,8,DataNodeServiceUnit_scaleIn,DataNodeServiceUnit
Wed Feb 12 18:06:36 UTC 2014,0.32,52.5,8,,
Wed Feb 12 18:06:43 UTC 2014,0.32,52.5,8,,
Wed Feb 12 18:06:55 UTC 2014,0.96,40.95,8,,
Wed Feb 12 18:07:01 UTC 2014,0.96,40.95,8,,
Wed Feb 12 18:07:16 UTC 2014,0.96,40.95,8,,
Wed Feb 12 18:07:23 UTC 2014,0.96,49.875,8,DataNodeServiceUnit_scaleIn,DataNodeServiceUnit
Wed Feb 12 18:07:33 UTC 2014,0.96,49.875,8,DataNodeServiceUnit_scaleIn,DataNodeServiceUnit
Wed Feb 12 18:07:50 UTC 2014,0.96,43.35,8,DataNodeServiceUnit_scaleIn,DataNodeServiceUnit
Wed Feb 12 18:07:59 UTC 2014,0.96,43.35,8,DataNodeServiceUnit_scaleIn,DataNodeServiceUnit
Wed Feb 12 18:08:14 UTC 2014,0.96,43.35,8,DataNodeServiceUnit_scaleIn,DataNodeServiceUnit
Wed Feb 12 18:08:23 UTC 2014,0.96,42.975,8,DataNodeServiceUnit_scaleIn,DataNodeServiceUnit
Wed Feb 12 18:08:36 UTC 2014,0.96,42.975,8,DataNodeServiceUnit_scaleIn,DataNodeServiceUnit
Wed Feb 12 18:08:50 UTC 2014,0.96,43.275,8,DataNodeServiceUnit_scaleIn,DataNodeServiceUnit
Wed Feb 12 18:09:07 UTC 2014,0.0253,48.225,8,DataNodeServiceUnit_scaleIn,DataNodeServiceUnit
Wed Feb 12 18:09:18 UTC 2014,0.0253,48.225,8,DataNodeServiceUnit_scaleIn,DataNodeServiceUnit
Wed Feb 12 18:09:30 UTC 2014,0.0253,48.225,8,DataNodeServiceUnit_scaleIn,DataNodeServiceUnit
Wed Feb 12 18:09:41 UTC 2014,0.96,39.3,8,DataNodeServiceUnit_scaleIn,DataNodeServiceUnit
Wed Feb 12 18:09:57 UTC 2014,0.96,39.3,8,DataNodeServiceUnit_scaleIn,DataNodeServiceUnit
Wed Feb 12 18:10:08 UTC 2014,0.96,39.3,8,DataNodeServiceUnit_scaleIn,DataNodeServiceUnit
Wed Feb 12 18:10:18 UTC 2014,0.0088,51.75,8,DataNodeServiceUnit_scaleIn,DataNodeServiceUnit
Wed Feb 12 18:10:29 UTC 2014,0.0873,50.3,8,DataNodeServiceUnit_scaleIn,DataNodeServiceUnit
Wed Feb 12 18:10:44 UTC 2014,0.0873,50.3,8,DataNodeServiceUnit_scaleIn,DataNodeServiceUnit
Wed Feb 12 18:10:58 UTC 2014,0.0137,51.3,8,DataNodeServiceUnit_scaleIn,DataNodeServiceUnit
Wed Feb 12 18:11:10 UTC 2014,0.012,51.3,7,DataNodeServiceUnit_scaleIn,DataNodeServiceUnit
Wed Feb 12 18:11:20 UTC 2014,0.012,51.3,7,,
Wed Feb 12 18:11:28 UTC 2014,0.0063,60.1,7,,
Wed Feb 12 18:11:39 UTC 2014,0.0063,60.1,7,,
Wed Feb 12 18:11:52 UTC 2014,0.0025,52.9,7,,
Wed Feb 12 18:12:06 UTC 2014,0.0025,52.9,7,,
Wed Feb 12 18:12:20 UTC 2014,0.0025,52.9,7,,
Wed Feb 12 18:12:35 UTC 2014,0.004,45.45,7,,
Wed Feb 12 18:12:51 UTC 2014,0.0069,55.95,7,,
Wed Feb 12 18:13:11 UTC 2014,0.0069,55.95,7,,
Wed Feb 12 18:13:18 UTC 2014,0.0069,55.95,7,,
Wed Feb 12 18:13:32 UTC 2014,0.0106,55.95,7,,
Wed Feb 12 18:13:47 UTC 2014,0.0106,55.95,7,,
Wed Feb 12 18:14:02 UTC 2014,0.0048,56.75,7,,
Wed Feb 12 18:14:10 UTC 2014,0.0048,56.75,7,,
Wed Feb 12 18:14:17 UTC 2014,0.0052,52,7,,
Wed Feb 12 18:14:33 UTC 2014,0.0052,52,7,DataNodeServiceUnit_scaleOut,DataNodeServiceUnit
Wed Feb 12 18:14:53 UTC 2014,0.21,51.85,7,DataNodeServiceUnit_scaleOut,DataNodeServiceUnit
Wed Feb 12 18:15:03 UTC 2014,0.21,51.85,7,DataNodeServiceUnit_scaleOut,DataNodeServiceUnit
Wed Feb 12 18:15:19 UTC 2014,0.84,37.05,7,DataNodeServiceUnit_scaleOut,DataNodeServiceUnit
Wed Feb 12 18:15:30 UTC 2014,0.84,37.05,7,DataNodeServiceUnit_scaleOut,DataNodeServiceUnit
Wed Feb 12 18:15:42 UTC 2014,0.84,49.05,7,,
Wed Feb 12 18:15:54 UTC 2014,0.96,49.05,8,,
Wed Feb 12 18:16:05 UTC 2014,0.96,49.05,8,,
Wed Feb 12 18:16:25 UTC 2014,0.96,43.9,8,,
Wed Feb 12 18:16:39 UTC 2014,0.96,43.9,8,,
Wed Feb 12 18:16:46 UTC 2014,0.96,46.7,8,,
Wed Feb 12 18:17:01 UTC 2014,0.96,46.7,8,,
Wed Feb 12 18:17:11 UTC 2014,0.96,46.7,8,,
Wed Feb 12 18:17:26 UTC 2014,0.96,50.15,8,,
Wed Feb 12 18:17:34 UTC 2014,0.96,50.15,8,,
Wed Feb 12 18:17:42 UTC 2014,0.96,50.15,8,,
Wed Feb 12 18:17:53 UTC 2014,0.96,43.425,8,,
Wed Feb 12 18:18:03 UTC 2014,0.96,51.05,8,,
Wed Feb 12 18:18:18 UTC 2014,0.96,51.05,8,,
Wed Feb 12 18:18:27 UTC 2014,0.0026,47.125,8,,
Wed Feb 12 18:18:45 UTC 2014,0.0026,47.125,8,,
Wed Feb 12 18:18:52 UTC 2014,0.0026,47.125,8,,
Wed Feb 12 18:19:12 UTC 2014,0.0026,47.125,8,,
Wed Feb 12 18:19:24 UTC 2014,0.0084,50.825,8,,
Wed Feb 12 18:19:34 UTC 2014,0.0084,50.825,8,,
Wed Feb 12 18:19:49 UTC 2014,0.0027,57.05,8,,
Wed Feb 12 18:20:04 UTC 2014,0.0027,57.05,8,,
Wed Feb 12 18:20:16 UTC 2014,0.0036,60.4,8,,
Wed Feb 12 18:20:25 UTC 2014,0.0036,60.4,8,,
Wed Feb 12 18:20:36 UTC 2014,0.0166,53.35,8,,
Wed Feb 12 18:20:48 UTC 2014,0.0166,53.35,8,,
Wed Feb 12 18:21:08 UTC 2014,0.0166,53.35,8,,
Wed Feb 12 18:21:15 UTC 2014,0.0166,53.35,8,,
Wed Feb 12 18:21:28 UTC 2014,0.0061,57.975,8,EventProcessingServiceUnit_scaleIn,EventProcessingServiceUnit
Wed Feb 12 18:21:46 UTC 2014,0.0061,57.975,8,EventProcessingServiceUnit_scaleIn,EventProcessingServiceUnit
Wed Feb 12 18:21:59 UTC 2014,0.0061,57.975,8,EventProcessingServiceUnit_scaleIn,EventProcessingServiceUnit
Wed Feb 12 18:22:11 UTC 2014,0.0061,57.975,8,EventProcessingServiceUnit_scaleIn,EventProcessingServiceUnit
Wed Feb 12 18:22:22 UTC 2014,0.96,54.4,8,EventProcessingServiceUnit_scaleIn,EventProcessingServiceUnit
Wed Feb 12 18:22:33 UTC 2014,0.96,54.4,8,EventProcessingServiceUnit_scaleIn,EventProcessingServiceUnit
Wed Feb 12 18:22:43 UTC 2014,0.96,54.4,8,EventProcessingServiceUnit_scaleIn,EventProcessingServiceUnit
Wed Feb 12 18:23:00 UTC 2014,0.96,54.4,8,EventProcessingServiceUnit_scaleIn,EventProcessingServiceUnit
Wed Feb 12 18:23:10 UTC 2014,0.0047,47.45,8,EventProcessingServiceUnit_scaleIn,EventProcessingServiceUnit
Wed Feb 12 18:23:21 UTC 2014,0.0047,47.45,8,EventProcessingServiceUnit_scaleIn,EventProcessingServiceUnit
Wed Feb 12 18:23:32 UTC 2014,0.0047,47.45,8,EventProcessingServiceUnit_scaleIn,EventProcessingServiceUnit
Wed Feb 12 18:23:42 UTC 2014,0.0055,53.2,8,EventProcessingServiceUnit_scaleIn,EventProcessingServiceUnit
Wed Feb 12 18:23:55 UTC 2014,0.0055,53.2,8,EventProcessingServiceUnit_scaleIn,EventProcessingServiceUnit
Wed Feb 12 18:24:06 UTC 2014,0.84,38.725,7,EventProcessingServiceUnit_scaleIn,EventProcessingServiceUnit
Wed Feb 12 18:24:17 UTC 2014,0.84,38.725,7,,
Wed Feb 12 18:24:30 UTC 2014,0.84,47.45,7,,
Wed Feb 12 18:24:42 UTC 2014,0.84,47.45,7,,
Wed Feb 12 18:24:55 UTC 2014,0.84,42.675,7,,
Wed Feb 12 18:25:05 UTC 2014,0.84,42.675,7,,
Wed Feb 12 18:25:24 UTC 2014,0.84,35.875,7,,
Wed Feb 12 18:25:34 UTC 2014,0.84,35.875,7,,
Wed Feb 12 18:25:42 UTC 2014,0.84,43.875,7,,
Wed Feb 12 18:25:58 UTC 2014,0.84,43.875,7,,
Wed Feb 12 18:26:05 UTC 2014,0.84,43.875,7,,
Wed Feb 12 18:26:19 UTC 2014,0.84,40.1,7,,
Wed Feb 12 18:26:30 UTC 2014,0.84,45.225,7,DataNodeServiceUnit_scaleOut,DataNodeServiceUnit
Wed Feb 12 18:26:48 UTC 2014,0.84,45.225,7,DataNodeServiceUnit_scaleOut,DataNodeServiceUnit
Wed Feb 12 18:26:59 UTC 2014,0.84,45.225,7,DataNodeServiceUnit_scaleOut,DataNodeServiceUnit
Wed Feb 12 18:27:12 UTC 2014,0.84,41.975,7,DataNodeServiceUnit_scaleOut,DataNodeServiceUnit
Wed Feb 12 18:27:26 UTC 2014,0.0052,51.825,7,DataNodeServiceUnit_scaleOut,DataNodeServiceUnit
Wed Feb 12 18:27:36 UTC 2014,0.0052,51.825,7,DataNodeServiceUnit_scaleOut,DataNodeServiceUnit
Wed Feb 12 18:27:47 UTC 2014,0.0052,51.825,7,DataNodeServiceUnit_scaleOut,DataNodeServiceUnit
Wed Feb 12 18:27:59 UTC 2014,0.0052,51.825,7,,
Wed Feb 12 18:28:06 UTC 2014,0.007,55.5,8,,
Wed Feb 12 18:28:20 UTC 2014,0.007,55.5,8,,
Wed Feb 12 18:28:29 UTC 2014,0.0036,55.8,8,,
Wed Feb 12 18:28:42 UTC 2014,0.0026,58.6833,8,,
Wed Feb 12 18:29:00 UTC 2014,0.0026,58.6833,8,,
Wed Feb 12 18:29:08 UTC 2014,0.0026,58.6833,8,,
Wed Feb 12 18:29:26 UTC 2014,0.0026,58.6833,8,,
Wed Feb 12 18:29:40 UTC 2014,0.0073,56.4667,8,,
Wed Feb 12 18:29:52 UTC 2014,0.0073,56.4667,8,,
Wed Feb 12 18:29:59 UTC 2014,0.003,62.9667,8,EventProcessingServiceUnit_scaleOut,EventProcessingServiceUnit
Wed Feb 12 18:30:19 UTC 2014,0.003,62.9667,8,EventProcessingServiceUnit_scaleOut,EventProcessingServiceUnit
Wed Feb 12 18:30:32 UTC 2014,0.0084,57.2167,8,EventProcessingServiceUnit_scaleOut,EventProcessingServiceUnit
Wed Feb 12 18:30:43 UTC 2014,0.0084,57.2167,8,EventProcessingServiceUnit_scaleOut,EventProcessingServiceUnit
Wed Feb 12 18:30:55 UTC 2014,0.0123,53.0833,8,EventProcessingServiceUnit_scaleOut,EventProcessingServiceUnit
Wed Feb 12 18:31:09 UTC 2014,0.0123,53.0833,8,EventProcessingServiceUnit_scaleOut,EventProcessingServiceUnit
Wed Feb 12 18:31:23 UTC 2014,0.0123,53.0833,9,EventProcessingServiceUnit_scaleOut,EventProcessingServiceUnit
Wed Feb 12 18:31:35 UTC 2014,0.0138,53.0833,9,,
Wed Feb 12 18:31:43 UTC 2014,0.0138,53.0833,9,,
Wed Feb 12 18:31:57 UTC 2014,0.0068,55.0333,9,,
Wed Feb 12 18:32:07 UTC 2014,0.0068,55.0333,9,,
Wed Feb 12 18:32:20 UTC 2014,0.0196,43.8167,9,,
Wed Feb 12 18:32:30 UTC 2014,0.0196,43.8167,9,,
Wed Feb 12 18:32:48 UTC 2014,0.0196,43.8167,9,,
Wed Feb 12 18:32:59 UTC 2014,1.08,43.6167,9,,
Wed Feb 12 18:33:08 UTC 2014,1.08,43.6167,9,,
Wed Feb 12 18:33:20 UTC 2014,1.08,43.6167,9,,
Wed Feb 12 18:33:26 UTC 2014,1.08,41.2167,9,,
Wed Feb 12 18:33:41 UTC 2014,1.08,41.2167,9,DataNodeServiceUnit_scaleIn,DataNodeServiceUnit
Wed Feb 12 18:33:54 UTC 2014,1.08,41.2167,9,DataNodeServiceUnit_scaleIn,DataNodeServiceUnit
Wed Feb 12 18:34:03 UTC 2014,1.08,41.2167,9,DataNodeServiceUnit_scaleIn,DataNodeServiceUnit
Wed Feb 12 18:34:17 UTC 2014,1.08,41.2167,9,DataNodeServiceUnit_scaleIn,DataNodeServiceUnit
Wed Feb 12 18:34:28 UTC 2014,1.08,40.8833,9,DataNodeServiceUnit_scaleIn,DataNodeServiceUnit
Wed Feb 12 18:34:40 UTC 2014,1.08,40.8833,9,DataNodeServiceUnit_scaleIn,DataNodeServiceUnit
Wed Feb 12 18:34:53 UTC 2014,1.08,40.2,9,DataNodeServiceUnit_scaleIn,DataNodeServiceUnit
Wed Feb 12 18:35:04 UTC 2014,0.0056,40.2,9,DataNodeServiceUnit_scaleIn,DataNodeServiceUnit
Wed Feb 12 18:35:14 UTC 2014,0.0056,40.2,9,DataNodeServiceUnit_scaleIn,DataNodeServiceUnit
Wed Feb 12 18:35:25 UTC 2014,1.08,45.4167,9,DataNodeServiceUnit_scaleIn,DataNodeServiceUnit
Wed Feb 12 18:35:37 UTC 2014,1.08,45.4167,9,DataNodeServiceUnit_scaleIn,DataNodeServiceUnit
Wed Feb 12 18:35:49 UTC 2014,1.08,61.4667,9,DataNodeServiceUnit_scaleIn,DataNodeServiceUnit
Wed Feb 12 18:36:03 UTC 2014,1.08,61.4667,9,DataNodeServiceUnit_scaleIn,DataNodeServiceUnit
Wed Feb 12 18:36:12 UTC 2014,1.08,61.4667,9,DataNodeServiceUnit_scaleIn,DataNodeServiceUnit
Wed Feb 12 18:36:27 UTC 2014,0.0093,55.075,9,DataNodeServiceUnit_scaleIn,DataNodeServiceUnit
Wed Feb 12 18:36:36 UTC 2014,0.0093,55.075,9,DataNodeServiceUnit_scaleIn,DataNodeServiceUnit
Wed Feb 12 18:36:49 UTC 2014,0.0029,59.15,9,DataNodeServiceUnit_scaleIn,DataNodeServiceUnit
Wed Feb 12 18:37:04 UTC 2014,0.0029,50.55,9,DataNodeServiceUnit_scaleIn,DataNodeServiceUnit
Wed Feb 12 18:37:16 UTC 2014,1.08,50.55,9,DataNodeServiceUnit_scaleIn,DataNodeServiceUnit
Wed Feb 12 18:37:29 UTC 2014,1.08,50.55,9,DataNodeServiceUnit_scaleIn,DataNodeServiceUnit
Wed Feb 12 18:37:40 UTC 2014,1.08,50.55,9,DataNodeServiceUnit_scaleIn,DataNodeServiceUnit
Wed Feb 12 18:37:51 UTC 2014,1.08,50.55,9,,
Wed Feb 12 18:37:59 UTC 2014,0.0223,56.125,8,,
Wed Feb 12 18:38:17 UTC 2014,0.0223,56.125,8,,
Wed Feb 12 18:38:22 UTC 2014,0.0033,59.525,8,,
Wed Feb 12 18:38:32 UTC 2014,0.0033,59.525,8,,
Wed Feb 12 18:38:42 UTC 2014,0.0064,55.225,8,,
Wed Feb 12 18:39:01 UTC 2014,0.0064,55.225,8,,
Wed Feb 12 18:39:10 UTC 2014,0.0057,49.975,8,,
Wed Feb 12 18:39:27 UTC 2014,0.0057,49.975,8,,
Wed Feb 12 18:39:34 UTC 2014,0.0063,47.775,8,,
Wed Feb 12 18:39:47 UTC 2014,0.0063,47.775,8,,
Wed Feb 12 18:39:57 UTC 2014,0.0042,55.625,8,,
Wed Feb 12 18:40:14 UTC 2014,0.0042,55.625,8,,
Wed Feb 12 18:40:25 UTC 2014,0.0042,55.625,8,,
Wed Feb 12 18:40:37 UTC 2014,0.0042,55.625,8,,
Wed Feb 12 18:40:52 UTC 2014,0.0042,55.625,8,,
Wed Feb 12 18:41:01 UTC 2014,0.0042,55.625,8,,
Wed Feb 12 18:41:07 UTC 2014,0.0053,53.275,8,,
Wed Feb 12 18:41:16 UTC 2014,0.0053,53.275,8,,
Wed Feb 12 18:41:31 UTC 2014,0.96,38.95,8,,
Wed Feb 12 18:41:42 UTC 2014,0.96,38.95,8,EventProcessingServiceUnit_scaleIn,EventProcessingServiceUnit
Wed Feb 12 18:41:55 UTC 2014,0.96,38.95,8,EventProcessingServiceUnit_scaleIn,EventProcessingServiceUnit
Wed Feb 12 18:42:06 UTC 2014,0.96,42.225,8,EventProcessingServiceUnit_scaleIn,EventProcessingServiceUnit
Wed Feb 12 18:42:18 UTC 2014,0.96,42.225,8,EventProcessingServiceUnit_scaleIn,EventProcessingServiceUnit
Wed Feb 12 18:42:31 UTC 2014,0.96,39.275,8,EventProcessingServiceUnit_scaleIn,EventProcessingServiceUnit
Wed Feb 12 18:42:42 UTC 2014,0.96,39.275,8,EventProcessingServiceUnit_scaleIn,EventProcessingServiceUnit
Wed Feb 12 18:42:53 UTC 2014,0.96,39.275,8,EventProcessingServiceUnit_scaleIn,EventProcessingServiceUnit
Wed Feb 12 18:43:06 UTC 2014,0.96,39.275,8,EventProcessingServiceUnit_scaleIn,EventProcessingServiceUnit
Wed Feb 12 18:43:17 UTC 2014,0.96,44.775,8,EventProcessingServiceUnit_scaleIn,EventProcessingServiceUnit
Wed Feb 12 18:43:33 UTC 2014,0.96,44.775,8,EventProcessingServiceUnit_scaleIn,EventProcessingServiceUnit
Wed Feb 12 18:43:44 UTC 2014,0.96,45.575,8,EventProcessingServiceUnit_scaleIn,EventProcessingServiceUnit
Wed Feb 12 18:43:54 UTC 2014,0.96,45.575,8,EventProcessingServiceUnit_scaleIn,EventProcessingServiceUnit
Wed Feb 12 18:44:05 UTC 2014,0.96,44.5,8,EventProcessingServiceUnit_scaleIn,EventProcessingServiceUnit
Wed Feb 12 18:44:16 UTC 2014,0.96,44.5,8,EventProcessingServiceUnit_scaleIn,EventProcessingServiceUnit
Wed Feb 12 18:44:31 UTC 2014,0.96,46.975,8,EventProcessingServiceUnit_scaleIn,EventProcessingServiceUnit
Wed Feb 12 18:44:41 UTC 2014,0.96,55.125,7,EventProcessingServiceUnit_scaleIn,EventProcessingServiceUnit
Wed Feb 12 18:44:54 UTC 2014,0.0024,55.125,7,,
Wed Feb 12 18:45:02 UTC 2014,0.0037,54.85,7,,
Wed Feb 12 18:45:21 UTC 2014,0.0037,54.85,7,,
Wed Feb 12 18:45:31 UTC 2014,0.0037,54.85,7,,
Wed Feb 12 18:45:46 UTC 2014,0.0037,54.85,7,,
Wed Feb 12 18:46:00 UTC 2014,0.003,56.15,7,,
Wed Feb 12 18:46:14 UTC 2014,0.003,56.15,7,,
Wed Feb 12 18:46:29 UTC 2014,0.0045,55.525,7,,
Wed Feb 12 18:46:43 UTC 2014,0.0045,55.525,7,,
Wed Feb 12 18:46:51 UTC 2014,0.0062,48.475,7,,
Wed Feb 12 18:47:07 UTC 2014,0.0029,52.575,7,,
Wed Feb 12 18:47:13 UTC 2014,0.0029,52.575,7,,
Wed Feb 12 18:47:22 UTC 2014,0.0029,52.575,7,,
Wed Feb 12 18:47:29 UTC 2014,0.0029,52.575,7,,
Wed Feb 12 18:47:36 UTC 2014,0.0025,54.775,7,DataNodeServiceUnit_scaleIn,DataNodeServiceUnit
Wed Feb 12 18:47:56 UTC 2014,0.0022,59.05,7,DataNodeServiceUnit_scaleIn,DataNodeServiceUnit
Wed Feb 12 18:48:09 UTC 2014,0.0022,59.05,7,DataNodeServiceUnit_scaleIn,DataNodeServiceUnit
Wed Feb 12 18:48:23 UTC 2014,0.84,54.45,7,DataNodeServiceUnit_scaleIn,DataNodeServiceUnit
Wed Feb 12 18:48:37 UTC 2014,0.84,54.45,7,DataNodeServiceUnit_scaleIn,DataNodeServiceUnit
Wed Feb 12 18:48:50 UTC 2014,0.84,54.45,7,DataNodeServiceUnit_scaleIn,DataNodeServiceUnit
Wed Feb 12 18:49:02 UTC 2014,0.84,54.45,7,DataNodeServiceUnit_scaleIn,DataNodeServiceUnit
Wed Feb 12 18:49:13 UTC 2014,0.84,60.45,7,DataNodeServiceUnit_scaleIn,DataNodeServiceUnit
Wed Feb 12 18:49:23 UTC 2014,0.84,60.45,7,DataNodeServiceUnit_scaleIn,DataNodeServiceUnit
Wed Feb 12 18:49:36 UTC 2014,0.0046,38.8,7,DataNodeServiceUnit_scaleIn,DataNodeServiceUnit
Wed Feb 12 18:49:46 UTC 2014,0.056,43.7,7,DataNodeServiceUnit_scaleIn,DataNodeServiceUnit
Wed Feb 12 18:49:59 UTC 2014,0.056,43.7,7,DataNodeServiceUnit_scaleIn,DataNodeServiceUnit
Wed Feb 12 18:50:12 UTC 2014,0.84,42,7,DataNodeServiceUnit_scaleIn,DataNodeServiceUnit
Wed Feb 12 18:50:23 UTC 2014,0.84,47.3,7,DataNodeServiceUnit_scaleIn,DataNodeServiceUnit
Wed Feb 12 18:50:35 UTC 2014,0.84,47.3,7,DataNodeServiceUnit_scaleIn,DataNodeServiceUnit
Wed Feb 12 18:50:45 UTC 2014,0.84,52.85,7,DataNodeServiceUnit_scaleIn,DataNodeServiceUnit
Wed Feb 12 18:50:57 UTC 2014,0.84,52.85,7,DataNodeServiceUnit_scaleIn,DataNodeServiceUnit
Wed Feb 12 18:51:07 UTC 2014,0.84,45.3,7,DataNodeServiceUnit_scaleIn,DataNodeServiceUnit
Wed Feb 12 18:51:17 UTC 2014,0.84,45.3,7,DataNodeServiceUnit_scaleIn,DataNodeServiceUnit
Wed Feb 12 18:51:29 UTC 2014,0.72,44.45,6,,
Wed Feb 12 18:51:39 UTC 2014,0.72,44.45,6,,
Wed Feb 12 18:51:46 UTC 2014,0.72,44.45,6,,
Wed Feb 12 18:51:56 UTC 2014,0.72,47.45,6,,
Wed Feb 12 18:52:11 UTC 2014,0.72,38.75,6,,
Wed Feb 12 18:52:22 UTC 2014,0.72,38.75,6,,
Wed Feb 12 18:52:33 UTC 2014,0.72,39.55,6,,
Wed Feb 12 18:52:45 UTC 2014,0.72,39.55,6,,
Wed Feb 12 18:52:55 UTC 2014,0.72,39.55,6,,
Wed Feb 12 18:53:10 UTC 2014,0.0225,45.8,6,,
Wed Feb 12 18:53:22 UTC 2014,0.0225,45.8,6,,
Wed Feb 12 18:53:29 UTC 2014,0.0225,45.8,6,,
Wed Feb 12 18:53:37 UTC 2014,0.0049,53,6,EventProcessingServiceUnit_scaleIn,EventProcessingServiceUnit
Wed Feb 12 18:53:46 UTC 2014,0.0049,53,6,EventProcessingServiceUnit_scaleIn,EventProcessingServiceUnit
Wed Feb 12 18:53:56 UTC 2014,0.0075,60.9,6,EventProcessingServiceUnit_scaleIn,EventProcessingServiceUnit
Wed Feb 12 18:54:08 UTC 2014,0.0069,59.65,6,EventProcessingServiceUnit_scaleIn,EventProcessingServiceUnit
Wed Feb 12 18:54:20 UTC 2014,0.0069,59.65,6,EventProcessingServiceUnit_scaleIn,EventProcessingServiceUnit
Wed Feb 12 18:54:32 UTC 2014,0.0082,55.7,6,EventProcessingServiceUnit_scaleIn,EventProcessingServiceUnit
Wed Feb 12 18:54:45 UTC 2014,0.0082,55.7,6,EventProcessingServiceUnit_scaleIn,EventProcessingServiceUnit
Wed Feb 12 18:54:56 UTC 2014,0.0082,55.7,6,EventProcessingServiceUnit_scaleIn,EventProcessingServiceUnit
Wed Feb 12 18:55:08 UTC 2014,0.36,41.85,6,EventProcessingServiceUnit_scaleIn,EventProcessingServiceUnit
Wed Feb 12 18:55:20 UTC 2014,0.36,41.85,6,EventProcessingServiceUnit_scaleIn,EventProcessingServiceUnit
Wed Feb 12 18:55:30 UTC 2014,0.0029,47,6,EventProcessingServiceUnit_scaleIn,EventProcessingServiceUnit
Wed Feb 12 18:55:40 UTC 2014,0.0029,47,6,EventProcessingServiceUnit_scaleIn,EventProcessingServiceUnit
Wed Feb 12 18:55:50 UTC 2014,0.0037,53.35,6,EventProcessingServiceUnit_scaleIn,EventProcessingServiceUnit
Wed Feb 12 18:56:00 UTC 2014,0.0045,53.35,6,EventProcessingServiceUnit_scaleIn,EventProcessingServiceUnit
Wed Feb 12 18:56:11 UTC 2014,0.0045,56.25,6,EventProcessingServiceUnit_scaleIn,EventProcessingServiceUnit
Wed Feb 12 18:56:25 UTC 2014,0.0157,56.25,6,EventProcessingServiceUnit_scaleIn,EventProcessingServiceUnit
Wed Feb 12 18:56:35 UTC 2014,0.0032,57.85,5,EventProcessingServiceUnit_scaleIn,EventProcessingServiceUnit
Wed Feb 12 18:56:45 UTC 2014,0.0032,57.85,5,,
Wed Feb 12 18:57:04 UTC 2014,0.0034,51.25,5,,
Wed Feb 12 18:57:17 UTC 2014,0.0034,51.25,5,,
Wed Feb 12 18:57:32 UTC 2014,0.0016,50.95,5,,
Wed Feb 12 18:57:42 UTC 2014,0.0016,50.95,5,DataNodeServiceUnit_scaleOut,DataNodeServiceUnit
Wed Feb 12 18:57:57 UTC 2014,0.002,60.1,5,DataNodeServiceUnit_scaleOut,DataNodeServiceUnit
Wed Feb 12 18:58:09 UTC 2014,0.002,60.1,5,DataNodeServiceUnit_scaleOut,DataNodeServiceUnit
Wed Feb 12 18:58:20 UTC 2014,0.0047,47.2,5,DataNodeServiceUnit_scaleOut,DataNodeServiceUnit
Wed Feb 12 18:58:31 UTC 2014,0.6,45.05,5,DataNodeServiceUnit_scaleOut,DataNodeServiceUnit
Wed Feb 12 18:58:45 UTC 2014,0.6,45.05,5,DataNodeServiceUnit_scaleOut,DataNodeServiceUnit
Wed Feb 12 18:58:56 UTC 2014,0.72,43.35,6,DataNodeServiceUnit_scaleOut,DataNodeServiceUnit
Wed Feb 12 18:59:11 UTC 2014,0.72,44.45,6,,
Wed Feb 12 18:59:24 UTC 2014,0.72,44.45,6,,
Wed Feb 12 18:59:35 UTC 2014,0.72,44.45,6,,
Wed Feb 12 18:59:43 UTC 2014,0.72,49.15,6,,
Wed Feb 12 19:00:01 UTC 2014,0.72,49.15,6,,
Wed Feb 12 19:00:12 UTC 2014,0.72,47.125,6,,
Wed Feb 12 19:00:28 UTC 2014,0.72,47.125,6,,
Wed Feb 12 19:00:37 UTC 2014,0.72,49.4,6,,
Wed Feb 12 19:00:53 UTC 2014,0.72,45.05,6,,
Wed Feb 12 19:01:11 UTC 2014,0.72,45.05,6,,
Wed Feb 12 19:01:30 UTC 2014,0.72,44.4,6,,
Wed Feb 12 19:01:49 UTC 2014,0.0047,45.85,6,,
Wed Feb 12 19:02:06 UTC 2014,0.0267,43.625,6,,
Wed Feb 12 19:02:17 UTC 2014,0.0267,43.625,6,,
Wed Feb 12 19:02:26 UTC 2014,0.003,53.65,6,,
Wed Feb 12 19:02:44 UTC 2014,0.36,54.05,6,EventProcessingServiceUnit_scaleIn,EventProcessingServiceUnit
Wed Feb 12 19:02:58 UTC 2014,0.36,54.05,6,EventProcessingServiceUnit_scaleIn,EventProcessingServiceUnit
Wed Feb 12 19:03:10 UTC 2014,0.36,54.05,6,EventProcessingServiceUnit_scaleIn,EventProcessingServiceUnit
Wed Feb 12 19:03:23 UTC 2014,0.0024,58.675,6,EventProcessingServiceUnit_scaleIn,EventProcessingServiceUnit
Wed Feb 12 19:03:34 UTC 2014,0.0024,58.675,6,EventProcessingServiceUnit_scaleIn,EventProcessingServiceUnit
Wed Feb 12 19:03:48 UTC 2014,0.0171,60.4,6,EventProcessingServiceUnit_scaleIn,EventProcessingServiceUnit
Wed Feb 12 19:04:01 UTC 2014,0.0063,46.1,6,EventProcessingServiceUnit_scaleIn,EventProcessingServiceUnit
Wed Feb 12 19:04:17 UTC 2014,0.0063,46.1,6,EventProcessingServiceUnit_scaleIn,EventProcessingServiceUnit
Wed Feb 12 19:04:31 UTC 2014,0.0034,45.05,6,EventProcessingServiceUnit_scaleIn,EventProcessingServiceUnit
Wed Feb 12 19:04:43 UTC 2014,0.0034,46.075,6,EventProcessingServiceUnit_scaleIn,EventProcessingServiceUnit
Wed Feb 12 19:04:55 UTC 2014,0.0025,46.075,6,EventProcessingServiceUnit_scaleIn,EventProcessingServiceUnit
Wed Feb 12 19:05:06 UTC 2014,0.72,44.7,6,EventProcessingServiceUnit_scaleIn,EventProcessingServiceUnit
Wed Feb 12 19:05:20 UTC 2014,0.0171,51.375,6,EventProcessingServiceUnit_scaleIn,EventProcessingServiceUnit
Wed Feb 12 19:05:35 UTC 2014,0.0667,52.875,5,,
Wed Feb 12 19:05:50 UTC 2014,0.0667,52.875,5,,
Wed Feb 12 19:06:03 UTC 2014,0.0016,52.45,5,,
Wed Feb 12 19:06:19 UTC 2014,0.0048,55.6,5,,
Wed Feb 12 19:06:39 UTC 2014,0.0048,55.6,5,,
Wed Feb 12 19:06:55 UTC 2014,0.0048,55.6,5,,
Wed Feb 12 19:07:11 UTC 2014,0.6,45.2,5,,
Wed Feb 12 19:07:25 UTC 2014,0.0273,50.675,5,,
Wed Feb 12 19:07:39 UTC 2014,0.0019,54.475,5,,
Wed Feb 12 19:07:56 UTC 2014,0.0018,48.8,5,,
Wed Feb 12 19:08:11 UTC 2014,0.0018,48.8,5,,
Wed Feb 12 19:08:22 UTC 2014,0.075,50.15,5,EventProcessingServiceUnit_scaleIn,EventProcessingServiceUnit
Wed Feb 12 19:08:39 UTC 2014,0.075,43.35,5,EventProcessingServiceUnit_scaleIn,EventProcessingServiceUnit
Wed Feb 12 19:08:49 UTC 2014,0.6,43.35,5,,
Wed Feb 12 19:08:57 UTC 2014,0.6,40.325,5,,
Wed Feb 12 19:09:09 UTC 2014,0.6,40.325,5,,
Wed Feb 12 19:09:23 UTC 2014,0.6,42.1,5,,
Wed Feb 12 19:09:34 UTC 2014,0.6,47.175,5,,
Wed Feb 12 19:09:50 UTC 2014,0.6,47.175,5,,
Wed Feb 12 19:09:59 UTC 2014,0.6,44.3,5,,
Wed Feb 12 19:10:15 UTC 2014,0.6,44.3,5,,
Wed Feb 12 19:10:29 UTC 2014,0.6,38.85,5,,
Wed Feb 12 19:10:39 UTC 2014,0.6,38.875,5,,
Wed Feb 12 19:10:54 UTC 2014,0.6,38.875,5,,
Wed Feb 12 19:11:08 UTC 2014,0.6,42.875,5,,
Wed Feb 12 19:11:21 UTC 2014,0.6,42.025,5,,
Wed Feb 12 19:11:35 UTC 2014,0.0111,51.1,5,,
Wed Feb 12 19:11:52 UTC 2014,0.0083,41.625,5,,
Wed Feb 12 19:12:09 UTC 2014,0.0083,41.625,5,,
Wed Feb 12 19:12:23 UTC 2014,0.0055,41.2,5,,
Wed Feb 12 19:12:41 UTC 2014,0.0024,51.425,5,,
Wed Feb 12 19:12:54 UTC 2014,0.6,49.125,5,,
Wed Feb 12 19:13:12 UTC 2014,0.0016,48.05,5,,
Wed Feb 12 19:13:23 UTC 2014,0.024,57.325,5,DataNodeServiceUnit_scaleOut,DataNodeServiceUnit
Wed Feb 12 19:13:44 UTC 2014,0.0188,45.825,5,DataNodeServiceUnit_scaleOut,DataNodeServiceUnit
Wed Feb 12 19:14:02 UTC 2014,0.0188,45.825,5,DataNodeServiceUnit_scaleOut,DataNodeServiceUnit
Wed Feb 12 19:14:16 UTC 2014,0.0015,46.675,5,DataNodeServiceUnit_scaleOut,DataNodeServiceUnit
Wed Feb 12 19:14:29 UTC 2014,0.0073,52.7,5,DataNodeServiceUnit_scaleOut,DataNodeServiceUnit
Wed Feb 12 19:14:41 UTC 2014,0.0101,47.575,6,,
Wed Feb 12 19:14:51 UTC 2014,0.0069,53.4,6,,
Wed Feb 12 19:15:08 UTC 2014,0.0069,53.4,6,,
Wed Feb 12 19:15:24 UTC 2014,0.002,53.4,6,,
Wed Feb 12 19:15:37 UTC 2014,0.002,53.4,6,,
Wed Feb 12 19:15:44 UTC 2014,0.1029,47.6333,6,,
Wed Feb 12 19:15:54 UTC 2014,0.1029,47.6333,6,,
Wed Feb 12 19:16:03 UTC 2014,0.72,43.8,6,,
Wed Feb 12 19:16:14 UTC 2014,0.72,43.8,6,,
Wed Feb 12 19:16:22 UTC 2014,0.0095,52.2333,6,,
Wed Feb 12 19:16:33 UTC 2014,0.0095,52.2333,6,,
Wed Feb 12 19:16:41 UTC 2014,0.0099,42.7833,6,,
Wed Feb 12 19:16:50 UTC 2014,0.0024,44.6667,6,,
Wed Feb 12 19:17:10 UTC 2014,0.0024,44.6667,6,,
Wed Feb 12 19:17:19 UTC 2014,0.0043,47.6333,6,,
Wed Feb 12 19:17:32 UTC 2014,0.0043,47.6333,6,,
Wed Feb 12 19:17:40 UTC 2014,0.0065,49.3333,6,,
Wed Feb 12 19:17:49 UTC 2014,0.0065,49.3333,6,EventProcessingServiceUnit_scaleOut,EventProcessingServiceUnit
Wed Feb 12 19:18:03 UTC 2014,0.0053,47.1333,6,EventProcessingServiceUnit_scaleOut,EventProcessingServiceUnit
Wed Feb 12 19:18:14 UTC 2014,0.0053,47.1333,6,EventProcessingServiceUnit_scaleOut,EventProcessingServiceUnit
Wed Feb 12 19:18:28 UTC 2014,0.0065,53.8,6,EventProcessingServiceUnit_scaleOut,EventProcessingServiceUnit
Wed Feb 12 19:18:38 UTC 2014,0.0065,53.8,6,EventProcessingServiceUnit_scaleOut,EventProcessingServiceUnit
Wed Feb 12 19:18:49 UTC 2014,0.0099,46.5667,7,EventProcessingServiceUnit_scaleOut,EventProcessingServiceUnit
Wed Feb 12 19:19:07 UTC 2014,0.0099,46.5667,7,,
Wed Feb 12 19:19:15 UTC 2014,0.84,48.2833,7,,
Wed Feb 12 19:19:26 UTC 2014,0.84,48.2833,7,,
Wed Feb 12 19:19:32 UTC 2014,0.0092,45.8333,7,,
Wed Feb 12 19:19:50 UTC 2014,0.0092,45.8333,7,,
Wed Feb 12 19:20:00 UTC 2014,0.0036,40.0333,7,,
Wed Feb 12 19:20:16 UTC 2014,0.0036,40.0333,7,,
Wed Feb 12 19:20:28 UTC 2014,0.0365,55.4,7,,
Wed Feb 12 19:20:38 UTC 2014,0.84,38.1667,7,,
Wed Feb 12 19:20:55 UTC 2014,0.84,38.1667,7,,
Wed Feb 12 19:21:03 UTC 2014,0.84,38.1667,7,,
Wed Feb 12 19:21:10 UTC 2014,0.84,38.1667,7,,
Wed Feb 12 19:21:18 UTC 2014,0.0081,40.4667,7,,
Wed Feb 12 19:21:38 UTC 2014,0.0081,40.4667,7,,
Wed Feb 12 19:21:47 UTC 2014,0.84,42.5167,7,,
Wed Feb 12 19:22:03 UTC 2014,0.84,42.5167,7,,
Wed Feb 12 19:22:15 UTC 2014,0.84,39.3333,7,,
Wed Feb 12 19:22:30 UTC 2014,0.84,39.3333,7,,
Wed Feb 12 19:22:38 UTC 2014,0.84,39.3333,7,DataNodeServiceUnit_scaleOut,DataNodeServiceUnit
Wed Feb 12 19:22:48 UTC 2014,0.84,36.95,7,DataNodeServiceUnit_scaleOut,DataNodeServiceUnit
Wed Feb 12 19:23:01 UTC 2014,0.84,36.95,7,DataNodeServiceUnit_scaleOut,DataNodeServiceUnit
Wed Feb 12 19:23:12 UTC 2014,0.84,40.2167,7,DataNodeServiceUnit_scaleOut,DataNodeServiceUnit
Wed Feb 12 19:23:23 UTC 2014,0.84,40.2167,7,DataNodeServiceUnit_scaleOut,DataNodeServiceUnit
Wed Feb 12 19:23:37 UTC 2014,0.84,39.6667,7,DataNodeServiceUnit_scaleOut,DataNodeServiceUnit
Wed Feb 12 19:23:49 UTC 2014,0.84,39.6667,8,DataNodeServiceUnit_scaleOut,DataNodeServiceUnit
Wed Feb 12 19:24:02 UTC 2014,0.96,41.1,8,,
Wed Feb 12 19:24:10 UTC 2014,0.0042,47.7,8,,
Wed Feb 12 19:24:27 UTC 2014,0.0042,47.7,8,,
Wed Feb 12 19:24:38 UTC 2014,0.0042,47.7,8,,
Wed Feb 12 19:24:57 UTC 2014,0.0042,47.7,8,,
Wed Feb 12 19:25:08 UTC 2014,0.0042,47.7,8,,
Wed Feb 12 19:25:15 UTC 2014,0.0102,51.1875,8,,
Wed Feb 12 19:25:22 UTC 2014,0.0102,51.1875,8,,
Wed Feb 12 19:25:30 UTC 2014,0.0533,53.6125,8,,
Wed Feb 12 19:25:45 UTC 2014,0.0533,53.6125,8,,
Wed Feb 12 19:26:01 UTC 2014,0.0125,51.525,8,,
Wed Feb 12 19:26:14 UTC 2014,0.0125,51.525,8,,
Wed Feb 12 19:26:28 UTC 2014,0.0074,49.275,8,DataNodeServiceUnit_scaleOut,DataNodeServiceUnit
Wed Feb 12 19:26:50 UTC 2014,0.0074,49.275,8,DataNodeServiceUnit_scaleOut,DataNodeServiceUnit
Wed Feb 12 19:27:01 UTC 2014,0.0023,44.9875,8,DataNodeServiceUnit_scaleOut,DataNodeServiceUnit
Wed Feb 12 19:27:17 UTC 2014,0.0023,44.9875,8,DataNodeServiceUnit_scaleOut,DataNodeServiceUnit
Wed Feb 12 19:27:37 UTC 2014,0.0027,49.025,8,DataNodeServiceUnit_scaleOut,DataNodeServiceUnit
Wed Feb 12 19:27:47 UTC 2014,0.0027,49.025,8,,
Wed Feb 12 19:28:02 UTC 2014,0.0038,47.05,9,,
Wed Feb 12 19:28:14 UTC 2014,0.0038,47.05,9,,
Wed Feb 12 19:28:24 UTC 2014,0.0038,47.05,9,,
Wed Feb 12 19:28:31 UTC 2014,0.0033,48.825,9,,
Wed Feb 12 19:28:40 UTC 2014,0.0033,48.825,9,,
Wed Feb 12 19:28:53 UTC 2014,0.0042,48.54,9,,
Wed Feb 12 19:29:10 UTC 2014,0.0042,48.54,9,,
Wed Feb 12 19:29:17 UTC 2014,0.0042,48.54,9,,
Wed Feb 12 19:29:25 UTC 2014,0.0042,48.54,9,,
Wed Feb 12 19:29:31 UTC 2014,0.0042,48.54,9,,
Wed Feb 12 19:29:41 UTC 2014,0.0046,45.92,9,,
Wed Feb 12 19:29:46 UTC 2014,0.0046,45.92,9,,
Wed Feb 12 19:29:54 UTC 2014,0.0046,45.92,9,,
Wed Feb 12 19:30:06 UTC 2014,0.0046,45.92,9,,
Wed Feb 12 19:30:13 UTC 2014,1.08,47.07,9,,
Wed Feb 12 19:30:20 UTC 2014,1.08,47.07,9,,
Wed Feb 12 19:30:40 UTC 2014,1.08,47.07,9,,
Wed Feb 12 19:30:47 UTC 2014,1.08,39.32,9,,
Wed Feb 12 19:30:57 UTC 2014,1.08,39.32,9,,
Wed Feb 12 19:31:11 UTC 2014,1.08,41.59,9,DataNodeServiceUnit_scaleOut,DataNodeServiceUnit
Wed Feb 12 19:31:33 UTC 2014,1.08,41.59,9,DataNodeServiceUnit_scaleOut,DataNodeServiceUnit
Wed Feb 12 19:31:48 UTC 2014,1.08,41.59,9,DataNodeServiceUnit_scaleOut,DataNodeServiceUnit
Wed Feb 12 19:32:00 UTC 2014,1.08,44.6,9,DataNodeServiceUnit_scaleOut,DataNodeServiceUnit
Wed Feb 12 19:32:09 UTC 2014,1.08,44.6,9,,
Wed Feb 12 19:32:19 UTC 2014,1.2,39.38,10,,
Wed Feb 12 19:32:37 UTC 2014,1.2,39.38,10,,
Wed Feb 12 19:32:50 UTC 2014,1.2,38.89,10,,
Wed Feb 12 19:33:02 UTC 2014,1.2,38.89,10,,
Wed Feb 12 19:33:25 UTC 2014,0.0062,48.6,10,,
Wed Feb 12 19:33:32 UTC 2014,0.0062,48.6,10,EventProcessingServiceUnit_scaleIn,EventProcessingServiceUnit
Wed Feb 12 19:33:50 UTC 2014,0.0062,48.6,10,EventProcessingServiceUnit_scaleIn,EventProcessingServiceUnit
Wed Feb 12 19:34:03 UTC 2014,0.0197,47.7583,10,EventProcessingServiceUnit_scaleIn,EventProcessingServiceUnit
Wed Feb 12 19:34:14 UTC 2014,0.0197,47.7583,10,EventProcessingServiceUnit_scaleIn,EventProcessingServiceUnit
Wed Feb 12 19:34:32 UTC 2014,0.0079,49.4,10,EventProcessingServiceUnit_scaleIn,EventProcessingServiceUnit
Wed Feb 12 19:34:43 UTC 2014,0.0079,49.4,10,EventProcessingServiceUnit_scaleIn,EventProcessingServiceUnit
Wed Feb 12 19:34:54 UTC 2014,0.0079,49.4,10,EventProcessingServiceUnit_scaleIn,EventProcessingServiceUnit
Wed Feb 12 19:35:10 UTC 2014,0.0231,44.375,10,EventProcessingServiceUnit_scaleIn,EventProcessingServiceUnit
Wed Feb 12 19:35:22 UTC 2014,0.0231,44.375,10,EventProcessingServiceUnit_scaleIn,EventProcessingServiceUnit
Wed Feb 12 19:35:32 UTC 2014,0.0231,44.375,10,EventProcessingServiceUnit_scaleIn,EventProcessingServiceUnit
Wed Feb 12 19:35:46 UTC 2014,0.0073,46.1417,10,EventProcessingServiceUnit_scaleIn,EventProcessingServiceUnit
Wed Feb 12 19:35:57 UTC 2014,0.0073,46.1417,10,,
Wed Feb 12 19:36:14 UTC 2014,0.0174,40.8417,9,,
Wed Feb 12 19:36:24 UTC 2014,0.0174,40.8417,9,,
Wed Feb 12 19:36:42 UTC 2014,0.0174,40.8417,9,,
Wed Feb 12 19:36:50 UTC 2014,0.0049,46.7,9,,
Wed Feb 12 19:37:04 UTC 2014,0.0049,46.7,9,,
Wed Feb 12 19:37:20 UTC 2014,0.0049,46.7,9,,
Wed Feb 12 19:37:32 UTC 2014,0.0097,42.775,9,,
Wed Feb 12 19:37:53 UTC 2014,0.0097,42.775,9,,
Wed Feb 12 19:38:01 UTC 2014,0.0097,42.775,9,DataNodeServiceUnit_scaleIn,DataNodeServiceUnit
Wed Feb 12 19:38:24 UTC 2014,0.005,44.7083,9,DataNodeServiceUnit_scaleIn,DataNodeServiceUnit
Wed Feb 12 19:38:35 UTC 2014,0.005,44.7083,9,DataNodeServiceUnit_scaleIn,DataNodeServiceUnit
Wed Feb 12 19:38:52 UTC 2014,0.0251,47,9,DataNodeServiceUnit_scaleIn,DataNodeServiceUnit
Wed Feb 12 19:39:03 UTC 2014,0.0251,47,9,DataNodeServiceUnit_scaleIn,DataNodeServiceUnit
Wed Feb 12 19:39:18 UTC 2014,0.0251,42.7333,9,DataNodeServiceUnit_scaleIn,DataNodeServiceUnit
Wed Feb 12 19:39:29 UTC 2014,0.0038,42.7333,9,DataNodeServiceUnit_scaleIn,DataNodeServiceUnit
Wed Feb 12 19:39:39 UTC 2014,0.0038,42.7333,9,DataNodeServiceUnit_scaleIn,DataNodeServiceUnit
Wed Feb 12 19:39:49 UTC 2014,0.0038,42.7333,9,DataNodeServiceUnit_scaleIn,DataNodeServiceUnit
Wed Feb 12 19:40:02 UTC 2014,1.08,42.7167,9,DataNodeServiceUnit_scaleIn,DataNodeServiceUnit
Wed Feb 12 19:40:14 UTC 2014,1.08,42.7167,9,DataNodeServiceUnit_scaleIn,DataNodeServiceUnit
Wed Feb 12 19:40:23 UTC 2014,1.08,41.68,9,DataNodeServiceUnit_scaleIn,DataNodeServiceUnit
Wed Feb 12 19:40:37 UTC 2014,1.08,41.68,9,DataNodeServiceUnit_scaleIn,DataNodeServiceUnit
Wed Feb 12 19:40:46 UTC 2014,1.08,41.68,9,DataNodeServiceUnit_scaleIn,DataNodeServiceUnit
Wed Feb 12 19:40:59 UTC 2014,1.08,41.68,9,DataNodeServiceUnit_scaleIn,DataNodeServiceUnit
Wed Feb 12 19:41:13 UTC 2014,1.08,41.68,9,DataNodeServiceUnit_scaleIn,DataNodeServiceUnit
Wed Feb 12 19:41:23 UTC 2014,1.08,37.15,9,,
Wed Feb 12 19:41:43 UTC 2014,1.08,37.15,9,,
Wed Feb 12 19:41:55 UTC 2014,0.96,35.28,8,,
Wed Feb 12 19:42:13 UTC 2014,0.96,35.28,8,,
Wed Feb 12 19:42:26 UTC 2014,0.96,35.9,8,EventProcessingServiceUnit_scaleIn,EventProcessingServiceUnit
Wed Feb 12 19:42:45 UTC 2014,0.96,35.9,8,EventProcessingServiceUnit_scaleIn,EventProcessingServiceUnit
Wed Feb 12 19:43:00 UTC 2014,0.96,37.98,8,,
Wed Feb 12 19:43:09 UTC 2014,0.96,37.98,8,,
Wed Feb 12 19:43:16 UTC 2014,0.96,37.98,8,,
Wed Feb 12 19:43:34 UTC 2014,0.96,37.98,8,,
Wed Feb 12 19:43:44 UTC 2014,0.96,37.98,8,,
Wed Feb 12 19:43:51 UTC 2014,0.96,40.5,8,,
Wed Feb 12 19:44:02 UTC 2014,0.96,40.5,8,,
Wed Feb 12 19:44:08 UTC 2014,0.96,40.5,8,,
Wed Feb 12 19:44:26 UTC 2014,0.0039,43,8,,
Wed Feb 12 19:44:34 UTC 2014,0.0039,43,8,,
Wed Feb 12 19:44:41 UTC 2014,0.0039,43,8,,
Wed Feb 12 19:44:49 UTC 2014,0.0039,43,8,,
Wed Feb 12 19:44:56 UTC 2014,0.0686,42.38,8,,
Wed Feb 12 19:45:10 UTC 2014,0.0686,42.38,8,,
Wed Feb 12 19:45:19 UTC 2014,0.0686,42.38,8,,
Wed Feb 12 19:45:37 UTC 2014,0.0686,42.38,8,,
Wed Feb 12 19:45:45 UTC 2014,0.0029,45.91,8,EventProcessingServiceUnit_scaleOut,EventProcessingServiceUnit
Wed Feb 12 19:46:11 UTC 2014,0.0073,41.21,8,,
Wed Feb 12 19:46:29 UTC 2014,0.0073,41.21,8,,
Wed Feb 12 19:46:40 UTC 2014,0.0123,46.17,8,,
Wed Feb 12 19:46:48 UTC 2014,0.0123,46.17,8,,
Wed Feb 12 19:47:09 UTC 2014,0.0196,45.83,8,,
Wed Feb 12 19:47:20 UTC 2014,0.0196,45.83,8,,
Wed Feb 12 19:47:28 UTC 2014,0.0196,45.83,8,,
Wed Feb 12 19:47:34 UTC 2014,0.0196,45.83,8,,
Wed Feb 12 19:47:41 UTC 2014,0.0196,45.83,8,,
Wed Feb 12 19:47:49 UTC 2014,0.0196,45.83,8,,
Wed Feb 12 19:47:58 UTC 2014,0.0196,45.83,8,,
Wed Feb 12 19:48:04 UTC 2014,0.004,45.56,8,EventProcessingServiceUnit_scaleOut,EventProcessingServiceUnit
Wed Feb 12 19:48:19 UTC 2014,0.004,45.56,8,,
Wed Feb 12 19:48:34 UTC 2014,0.006,42.67,8,,
Wed Feb 12 19:48:43 UTC 2014,0.006,42.67,8,,
Wed Feb 12 19:48:52 UTC 2014,0.006,42.67,8,,
Wed Feb 12 19:48:58 UTC 2014,0.006,42.67,8,,
Wed Feb 12 19:49:08 UTC 2014,0.0457,44.79,8,,
Wed Feb 12 19:49:28 UTC 2014,0.0097,44.76,8,,
Wed Feb 12 19:49:52 UTC 2014,0.0097,44.76,8,,
Wed Feb 12 19:50:06 UTC 2014,0.96,42.91,8,,
Wed Feb 12 19:50:21 UTC 2014,0.96,42.91,8,,
Wed Feb 12 19:50:32 UTC 2014,0.96,40.89,8,,
Wed Feb 12 19:50:53 UTC 2014,0.96,40.89,8,,
Wed Feb 12 19:51:05 UTC 2014,0.96,38.68,8,,
Wed Feb 12 19:51:20 UTC 2014,0.96,38.68,8,DataNodeServiceUnit_scaleIn,DataNodeServiceUnit
Wed Feb 12 19:51:30 UTC 2014,0.96,38.68,8,DataNodeServiceUnit_scaleIn,DataNodeServiceUnit
Wed Feb 12 19:51:48 UTC 2014,0.96,36.61,8,DataNodeServiceUnit_scaleIn,DataNodeServiceUnit
Wed Feb 12 19:51:58 UTC 2014,0.96,36.61,8,DataNodeServiceUnit_scaleIn,DataNodeServiceUnit
Wed Feb 12 19:52:13 UTC 2014,0.96,35.89,8,DataNodeServiceUnit_scaleIn,DataNodeServiceUnit
Wed Feb 12 19:52:22 UTC 2014,0.96,35.89,8,DataNodeServiceUnit_scaleIn,DataNodeServiceUnit
Wed Feb 12 19:52:41 UTC 2014,0.96,42.09,8,DataNodeServiceUnit_scaleIn,DataNodeServiceUnit
Wed Feb 12 19:52:55 UTC 2014,0.96,42.09,8,DataNodeServiceUnit_scaleIn,DataNodeServiceUnit
Wed Feb 12 19:53:10 UTC 2014,0.84,37.95,7,,
Wed Feb 12 19:53:16 UTC 2014,0.84,37.95,7,,
Wed Feb 12 19:53:29 UTC 2014,0.84,37.95,7,,
Wed Feb 12 19:53:42 UTC 2014,0.84,38.9875,7,,
Wed Feb 12 19:53:50 UTC 2014,0.84,38.9875,7,,
Wed Feb 12 19:54:04 UTC 2014,0.0168,36.3875,7,,
Wed Feb 12 19:54:19 UTC 2014,0.0168,36.3875,7,,
Wed Feb 12 19:54:30 UTC 2014,0.06,43.4,7,,
Wed Feb 12 19:54:46 UTC 2014,0.06,43.4,7,,
Wed Feb 12 19:54:57 UTC 2014,0.06,43.4,7,,
Wed Feb 12 19:55:13 UTC 2014,0.0133,43.575,7,,
Wed Feb 12 19:55:25 UTC 2014,0.0067,38.9875,7,,
