Time ,cpuUsage ,cost ,latency ,numberOfVMs ,ongoingAction,targetedNodeID
Wed Feb 12 16:02:15 UTC 2014,44.85,0.24,0.1869,2,EventProcessingServiceUnit_scaleIn,EventProcessingServiceUnit
Wed Feb 12 16:02:35 UTC 2014,40.1,0.24,0.1869,2,EventProcessingServiceUnit_scaleIn,EventProcessingServiceUnit
Wed Feb 12 16:02:47 UTC 2014,40.1,0.24,0.1869,2,,
Wed Feb 12 16:02:55 UTC 2014,41.65,0.24,0.1869,2,,
Wed Feb 12 16:03:08 UTC 2014,43.6,0.24,0.1869,2,,
Wed Feb 12 16:03:26 UTC 2014,38.25,0.24,0.1869,2,,
Wed Feb 12 16:03:36 UTC 2014,43.4,0.24,0.1869,2,,
Wed Feb 12 16:03:51 UTC 2014,37.95,0.24,0.1869,2,,
Wed Feb 12 16:04:04 UTC 2014,43.45,0.24,0.1869,2,,
Wed Feb 12 16:04:22 UTC 2014,38.2,0.24,0.1869,2,,
Wed Feb 12 16:04:31 UTC 2014,38.2,0.24,0.1869,2,,
Wed Feb 12 16:04:46 UTC 2014,43.6,0.24,0.1869,2,,
Wed Feb 12 16:04:57 UTC 2014,38.4,0.24,0.1869,2,,
Wed Feb 12 16:05:08 UTC 2014,43.15,0.24,0.1869,2,,
Wed Feb 12 16:05:25 UTC 2014,37.45,0.24,0.1869,2,,
Wed Feb 12 16:05:37 UTC 2014,42.85,0.24,0.1869,2,,
Wed Feb 12 16:05:52 UTC 2014,37.7,0.24,0.1869,2,,
Wed Feb 12 16:06:04 UTC 2014,37.7,0.24,0.1869,2,,
Wed Feb 12 16:06:19 UTC 2014,49.8,0.24,0.1869,2,,
Wed Feb 12 16:06:33 UTC 2014,49.8,0.24,0.1869,2,,
Wed Feb 12 16:06:42 UTC 2014,43.7,0.24,0.1869,2,,
Wed Feb 12 16:06:59 UTC 2014,43.7,0.24,0.1869,2,EventProcessingServiceUnit_scaleOut,EventProcessingServiceUnit
Wed Feb 12 16:07:19 UTC 2014,37.9,0.24,0.1869,2,EventProcessingServiceUnit_scaleOut,EventProcessingServiceUnit
Wed Feb 12 16:07:30 UTC 2014,38.8,0.24,0.1869,2,EventProcessingServiceUnit_scaleOut,EventProcessingServiceUnit
Wed Feb 12 16:07:46 UTC 2014,44.8,0.24,0.1869,2,EventProcessingServiceUnit_scaleOut,EventProcessingServiceUnit
Wed Feb 12 16:08:03 UTC 2014,43.65,0.24,0.1869,2,EventProcessingServiceUnit_scaleOut,EventProcessingServiceUnit
Wed Feb 12 16:08:14 UTC 2014,43.65,0.24,0.1869,2,EventProcessingServiceUnit_scaleOut,EventProcessingServiceUnit
Wed Feb 12 16:08:25 UTC 2014,40.8,0.24,0.1869,2,EventProcessingServiceUnit_scaleOut,EventProcessingServiceUnit
Wed Feb 12 16:08:39 UTC 2014,31.55,0.24,0.1869,2,,
Wed Feb 12 16:08:50 UTC 2014,36.75,0.24,0.1869,2,,
Wed Feb 12 16:09:03 UTC 2014,36.75,0.24,0.1869,2,,
Wed Feb 12 16:09:14 UTC 2014,36.75,0.24,0.1869,2,,
Wed Feb 12 16:09:28 UTC 2014,40.2,0.24,0.1869,2,,
Wed Feb 12 16:09:39 UTC 2014,30,0.24,0.1869,2,,
Wed Feb 12 16:09:54 UTC 2014,30,0.24,0.1869,2,,
Wed Feb 12 16:10:00 UTC 2014,39.6,0.24,0.1869,2,,
Wed Feb 12 16:10:07 UTC 2014,39.6,0.24,0.1869,2,,
Wed Feb 12 16:10:13 UTC 2014,39.6,0.24,0.1869,2,,
Wed Feb 12 16:10:21 UTC 2014,37.5,0.24,0.1869,2,,
Wed Feb 12 16:10:39 UTC 2014,37.5,0.24,0.1869,2,,
Wed Feb 12 16:10:53 UTC 2014,30.25,0.24,0.1869,2,,
Wed Feb 12 16:11:03 UTC 2014,30.25,0.24,0.1869,2,,
Wed Feb 12 16:11:16 UTC 2014,38.7,0.24,0.1869,2,,
Wed Feb 12 16:11:29 UTC 2014,38.7,0.24,0.1869,2,DataNodeServiceUnit_scaleOut,DataNodeServiceUnit
Wed Feb 12 16:11:47 UTC 2014,28.85,0.24,0.1869,2,DataNodeServiceUnit_scaleOut,DataNodeServiceUnit
Wed Feb 12 16:12:00 UTC 2014,44.6,0.24,0.1869,2,DataNodeServiceUnit_scaleOut,DataNodeServiceUnit
Wed Feb 12 16:12:16 UTC 2014,33.3,0.24,0.1869,2,DataNodeServiceUnit_scaleOut,DataNodeServiceUnit
Wed Feb 12 16:12:29 UTC 2014,45.4,0.24,0.1869,2,DataNodeServiceUnit_scaleOut,DataNodeServiceUnit
Wed Feb 12 16:12:46 UTC 2014,40.35,0.36,0.1869,3,,
Wed Feb 12 16:12:55 UTC 2014,40.35,0.36,0.1869,3,,
Wed Feb 12 16:13:03 UTC 2014,40.35,0.36,0.1869,3,,
Wed Feb 12 16:13:08 UTC 2014,40.35,0.36,0.1869,3,,
Wed Feb 12 16:13:18 UTC 2014,40.35,0.36,0.1869,3,,
Wed Feb 12 16:13:27 UTC 2014,40.35,0.36,0.1869,3,,
Wed Feb 12 16:13:34 UTC 2014,43,0.36,0.1869,3,,
Wed Feb 12 16:13:41 UTC 2014,43,0.36,0.1869,3,EventProcessingServiceUnit_scaleOut,EventProcessingServiceUnit
Wed Feb 12 16:13:59 UTC 2014,48.975,0.36,0.1868,3,EventProcessingServiceUnit_scaleOut,EventProcessingServiceUnit
Wed Feb 12 16:14:13 UTC 2014,48.975,0.36,0.1868,3,EventProcessingServiceUnit_scaleOut,EventProcessingServiceUnit
Wed Feb 12 16:14:26 UTC 2014,55.225,0.36,0.1867,3,EventProcessingServiceUnit_scaleOut,EventProcessingServiceUnit
Wed Feb 12 16:14:39 UTC 2014,59.125,0.36,0.1866,3,EventProcessingServiceUnit_scaleOut,EventProcessingServiceUnit
Wed Feb 12 16:14:57 UTC 2014,59.125,0.36,0.1866,3,EventProcessingServiceUnit_scaleOut,EventProcessingServiceUnit
Wed Feb 12 16:15:12 UTC 2014,46.175,0.36,0.1866,3,,
Wed Feb 12 16:15:20 UTC 2014,46.175,0.36,0.1866,3,,
Wed Feb 12 16:15:28 UTC 2014,44.15,0.36,0.1866,3,,
Wed Feb 12 16:15:38 UTC 2014,44.15,0.36,0.1866,3,,
Wed Feb 12 16:15:48 UTC 2014,50.175,0.36,0.1866,3,,
Wed Feb 12 16:15:54 UTC 2014,50.175,0.36,0.1866,3,,
Wed Feb 12 16:16:01 UTC 2014,35.6,0.36,0.1867,3,,
Wed Feb 12 16:16:15 UTC 2014,35.6,0.36,0.1867,3,,
Wed Feb 12 16:16:21 UTC 2014,35.6,0.36,0.1867,3,,
Wed Feb 12 16:16:34 UTC 2014,55.375,0.36,0.1867,3,,
Wed Feb 12 16:16:49 UTC 2014,55.375,0.36,0.1867,3,,
Wed Feb 12 16:16:58 UTC 2014,52.075,0.36,0.1868,3,EventProcessingServiceUnit_scaleOut,EventProcessingServiceUnit
Wed Feb 12 16:17:11 UTC 2014,52.075,0.36,0.1868,3,EventProcessingServiceUnit_scaleOut,EventProcessingServiceUnit
Wed Feb 12 16:17:21 UTC 2014,52.075,0.36,0.1868,3,EventProcessingServiceUnit_scaleOut,EventProcessingServiceUnit
Wed Feb 12 16:17:36 UTC 2014,52.075,0.36,0.1868,3,EventProcessingServiceUnit_scaleOut,EventProcessingServiceUnit
Wed Feb 12 16:17:47 UTC 2014,49.8,0.36,0.1868,3,EventProcessingServiceUnit_scaleOut,EventProcessingServiceUnit
Wed Feb 12 16:18:04 UTC 2014,42.5,0.36,0.1868,3,EventProcessingServiceUnit_scaleOut,EventProcessingServiceUnit
Wed Feb 12 16:18:15 UTC 2014,36.15,0.36,0.1868,3,,
Wed Feb 12 16:18:29 UTC 2014,36.15,0.36,0.1868,3,,
Wed Feb 12 16:18:44 UTC 2014,41.925,0.36,0.1868,3,,
Wed Feb 12 16:18:54 UTC 2014,41.925,0.36,0.1868,3,,
Wed Feb 12 16:19:04 UTC 2014,41.925,0.36,0.1868,3,,
Wed Feb 12 16:19:17 UTC 2014,41.925,0.36,0.1868,3,,
Wed Feb 12 16:19:28 UTC 2014,42.925,0.36,0.1868,3,,
Wed Feb 12 16:19:37 UTC 2014,42.925,0.36,0.1868,3,,
Wed Feb 12 16:19:53 UTC 2014,32.7,0.36,0.1868,3,,
Wed Feb 12 16:20:08 UTC 2014,32.7,0.36,0.1868,3,,
Wed Feb 12 16:20:19 UTC 2014,32.7,0.36,0.1868,3,,
Wed Feb 12 16:20:27 UTC 2014,37.575,0.36,0.1868,3,EventProcessingServiceUnit_scaleIn,EventProcessingServiceUnit
Wed Feb 12 16:20:44 UTC 2014,37.575,0.36,0.1868,3,EventProcessingServiceUnit_scaleIn,EventProcessingServiceUnit
Wed Feb 12 16:20:55 UTC 2014,37.15,0.36,0.1868,3,EventProcessingServiceUnit_scaleIn,EventProcessingServiceUnit
Wed Feb 12 16:21:05 UTC 2014,37.15,0.36,0.1868,3,EventProcessingServiceUnit_scaleIn,EventProcessingServiceUnit
Wed Feb 12 16:21:18 UTC 2014,39.35,0.36,0.1868,3,EventProcessingServiceUnit_scaleIn,EventProcessingServiceUnit
Wed Feb 12 16:21:31 UTC 2014,39.35,0.36,0.1868,3,EventProcessingServiceUnit_scaleIn,EventProcessingServiceUnit
Wed Feb 12 16:21:42 UTC 2014,41.65,0.36,0.1868,3,EventProcessingServiceUnit_scaleIn,EventProcessingServiceUnit
Wed Feb 12 16:21:58 UTC 2014,41.65,0.36,0.1868,3,EventProcessingServiceUnit_scaleIn,EventProcessingServiceUnit
Wed Feb 12 16:22:08 UTC 2014,41.65,0.36,0.1868,3,EventProcessingServiceUnit_scaleIn,EventProcessingServiceUnit
Wed Feb 12 16:22:18 UTC 2014,41.65,0.36,0.1868,3,EventProcessingServiceUnit_scaleIn,EventProcessingServiceUnit
Wed Feb 12 16:22:29 UTC 2014,51.3,0.36,0.1869,3,EventProcessingServiceUnit_scaleIn,EventProcessingServiceUnit
Wed Feb 12 16:22:46 UTC 2014,48.3,0.36,0.1868,3,EventProcessingServiceUnit_scaleIn,EventProcessingServiceUnit
Wed Feb 12 16:22:56 UTC 2014,48.3,0.36,0.1868,3,EventProcessingServiceUnit_scaleIn,EventProcessingServiceUnit
Wed Feb 12 16:23:11 UTC 2014,48.3,0.36,0.1868,3,EventProcessingServiceUnit_scaleIn,EventProcessingServiceUnit
Wed Feb 12 16:23:26 UTC 2014,47.75,0.36,0.1868,3,,
Wed Feb 12 16:23:36 UTC 2014,50.25,0.36,0.1868,3,,
Wed Feb 12 16:23:53 UTC 2014,50.25,0.36,0.1868,3,,
Wed Feb 12 16:23:59 UTC 2014,50.25,0.36,0.1868,3,,
Wed Feb 12 16:24:06 UTC 2014,49.775,0.36,0.1871,3,,
Wed Feb 12 16:24:17 UTC 2014,49.775,0.36,0.1871,3,,
Wed Feb 12 16:24:33 UTC 2014,49.775,0.36,0.1871,3,,
Wed Feb 12 16:24:46 UTC 2014,46.35,0.36,0.1871,3,,
Wed Feb 12 16:24:55 UTC 2014,46.35,0.36,0.1871,3,,
Wed Feb 12 16:25:08 UTC 2014,49.85,0.36,0.1871,3,,
Wed Feb 12 16:25:22 UTC 2014,54.3,0.36,0.1871,3,,
Wed Feb 12 16:25:33 UTC 2014,54.3,0.36,0.1871,3,,
Wed Feb 12 16:25:45 UTC 2014,51.9,0.36,0.1871,3,,
Wed Feb 12 16:25:57 UTC 2014,51.9,0.36,0.1871,3,,
Wed Feb 12 16:26:04 UTC 2014,51.9,0.36,0.1871,3,,
Wed Feb 12 16:26:16 UTC 2014,46.125,0.36,0.1871,3,,
Wed Feb 12 16:26:29 UTC 2014,46.125,0.36,0.1871,3,,
Wed Feb 12 16:26:36 UTC 2014,44.65,0.36,0.1871,3,DataNodeServiceUnit_scaleIn,DataNodeServiceUnit
Wed Feb 12 16:26:56 UTC 2014,44.65,0.36,0.1871,3,DataNodeServiceUnit_scaleIn,DataNodeServiceUnit
Wed Feb 12 16:27:07 UTC 2014,38.65,0.36,0.1871,3,DataNodeServiceUnit_scaleIn,DataNodeServiceUnit
Wed Feb 12 16:27:24 UTC 2014,39.2,0.36,0.1871,3,DataNodeServiceUnit_scaleIn,DataNodeServiceUnit
Wed Feb 12 16:27:35 UTC 2014,39.2,0.36,0.1871,3,DataNodeServiceUnit_scaleIn,DataNodeServiceUnit
Wed Feb 12 16:27:50 UTC 2014,39.2,0.36,0.1871,3,DataNodeServiceUnit_scaleIn,DataNodeServiceUnit
Wed Feb 12 16:28:07 UTC 2014,41.7,0.36,0.1871,3,DataNodeServiceUnit_scaleIn,DataNodeServiceUnit
Wed Feb 12 16:28:21 UTC 2014,41.7,0.36,0.1871,3,DataNodeServiceUnit_scaleIn,DataNodeServiceUnit
Wed Feb 12 16:28:34 UTC 2014,38.35,0.36,0.1871,3,DataNodeServiceUnit_scaleIn,DataNodeServiceUnit
Wed Feb 12 16:28:46 UTC 2014,41.7,0.36,0.1871,3,DataNodeServiceUnit_scaleIn,DataNodeServiceUnit
Wed Feb 12 16:29:02 UTC 2014,41.7,0.36,0.1871,3,DataNodeServiceUnit_scaleIn,DataNodeServiceUnit
Wed Feb 12 16:29:15 UTC 2014,38.8,0.36,0.1871,3,DataNodeServiceUnit_scaleIn,DataNodeServiceUnit
Wed Feb 12 16:29:28 UTC 2014,51.55,0.36,0.1871,3,DataNodeServiceUnit_scaleIn,DataNodeServiceUnit
Wed Feb 12 16:29:41 UTC 2014,38.65,0.36,0.1871,3,DataNodeServiceUnit_scaleIn,DataNodeServiceUnit
Wed Feb 12 16:29:56 UTC 2014,38.65,0.36,0.1871,3,DataNodeServiceUnit_scaleIn,DataNodeServiceUnit
Wed Feb 12 16:30:08 UTC 2014,46.75,0.36,0.1871,2,DataNodeServiceUnit_scaleIn,DataNodeServiceUnit
Wed Feb 12 16:30:22 UTC 2014,46.75,0.24,0.1871,2,,
Wed Feb 12 16:30:32 UTC 2014,59.9,0.24,0.1871,2,,
Wed Feb 12 16:30:41 UTC 2014,59.9,0.24,0.1871,2,,
Wed Feb 12 16:30:48 UTC 2014,59.9,0.24,0.1871,2,,
Wed Feb 12 16:30:55 UTC 2014,64.05,0.24,0.1871,2,,
Wed Feb 12 16:31:14 UTC 2014,64.05,0.24,0.1871,2,,
Wed Feb 12 16:31:26 UTC 2014,56.15,0.24,0.1875,2,,
Wed Feb 12 16:31:38 UTC 2014,53.5,0.24,0.1875,2,,
Wed Feb 12 16:31:56 UTC 2014,48.4,0.24,0.1875,2,,
Wed Feb 12 16:32:14 UTC 2014,48.4,0.24,0.1875,2,,
Wed Feb 12 16:32:29 UTC 2014,52.6,0.24,0.1874,2,,
Wed Feb 12 16:32:40 UTC 2014,52.6,0.24,0.1874,2,,
Wed Feb 12 16:32:52 UTC 2014,55.5,0.24,0.1874,2,,
Wed Feb 12 16:33:00 UTC 2014,55.5,0.24,0.1874,2,,
Wed Feb 12 16:33:07 UTC 2014,55.15,0.24,0.1874,2,,
Wed Feb 12 16:33:13 UTC 2014,55.15,0.24,0.1874,2,,
Wed Feb 12 16:33:21 UTC 2014,55.15,0.24,0.1874,2,,
Wed Feb 12 16:33:28 UTC 2014,57.25,0.24,0.1875,2,,
Wed Feb 12 16:33:43 UTC 2014,56.75,0.24,0.1875,2,,
Wed Feb 12 16:34:01 UTC 2014,56.75,0.24,0.1875,2,,
Wed Feb 12 16:34:18 UTC 2014,51.15,0.24,0.1875,2,,
Wed Feb 12 16:34:29 UTC 2014,51.7,0.24,0.1875,2,,
Wed Feb 12 16:34:45 UTC 2014,51.7,0.24,0.1875,2,EventProcessingServiceUnit_scaleOut,EventProcessingServiceUnit
Wed Feb 12 16:34:56 UTC 2014,56.85,0.24,0.1876,2,EventProcessingServiceUnit_scaleOut,EventProcessingServiceUnit
Wed Feb 12 16:35:10 UTC 2014,56.85,0.24,0.1876,2,EventProcessingServiceUnit_scaleOut,EventProcessingServiceUnit
Wed Feb 12 16:35:28 UTC 2014,56.5,0.24,0.1875,2,EventProcessingServiceUnit_scaleOut,EventProcessingServiceUnit
Wed Feb 12 16:35:39 UTC 2014,58.9,0.24,0.1875,2,EventProcessingServiceUnit_scaleOut,EventProcessingServiceUnit
Wed Feb 12 16:35:52 UTC 2014,58.9,0.24,0.1875,2,EventProcessingServiceUnit_scaleOut,EventProcessingServiceUnit
Wed Feb 12 16:36:08 UTC 2014,47.95,0.24,0.1875,2,,
Wed Feb 12 16:36:19 UTC 2014,47.95,0.24,0.1875,2,,
Wed Feb 12 16:36:26 UTC 2014,47.95,0.24,0.1875,2,,
Wed Feb 12 16:36:33 UTC 2014,51.35,0.24,0.1875,2,,
Wed Feb 12 16:36:49 UTC 2014,55.15,0.24,0.1875,2,,
Wed Feb 12 16:36:59 UTC 2014,55.15,0.24,0.1875,2,,
Wed Feb 12 16:37:16 UTC 2014,55.15,0.24,0.1875,2,,
Wed Feb 12 16:37:29 UTC 2014,37,0.24,0.1875,2,,
Wed Feb 12 16:37:37 UTC 2014,37,0.24,0.1875,2,,
Wed Feb 12 16:37:46 UTC 2014,42.35,0.24,0.1875,2,,
Wed Feb 12 16:38:03 UTC 2014,42.35,0.24,0.1875,2,EventProcessingServiceUnit_scaleOut,EventProcessingServiceUnit
Wed Feb 12 16:38:19 UTC 2014,53.95,0.24,0.1875,2,EventProcessingServiceUnit_scaleOut,EventProcessingServiceUnit
Wed Feb 12 16:38:29 UTC 2014,53.95,0.24,0.1875,2,EventProcessingServiceUnit_scaleOut,EventProcessingServiceUnit
Wed Feb 12 16:38:41 UTC 2014,53.95,0.24,0.1875,2,EventProcessingServiceUnit_scaleOut,EventProcessingServiceUnit
Wed Feb 12 16:38:51 UTC 2014,54.85,0.24,0.1875,2,EventProcessingServiceUnit_scaleOut,EventProcessingServiceUnit
Wed Feb 12 16:39:05 UTC 2014,57.95,0.24,0.1876,2,,
Wed Feb 12 16:39:17 UTC 2014,57.95,0.24,0.1876,2,,
Wed Feb 12 16:39:27 UTC 2014,57.95,0.24,0.1876,2,,
Wed Feb 12 16:39:44 UTC 2014,62,0.24,0.1877,2,,
Wed Feb 12 16:39:52 UTC 2014,62,0.24,0.1877,2,,
Wed Feb 12 16:40:04 UTC 2014,59.45,0.24,0.1877,2,,
Wed Feb 12 16:40:16 UTC 2014,59.45,0.24,0.1877,2,,
Wed Feb 12 16:40:24 UTC 2014,56,0.24,0.1877,2,,
Wed Feb 12 16:40:38 UTC 2014,56,0.24,0.1877,2,,
Wed Feb 12 16:40:51 UTC 2014,56,0.24,0.1877,2,,
Wed Feb 12 16:41:09 UTC 2014,54.7,0.24,0.1877,2,,
Wed Feb 12 16:41:18 UTC 2014,54.7,0.24,0.1877,2,,
Wed Feb 12 16:41:29 UTC 2014,52.85,0.24,0.1877,2,,
Wed Feb 12 16:41:46 UTC 2014,52.85,0.24,0.1877,2,,
Wed Feb 12 16:42:00 UTC 2014,75.4,0.24,0.2642,2,,
Wed Feb 12 16:42:13 UTC 2014,75.4,0.24,0.2642,2,,
Wed Feb 12 16:42:21 UTC 2014,75.4,0.24,0.2642,2,,
Wed Feb 12 16:42:40 UTC 2014,74.1,0.24,0.2595,2,,
Wed Feb 12 16:42:49 UTC 2014,65.3,0.24,0.2564,2,,
Wed Feb 12 16:43:06 UTC 2014,65.3,0.24,0.2564,2,,
Wed Feb 12 16:43:14 UTC 2014,65.3,0.24,0.2564,2,,
Wed Feb 12 16:43:21 UTC 2014,65.3,0.24,0.2564,2,,
Wed Feb 12 16:43:36 UTC 2014,65.3,0.24,0.2564,2,,
Wed Feb 12 16:43:42 UTC 2014,80,0.24,0.2541,2,,
Wed Feb 12 16:43:56 UTC 2014,62.2,0.24,0.2505,2,,
Wed Feb 12 16:44:11 UTC 2014,62.2,0.24,0.2505,2,,
Wed Feb 12 16:44:20 UTC 2014,49.95,0.24,0.1882,2,,
Wed Feb 12 16:44:28 UTC 2014,52.6,0.24,0.1882,2,,
Wed Feb 12 16:44:49 UTC 2014,52.6,0.24,0.1882,2,,
Wed Feb 12 16:45:00 UTC 2014,52.6,0.24,0.1882,2,EventProcessingServiceUnit_scaleOut,EventProcessingServiceUnit
Wed Feb 12 16:45:10 UTC 2014,52.6,0.24,0.1882,2,EventProcessingServiceUnit_scaleOut,EventProcessingServiceUnit
Wed Feb 12 16:45:28 UTC 2014,56.9,0.24,0.1882,2,EventProcessingServiceUnit_scaleOut,EventProcessingServiceUnit
Wed Feb 12 16:45:42 UTC 2014,56.9,0.24,0.1882,2,EventProcessingServiceUnit_scaleOut,EventProcessingServiceUnit
Wed Feb 12 16:45:55 UTC 2014,50.25,0.24,0.1882,2,EventProcessingServiceUnit_scaleOut,EventProcessingServiceUnit
Wed Feb 12 16:46:08 UTC 2014,50.25,0.24,0.1882,2,EventProcessingServiceUnit_scaleOut,EventProcessingServiceUnit
Wed Feb 12 16:46:23 UTC 2014,47.9,0.24,0.1882,2,,
Wed Feb 12 16:46:39 UTC 2014,50.55,0.24,0.1882,2,,
Wed Feb 12 16:46:48 UTC 2014,50.55,0.24,0.1882,2,,
Wed Feb 12 16:46:59 UTC 2014,54.05,0.24,0.1881,2,,
Wed Feb 12 16:47:16 UTC 2014,54.05,0.24,0.1881,2,,
Wed Feb 12 16:47:32 UTC 2014,47.8,0.24,0.1882,2,EventProcessingServiceUnit_scaleIn,EventProcessingServiceUnit
Wed Feb 12 16:47:51 UTC 2014,53.55,0.24,0.1882,2,EventProcessingServiceUnit_scaleIn,EventProcessingServiceUnit
Wed Feb 12 16:48:04 UTC 2014,53.55,0.24,0.1882,2,EventProcessingServiceUnit_scaleIn,EventProcessingServiceUnit
Wed Feb 12 16:48:20 UTC 2014,53.55,0.24,0.1882,2,EventProcessingServiceUnit_scaleIn,EventProcessingServiceUnit
Wed Feb 12 16:48:33 UTC 2014,53.55,0.24,0.1882,2,EventProcessingServiceUnit_scaleIn,EventProcessingServiceUnit
Wed Feb 12 16:48:46 UTC 2014,51.3,0.24,0.1887,2,EventProcessingServiceUnit_scaleIn,EventProcessingServiceUnit
Wed Feb 12 16:48:59 UTC 2014,51.3,0.24,0.1887,2,EventProcessingServiceUnit_scaleIn,EventProcessingServiceUnit
Wed Feb 12 16:49:16 UTC 2014,49.6,0.24,0.1887,2,EventProcessingServiceUnit_scaleIn,EventProcessingServiceUnit
Wed Feb 12 16:49:31 UTC 2014,49.6,0.24,0.1891,2,EventProcessingServiceUnit_scaleIn,EventProcessingServiceUnit
Wed Feb 12 16:49:48 UTC 2014,39.15,0.24,0.1891,2,EventProcessingServiceUnit_scaleIn,EventProcessingServiceUnit
Wed Feb 12 16:49:59 UTC 2014,41.8,0.24,0.1891,2,EventProcessingServiceUnit_scaleIn,EventProcessingServiceUnit
Wed Feb 12 16:50:16 UTC 2014,41.8,0.24,0.1891,2,,
Wed Feb 12 16:50:22 UTC 2014,42.2,0.24,0.1891,2,,
Wed Feb 12 16:50:42 UTC 2014,42.2,0.24,0.1891,2,,
Wed Feb 12 16:50:54 UTC 2014,42.2,0.24,0.1891,2,,
Wed Feb 12 16:51:05 UTC 2014,42.2,0.24,0.1891,2,,
Wed Feb 12 16:51:12 UTC 2014,47.3,0.24,0.1891,2,,
Wed Feb 12 16:51:25 UTC 2014,45.55,0.24,0.1892,2,,
Wed Feb 12 16:51:42 UTC 2014,45.55,0.24,0.1892,2,,
Wed Feb 12 16:51:52 UTC 2014,43.4,0.24,0.1891,2,,
Wed Feb 12 16:52:12 UTC 2014,43.4,0.24,0.1891,2,,
Wed Feb 12 16:52:23 UTC 2014,43.4,0.24,0.1891,2,,
Wed Feb 12 16:52:34 UTC 2014,47.5,0.24,0.1892,2,,
Wed Feb 12 16:52:50 UTC 2014,47.5,0.24,0.1892,2,,
Wed Feb 12 16:53:00 UTC 2014,65.95,0.24,0.1892,2,,
Wed Feb 12 16:53:16 UTC 2014,65.95,0.24,0.1892,2,,
Wed Feb 12 16:53:28 UTC 2014,61.15,0.24,0.1892,2,,
Wed Feb 12 16:53:42 UTC 2014,61.15,0.24,0.1892,2,,
Wed Feb 12 16:53:52 UTC 2014,61.15,0.24,0.1892,2,,
Wed Feb 12 16:54:07 UTC 2014,61.15,0.24,0.1892,2,,
Wed Feb 12 16:54:19 UTC 2014,58.7,0.24,0.1892,2,,
Wed Feb 12 16:54:29 UTC 2014,63.7,0.24,0.1892,2,,
Wed Feb 12 16:54:47 UTC 2014,63.7,0.24,0.1892,2,,
Wed Feb 12 16:54:56 UTC 2014,68.45,0.24,0.1892,2,,
Wed Feb 12 16:55:15 UTC 2014,68.45,0.24,0.1892,2,,
Wed Feb 12 16:55:32 UTC 2014,68.45,0.24,0.1892,2,,
Wed Feb 12 16:55:44 UTC 2014,68.45,0.24,0.1892,2,DataNodeServiceUnit_scaleOut,DataNodeServiceUnit
Wed Feb 12 16:56:00 UTC 2014,51.75,0.24,0.1892,2,DataNodeServiceUnit_scaleOut,DataNodeServiceUnit
Wed Feb 12 16:56:13 UTC 2014,51.75,0.24,0.1892,2,DataNodeServiceUnit_scaleOut,DataNodeServiceUnit
Wed Feb 12 16:56:23 UTC 2014,41.8,0.24,0.1892,2,DataNodeServiceUnit_scaleOut,DataNodeServiceUnit
Wed Feb 12 16:56:34 UTC 2014,41.8,0.24,0.1892,2,DataNodeServiceUnit_scaleOut,DataNodeServiceUnit
Wed Feb 12 16:56:44 UTC 2014,37.3,0.24,0.1892,2,DataNodeServiceUnit_scaleOut,DataNodeServiceUnit
Wed Feb 12 16:56:58 UTC 2014,37.3,0.24,0.1892,2,DataNodeServiceUnit_scaleOut,DataNodeServiceUnit
Wed Feb 12 16:57:10 UTC 2014,45.4,0.24,0.1892,2,DataNodeServiceUnit_scaleOut,DataNodeServiceUnit
Wed Feb 12 16:57:21 UTC 2014,45.4,0.24,0.1892,2,,
Wed Feb 12 16:57:30 UTC 2014,45.4,0.36,0.1892,3,,
Wed Feb 12 16:57:39 UTC 2014,45.4,0.36,0.1892,3,,
Wed Feb 12 16:57:52 UTC 2014,31.1,0.36,0.1892,3,,
Wed Feb 12 16:58:01 UTC 2014,31.1,0.36,0.1892,3,,
Wed Feb 12 16:58:09 UTC 2014,53.4,0.36,0.1892,3,,
Wed Feb 12 16:58:15 UTC 2014,53.4,0.36,0.1892,3,,
Wed Feb 12 16:58:24 UTC 2014,53.4,0.36,0.1892,3,,
Wed Feb 12 16:58:36 UTC 2014,54.2,0.36,0.1892,3,,
Wed Feb 12 16:58:57 UTC 2014,54.2,0.36,0.1892,3,,
Wed Feb 12 16:59:05 UTC 2014,49.15,0.36,0.1892,3,,
Wed Feb 12 16:59:25 UTC 2014,52,0.36,0.1892,3,,
Wed Feb 12 16:59:44 UTC 2014,52,0.36,0.1892,3,,
Wed Feb 12 16:59:52 UTC 2014,40.7,0.36,0.1892,3,,
Wed Feb 12 17:00:05 UTC 2014,40.7,0.36,0.1892,3,,
Wed Feb 12 17:00:23 UTC 2014,40.7,0.36,0.1892,3,,
Wed Feb 12 17:00:34 UTC 2014,40.7,0.36,0.1892,3,,
Wed Feb 12 17:00:41 UTC 2014,40.7,0.36,0.1892,3,EventProcessingServiceUnit_scaleIn,EventProcessingServiceUnit
Wed Feb 12 17:00:53 UTC 2014,37.2,0.36,0.1892,3,EventProcessingServiceUnit_scaleIn,EventProcessingServiceUnit
Wed Feb 12 17:01:05 UTC 2014,36.4,0.36,0.1892,3,EventProcessingServiceUnit_scaleIn,EventProcessingServiceUnit
Wed Feb 12 17:01:22 UTC 2014,36.4,0.36,0.1892,3,EventProcessingServiceUnit_scaleIn,EventProcessingServiceUnit
Wed Feb 12 17:01:33 UTC 2014,40.225,0.36,0.1892,3,EventProcessingServiceUnit_scaleIn,EventProcessingServiceUnit
Wed Feb 12 17:01:45 UTC 2014,40.225,0.36,0.1892,3,EventProcessingServiceUnit_scaleIn,EventProcessingServiceUnit
Wed Feb 12 17:02:00 UTC 2014,43.075,0.36,0.1892,3,EventProcessingServiceUnit_scaleIn,EventProcessingServiceUnit
Wed Feb 12 17:02:12 UTC 2014,43.075,0.36,0.1892,3,EventProcessingServiceUnit_scaleIn,EventProcessingServiceUnit
Wed Feb 12 17:02:24 UTC 2014,43.075,0.36,0.1892,3,EventProcessingServiceUnit_scaleIn,EventProcessingServiceUnit
Wed Feb 12 17:02:34 UTC 2014,43.775,0.36,0.1892,3,EventProcessingServiceUnit_scaleIn,EventProcessingServiceUnit
Wed Feb 12 17:02:48 UTC 2014,52.175,0.36,0.1891,3,EventProcessingServiceUnit_scaleIn,EventProcessingServiceUnit
Wed Feb 12 17:03:03 UTC 2014,52.175,0.36,0.1891,3,EventProcessingServiceUnit_scaleIn,EventProcessingServiceUnit
Wed Feb 12 17:03:14 UTC 2014,52.175,0.36,0.1891,3,EventProcessingServiceUnit_scaleIn,EventProcessingServiceUnit
Wed Feb 12 17:03:24 UTC 2014,52.175,0.36,0.1891,3,EventProcessingServiceUnit_scaleIn,EventProcessingServiceUnit
Wed Feb 12 17:03:36 UTC 2014,52.175,0.36,0.1891,3,,
Wed Feb 12 17:03:43 UTC 2014,48.325,0.36,0.1891,3,,
Wed Feb 12 17:03:51 UTC 2014,48.325,0.36,0.1891,3,,
Wed Feb 12 17:03:59 UTC 2014,55.675,0.36,0.189,3,,
Wed Feb 12 17:04:12 UTC 2014,55.675,0.36,0.189,3,,
Wed Feb 12 17:04:20 UTC 2014,52.175,0.36,0.1889,3,,
Wed Feb 12 17:04:36 UTC 2014,52.175,0.36,0.1889,3,EventProcessingServiceUnit_scaleOut,EventProcessingServiceUnit
Wed Feb 12 17:04:56 UTC 2014,52.5,0.36,0.1888,3,EventProcessingServiceUnit_scaleOut,EventProcessingServiceUnit
Wed Feb 12 17:05:08 UTC 2014,52.5,0.36,0.1888,3,EventProcessingServiceUnit_scaleOut,EventProcessingServiceUnit
Wed Feb 12 17:05:20 UTC 2014,52.5,0.36,0.1888,3,EventProcessingServiceUnit_scaleOut,EventProcessingServiceUnit
Wed Feb 12 17:05:37 UTC 2014,54.075,0.36,0.1887,3,EventProcessingServiceUnit_scaleOut,EventProcessingServiceUnit
Wed Feb 12 17:05:49 UTC 2014,54.075,0.36,0.1887,3,,
Wed Feb 12 17:06:03 UTC 2014,59.925,0.36,0.1886,3,,
Wed Feb 12 17:06:14 UTC 2014,59.925,0.36,0.1886,3,,
Wed Feb 12 17:06:20 UTC 2014,59.925,0.36,0.1886,3,,
Wed Feb 12 17:06:27 UTC 2014,59.925,0.36,0.1886,3,,
Wed Feb 12 17:06:40 UTC 2014,59.925,0.36,0.1886,3,,
Wed Feb 12 17:06:53 UTC 2014,67.35,0.36,0.1885,3,,
Wed Feb 12 17:07:04 UTC 2014,67.35,0.36,0.1885,3,,
Wed Feb 12 17:07:11 UTC 2014,36.7,0.36,0.1885,3,,
Wed Feb 12 17:07:24 UTC 2014,36.7,0.36,0.1885,3,,
Wed Feb 12 17:07:30 UTC 2014,36.7,0.36,0.1885,3,,
Wed Feb 12 17:07:36 UTC 2014,36.7,0.36,0.1885,3,,
Wed Feb 12 17:07:44 UTC 2014,50.425,0.36,0.1884,3,,
Wed Feb 12 17:07:55 UTC 2014,55.125,0.36,0.1884,3,,
Wed Feb 12 17:08:10 UTC 2014,55.125,0.36,0.1884,3,,
Wed Feb 12 17:08:19 UTC 2014,51.625,0.36,0.1884,3,,
Wed Feb 12 17:08:34 UTC 2014,51.625,0.36,0.1884,3,,
Wed Feb 12 17:08:40 UTC 2014,60.425,0.36,0.1883,3,,
Wed Feb 12 17:08:54 UTC 2014,60.425,0.36,0.1883,3,,
Wed Feb 12 17:09:02 UTC 2014,60.425,0.36,0.1883,3,,
Wed Feb 12 17:09:17 UTC 2014,60.425,0.36,0.1883,3,,
Wed Feb 12 17:09:28 UTC 2014,60.425,0.36,0.1883,3,,
Wed Feb 12 17:09:40 UTC 2014,55.075,0.36,0.1883,3,,
Wed Feb 12 17:09:48 UTC 2014,55.075,0.36,0.1883,3,,
Wed Feb 12 17:09:56 UTC 2014,55.075,0.36,0.1883,3,,
Wed Feb 12 17:10:05 UTC 2014,55.075,0.36,0.1883,3,,
Wed Feb 12 17:10:13 UTC 2014,61.125,0.36,0.1883,3,,
Wed Feb 12 17:10:20 UTC 2014,61.125,0.36,0.1883,3,,
Wed Feb 12 17:10:33 UTC 2014,52.825,0.36,0.1882,3,,
Wed Feb 12 17:10:41 UTC 2014,52.825,0.36,0.1882,3,,
Wed Feb 12 17:10:57 UTC 2014,52.825,0.36,0.1882,3,,
Wed Feb 12 17:11:04 UTC 2014,52.825,0.36,0.1882,3,,
Wed Feb 12 17:11:11 UTC 2014,52.825,0.36,0.1882,3,,
Wed Feb 12 17:11:18 UTC 2014,53.975,0.36,0.1882,3,,
Wed Feb 12 17:11:31 UTC 2014,53.975,0.36,0.1882,3,EventProcessingServiceUnit_scaleIn,EventProcessingServiceUnit
Wed Feb 12 17:11:48 UTC 2014,53.975,0.36,0.1882,3,EventProcessingServiceUnit_scaleIn,EventProcessingServiceUnit
Wed Feb 12 17:11:57 UTC 2014,45.325,0.36,0.1881,3,EventProcessingServiceUnit_scaleIn,EventProcessingServiceUnit
Wed Feb 12 17:12:11 UTC 2014,45.325,0.36,0.1881,3,EventProcessingServiceUnit_scaleIn,EventProcessingServiceUnit
Wed Feb 12 17:12:22 UTC 2014,51.725,0.36,0.1881,3,EventProcessingServiceUnit_scaleIn,EventProcessingServiceUnit
Wed Feb 12 17:12:33 UTC 2014,51.725,0.36,0.1881,3,EventProcessingServiceUnit_scaleIn,EventProcessingServiceUnit
Wed Feb 12 17:12:45 UTC 2014,51.725,0.36,0.1881,3,EventProcessingServiceUnit_scaleIn,EventProcessingServiceUnit
Wed Feb 12 17:12:55 UTC 2014,44.675,0.36,0.1881,3,EventProcessingServiceUnit_scaleIn,EventProcessingServiceUnit
Wed Feb 12 17:13:05 UTC 2014,44.675,0.36,0.1881,3,EventProcessingServiceUnit_scaleIn,EventProcessingServiceUnit
Wed Feb 12 17:13:16 UTC 2014,44.675,0.36,0.1881,3,EventProcessingServiceUnit_scaleIn,EventProcessingServiceUnit
Wed Feb 12 17:13:26 UTC 2014,44.675,0.36,0.1881,3,EventProcessingServiceUnit_scaleIn,EventProcessingServiceUnit
Wed Feb 12 17:13:39 UTC 2014,46.725,0.36,0.1881,3,EventProcessingServiceUnit_scaleIn,EventProcessingServiceUnit
Wed Feb 12 17:13:50 UTC 2014,46.725,0.36,0.1881,3,EventProcessingServiceUnit_scaleIn,EventProcessingServiceUnit
Wed Feb 12 17:14:01 UTC 2014,42.6,0.36,0.1881,3,EventProcessingServiceUnit_scaleIn,EventProcessingServiceUnit
Wed Feb 12 17:14:11 UTC 2014,42.6,0.36,0.1881,3,,
Wed Feb 12 17:14:22 UTC 2014,45.875,0.36,0.1881,3,,
Wed Feb 12 17:14:31 UTC 2014,45.875,0.36,0.1881,3,,
Wed Feb 12 17:14:39 UTC 2014,45.875,0.36,0.1881,3,,
Wed Feb 12 17:14:54 UTC 2014,45.875,0.36,0.1881,3,,
Wed Feb 12 17:15:06 UTC 2014,45.875,0.36,0.1881,3,,
Wed Feb 12 17:15:15 UTC 2014,47.425,0.36,0.1881,3,,
Wed Feb 12 17:15:26 UTC 2014,47.425,0.36,0.1881,3,,
Wed Feb 12 17:15:38 UTC 2014,52.625,0.36,0.1881,3,,
Wed Feb 12 17:15:49 UTC 2014,52.625,0.36,0.1881,3,,
Wed Feb 12 17:15:58 UTC 2014,51.775,0.36,0.188,3,,
Wed Feb 12 17:16:05 UTC 2014,51.775,0.36,0.188,3,,
Wed Feb 12 17:16:25 UTC 2014,51.775,0.36,0.188,3,,
Wed Feb 12 17:16:31 UTC 2014,51.775,0.36,0.188,3,,
Wed Feb 12 17:16:41 UTC 2014,58.075,0.36,0.1881,3,,
Wed Feb 12 17:16:54 UTC 2014,58.075,0.36,0.1881,3,,
Wed Feb 12 17:17:06 UTC 2014,56,0.36,0.1882,3,,
Wed Feb 12 17:17:17 UTC 2014,56,0.36,0.1882,3,,
Wed Feb 12 17:17:29 UTC 2014,56,0.36,0.1882,3,,
Wed Feb 12 17:17:37 UTC 2014,57.325,0.36,0.1882,3,,
Wed Feb 12 17:17:53 UTC 2014,54.975,0.36,0.1885,3,,
Wed Feb 12 17:18:04 UTC 2014,54.975,0.36,0.1885,3,,
Wed Feb 12 17:18:21 UTC 2014,55.9,0.36,0.1885,3,,
Wed Feb 12 17:18:27 UTC 2014,55.9,0.36,0.1885,3,,
Wed Feb 12 17:18:43 UTC 2014,55.9,0.36,0.1885,3,,
Wed Feb 12 17:18:55 UTC 2014,55.9,0.36,0.1885,3,EventProcessingServiceUnit_scaleOut,EventProcessingServiceUnit
Wed Feb 12 17:19:11 UTC 2014,54.6,0.36,0.1885,3,EventProcessingServiceUnit_scaleOut,EventProcessingServiceUnit
Wed Feb 12 17:19:24 UTC 2014,54.6,0.36,0.1885,3,EventProcessingServiceUnit_scaleOut,EventProcessingServiceUnit
Wed Feb 12 17:19:36 UTC 2014,57.6,0.36,0.1885,3,EventProcessingServiceUnit_scaleOut,EventProcessingServiceUnit
Wed Feb 12 17:19:46 UTC 2014,57.6,0.36,0.1885,3,EventProcessingServiceUnit_scaleOut,EventProcessingServiceUnit
Wed Feb 12 17:19:58 UTC 2014,56.925,0.36,0.1885,3,EventProcessingServiceUnit_scaleOut,EventProcessingServiceUnit
Wed Feb 12 17:20:13 UTC 2014,56.925,0.36,0.1885,3,,
Wed Feb 12 17:20:23 UTC 2014,55.625,0.36,0.1885,3,,
Wed Feb 12 17:20:29 UTC 2014,55.625,0.36,0.1885,3,,
Wed Feb 12 17:20:42 UTC 2014,55.625,0.36,0.1885,3,,
Wed Feb 12 17:20:52 UTC 2014,55.625,0.36,0.1885,3,,
Wed Feb 12 17:21:05 UTC 2014,51.775,0.36,0.1884,3,,
Wed Feb 12 17:21:21 UTC 2014,51.775,0.36,0.1884,3,,
Wed Feb 12 17:21:35 UTC 2014,51.775,0.36,0.1884,3,,
Wed Feb 12 17:21:43 UTC 2014,53.15,0.36,0.1884,3,,
Wed Feb 12 17:21:56 UTC 2014,53.15,0.36,0.1884,3,,
Wed Feb 12 17:22:09 UTC 2014,50.375,0.36,0.1888,3,,
Wed Feb 12 17:22:19 UTC 2014,50.375,0.36,0.1888,3,,
Wed Feb 12 17:22:28 UTC 2014,50.375,0.36,0.1888,3,,
Wed Feb 12 17:22:34 UTC 2014,50.375,0.36,0.1888,3,,
Wed Feb 12 17:22:42 UTC 2014,38.25,0.36,0.1888,3,,
Wed Feb 12 17:22:54 UTC 2014,38.25,0.36,0.1888,3,,
Wed Feb 12 17:23:05 UTC 2014,44.175,0.36,0.1888,3,,
Wed Feb 12 17:23:19 UTC 2014,44.175,0.36,0.1888,3,,
Wed Feb 12 17:23:26 UTC 2014,44.175,0.36,0.1888,3,,
Wed Feb 12 17:23:36 UTC 2014,44.175,0.36,0.1888,3,,
Wed Feb 12 17:23:48 UTC 2014,44.175,0.36,0.1888,3,,
Wed Feb 12 17:24:00 UTC 2014,44.175,0.36,0.1888,3,,
Wed Feb 12 17:24:07 UTC 2014,40.25,0.36,0.1888,3,,
Wed Feb 12 17:24:16 UTC 2014,40.25,0.36,0.1888,3,,
Wed Feb 12 17:24:25 UTC 2014,40.25,0.36,0.1888,3,,
Wed Feb 12 17:24:33 UTC 2014,46.625,0.36,0.1888,3,,
Wed Feb 12 17:24:40 UTC 2014,46.625,0.36,0.1888,3,,
Wed Feb 12 17:24:55 UTC 2014,48.625,0.36,0.1888,3,,
Wed Feb 12 17:25:04 UTC 2014,48.625,0.36,0.1888,3,,
Wed Feb 12 17:25:12 UTC 2014,48.625,0.36,0.1888,3,,
Wed Feb 12 17:25:26 UTC 2014,49.8,0.36,0.1888,3,EventProcessingServiceUnit_scaleIn,EventProcessingServiceUnit
Wed Feb 12 17:25:46 UTC 2014,49.8,0.36,0.1888,3,EventProcessingServiceUnit_scaleIn,EventProcessingServiceUnit
Wed Feb 12 17:26:00 UTC 2014,49.8,0.36,0.1888,3,EventProcessingServiceUnit_scaleIn,EventProcessingServiceUnit
Wed Feb 12 17:26:12 UTC 2014,49.8,0.36,0.1888,3,EventProcessingServiceUnit_scaleIn,EventProcessingServiceUnit
Wed Feb 12 17:26:24 UTC 2014,56.175,0.36,0.1888,3,EventProcessingServiceUnit_scaleIn,EventProcessingServiceUnit
Wed Feb 12 17:26:35 UTC 2014,56.175,0.36,0.1888,3,EventProcessingServiceUnit_scaleIn,EventProcessingServiceUnit
Wed Feb 12 17:26:47 UTC 2014,57.575,0.36,0.1889,3,EventProcessingServiceUnit_scaleIn,EventProcessingServiceUnit
Wed Feb 12 17:26:59 UTC 2014,57.575,0.36,0.1889,3,EventProcessingServiceUnit_scaleIn,EventProcessingServiceUnit
Wed Feb 12 17:27:13 UTC 2014,57.575,0.36,0.1888,3,EventProcessingServiceUnit_scaleIn,EventProcessingServiceUnit
Wed Feb 12 17:27:24 UTC 2014,47.675,0.36,0.1888,3,EventProcessingServiceUnit_scaleIn,EventProcessingServiceUnit
Wed Feb 12 17:27:35 UTC 2014,47.675,0.36,0.1888,3,EventProcessingServiceUnit_scaleIn,EventProcessingServiceUnit
Wed Feb 12 17:27:47 UTC 2014,54.225,0.36,0.1888,3,EventProcessingServiceUnit_scaleIn,EventProcessingServiceUnit
Wed Feb 12 17:28:01 UTC 2014,54.225,0.36,0.1888,3,EventProcessingServiceUnit_scaleIn,EventProcessingServiceUnit
Wed Feb 12 17:28:12 UTC 2014,54.225,0.36,0.1888,3,EventProcessingServiceUnit_scaleIn,EventProcessingServiceUnit
Wed Feb 12 17:28:24 UTC 2014,54.225,0.36,0.1888,3,EventProcessingServiceUnit_scaleIn,EventProcessingServiceUnit
Wed Feb 12 17:28:35 UTC 2014,54.775,0.36,0.1888,3,,
Wed Feb 12 17:28:52 UTC 2014,55.325,0.36,0.1889,3,,
Wed Feb 12 17:29:03 UTC 2014,55.325,0.36,0.1889,3,,
Wed Feb 12 17:29:15 UTC 2014,53.3,0.36,0.1889,3,,
Wed Feb 12 17:29:23 UTC 2014,53.3,0.36,0.1889,3,,
Wed Feb 12 17:29:30 UTC 2014,53.3,0.36,0.1889,3,,
Wed Feb 12 17:29:44 UTC 2014,53.3,0.36,0.1889,3,,
Wed Feb 12 17:29:54 UTC 2014,53.3,0.36,0.1889,3,,
Wed Feb 12 17:30:00 UTC 2014,53.3,0.36,0.1889,3,,
Wed Feb 12 17:30:08 UTC 2014,55.575,0.36,0.1889,3,,
Wed Feb 12 17:30:23 UTC 2014,55.575,0.36,0.1889,3,,
Wed Feb 12 17:30:31 UTC 2014,50.825,0.36,0.189,3,,
Wed Feb 12 17:30:42 UTC 2014,50.825,0.36,0.189,3,,
Wed Feb 12 17:30:58 UTC 2014,45.925,0.36,0.189,3,,
Wed Feb 12 17:31:03 UTC 2014,45.925,0.36,0.189,3,EventProcessingServiceUnit_scaleIn,EventProcessingServiceUnit
Wed Feb 12 17:31:22 UTC 2014,48.575,0.36,0.189,3,EventProcessingServiceUnit_scaleIn,EventProcessingServiceUnit
Wed Feb 12 17:31:33 UTC 2014,48.575,0.36,0.189,3,EventProcessingServiceUnit_scaleIn,EventProcessingServiceUnit
Wed Feb 12 17:31:47 UTC 2014,42.75,0.36,0.189,3,EventProcessingServiceUnit_scaleIn,EventProcessingServiceUnit
Wed Feb 12 17:31:58 UTC 2014,42.75,0.36,0.189,3,EventProcessingServiceUnit_scaleIn,EventProcessingServiceUnit
Wed Feb 12 17:32:10 UTC 2014,42.75,0.36,0.189,3,EventProcessingServiceUnit_scaleIn,EventProcessingServiceUnit
Wed Feb 12 17:32:21 UTC 2014,42.35,0.36,0.189,3,EventProcessingServiceUnit_scaleIn,EventProcessingServiceUnit
Wed Feb 12 17:32:31 UTC 2014,32.3,0.36,0.189,3,EventProcessingServiceUnit_scaleIn,EventProcessingServiceUnit
Wed Feb 12 17:32:46 UTC 2014,32.3,0.36,0.189,3,EventProcessingServiceUnit_scaleIn,EventProcessingServiceUnit
Wed Feb 12 17:32:55 UTC 2014,32.3,0.36,0.189,3,EventProcessingServiceUnit_scaleIn,EventProcessingServiceUnit
Wed Feb 12 17:33:07 UTC 2014,41.95,0.36,0.189,3,EventProcessingServiceUnit_scaleIn,EventProcessingServiceUnit
Wed Feb 12 17:33:19 UTC 2014,43.65,0.36,0.189,3,EventProcessingServiceUnit_scaleIn,EventProcessingServiceUnit
Wed Feb 12 17:33:32 UTC 2014,43.65,0.36,0.189,3,EventProcessingServiceUnit_scaleIn,EventProcessingServiceUnit
Wed Feb 12 17:33:45 UTC 2014,50,0.36,0.189,3,EventProcessingServiceUnit_scaleIn,EventProcessingServiceUnit
Wed Feb 12 17:34:01 UTC 2014,50,0.36,0.189,3,,
Wed Feb 12 17:34:13 UTC 2014,50,0.36,0.189,3,,
Wed Feb 12 17:34:23 UTC 2014,46.225,0.36,0.189,3,,
Wed Feb 12 17:34:33 UTC 2014,43.975,0.36,0.189,3,,
Wed Feb 12 17:34:53 UTC 2014,43.975,0.36,0.189,3,,
Wed Feb 12 17:35:03 UTC 2014,53.75,0.36,0.189,3,,
Wed Feb 12 17:35:10 UTC 2014,53.75,0.36,0.189,3,,
Wed Feb 12 17:35:16 UTC 2014,53.75,0.36,0.189,3,,
Wed Feb 12 17:35:29 UTC 2014,53.75,0.36,0.189,3,,
Wed Feb 12 17:35:44 UTC 2014,57.825,0.36,0.189,3,,
Wed Feb 12 17:35:51 UTC 2014,57.825,0.36,0.189,3,,
Wed Feb 12 17:35:59 UTC 2014,57.825,0.36,0.189,3,,
Wed Feb 12 17:36:05 UTC 2014,54.425,0.36,0.189,3,,
Wed Feb 12 17:36:19 UTC 2014,54.425,0.36,0.189,3,,
Wed Feb 12 17:36:32 UTC 2014,47.625,0.36,0.189,3,,
Wed Feb 12 17:36:42 UTC 2014,52.325,0.36,0.189,3,,
Wed Feb 12 17:36:56 UTC 2014,52.325,0.36,0.189,3,,
Wed Feb 12 17:37:03 UTC 2014,52.325,0.36,0.189,3,,
Wed Feb 12 17:37:16 UTC 2014,52.35,0.36,0.189,3,,
Wed Feb 12 17:37:29 UTC 2014,52.35,0.36,0.189,3,,
Wed Feb 12 17:37:39 UTC 2014,52.35,0.36,0.189,3,EventProcessingServiceUnit_scaleOut,EventProcessingServiceUnit
Wed Feb 12 17:37:56 UTC 2014,52.1,0.36,0.1891,3,EventProcessingServiceUnit_scaleOut,EventProcessingServiceUnit
Wed Feb 12 17:38:08 UTC 2014,52.1,0.36,0.1891,3,EventProcessingServiceUnit_scaleOut,EventProcessingServiceUnit
Wed Feb 12 17:38:19 UTC 2014,53.125,0.36,0.1891,3,EventProcessingServiceUnit_scaleOut,EventProcessingServiceUnit
Wed Feb 12 17:38:31 UTC 2014,55.4,0.36,0.189,3,EventProcessingServiceUnit_scaleOut,EventProcessingServiceUnit
Wed Feb 12 17:38:43 UTC 2014,55.4,0.36,0.189,3,EventProcessingServiceUnit_scaleOut,EventProcessingServiceUnit
Wed Feb 12 17:38:54 UTC 2014,49.475,0.36,0.189,3,EventProcessingServiceUnit_scaleOut,EventProcessingServiceUnit
Wed Feb 12 17:39:07 UTC 2014,49.475,0.36,0.189,3,,
Wed Feb 12 17:39:16 UTC 2014,49.475,0.36,0.189,3,,
Wed Feb 12 17:39:25 UTC 2014,49.475,0.36,0.189,3,,
Wed Feb 12 17:39:36 UTC 2014,56.325,0.36,0.189,3,,
Wed Feb 12 17:39:54 UTC 2014,41.65,0.36,0.1891,3,,
Wed Feb 12 17:40:10 UTC 2014,41.65,0.36,0.1891,3,,
Wed Feb 12 17:40:20 UTC 2014,41.65,0.36,0.1891,3,,
Wed Feb 12 17:40:27 UTC 2014,46.425,0.36,0.1891,3,,
Wed Feb 12 17:40:39 UTC 2014,46.425,0.36,0.1891,3,,
Wed Feb 12 17:40:48 UTC 2014,46.525,0.36,0.1891,3,,
Wed Feb 12 17:40:58 UTC 2014,46.525,0.36,0.1891,3,,
Wed Feb 12 17:41:10 UTC 2014,46.525,0.36,0.1891,3,,
Wed Feb 12 17:41:17 UTC 2014,46.4,0.36,0.1891,3,,
Wed Feb 12 17:41:34 UTC 2014,46.4,0.36,0.1891,3,,
Wed Feb 12 17:41:42 UTC 2014,46.4,0.36,0.1891,3,,
Wed Feb 12 17:41:50 UTC 2014,46.4,0.36,0.1891,3,,
Wed Feb 12 17:42:01 UTC 2014,46.4,0.36,0.1891,3,,
Wed Feb 12 17:42:12 UTC 2014,41.05,0.36,0.1891,3,,
Wed Feb 12 17:42:20 UTC 2014,41.05,0.36,0.1891,3,,
Wed Feb 12 17:42:35 UTC 2014,41.05,0.36,0.1891,3,,
Wed Feb 12 17:42:42 UTC 2014,44.25,0.36,0.1891,3,,
Wed Feb 12 17:42:58 UTC 2014,44.25,0.36,0.1891,3,,
Wed Feb 12 17:43:03 UTC 2014,41.475,0.36,0.1891,3,,
Wed Feb 12 17:43:15 UTC 2014,41.475,0.36,0.1891,3,,
Wed Feb 12 17:43:22 UTC 2014,41.775,0.36,0.1891,3,,
Wed Feb 12 17:43:33 UTC 2014,41.775,0.36,0.1891,3,,
Wed Feb 12 17:43:46 UTC 2014,38.475,0.36,0.189,3,DataNodeServiceUnit_scaleOut,DataNodeServiceUnit
Wed Feb 12 17:44:02 UTC 2014,38.475,0.36,0.189,3,DataNodeServiceUnit_scaleOut,DataNodeServiceUnit
Wed Feb 12 17:44:13 UTC 2014,38.475,0.36,0.189,3,DataNodeServiceUnit_scaleOut,DataNodeServiceUnit
Wed Feb 12 17:44:26 UTC 2014,53.675,0.36,0.189,3,DataNodeServiceUnit_scaleOut,DataNodeServiceUnit
Wed Feb 12 17:44:37 UTC 2014,53.675,0.36,0.189,3,DataNodeServiceUnit_scaleOut,DataNodeServiceUnit
Wed Feb 12 17:44:51 UTC 2014,55.675,0.36,0.189,3,DataNodeServiceUnit_scaleOut,DataNodeServiceUnit
Wed Feb 12 17:45:04 UTC 2014,55.675,0.36,0.189,4,,
Wed Feb 12 17:45:17 UTC 2014,56.975,0.48,0.189,4,,
Wed Feb 12 17:45:34 UTC 2014,57,0.48,0.1889,4,,
Wed Feb 12 17:45:46 UTC 2014,57,0.48,0.1889,4,,
Wed Feb 12 17:46:02 UTC 2014,57,0.48,0.1889,4,,
Wed Feb 12 17:46:14 UTC 2014,57,0.48,0.1889,4,,
Wed Feb 12 17:46:24 UTC 2014,46.25,0.48,0.1889,4,,
Wed Feb 12 17:46:37 UTC 2014,46.25,0.48,0.1889,4,,
Wed Feb 12 17:46:48 UTC 2014,59.2167,0.48,0.1889,4,,
Wed Feb 12 17:47:00 UTC 2014,59.2167,0.48,0.1889,4,,
Wed Feb 12 17:47:08 UTC 2014,59.2167,0.48,0.1889,4,,
Wed Feb 12 17:47:20 UTC 2014,55.9167,0.48,0.1889,4,,
Wed Feb 12 17:47:31 UTC 2014,55.9167,0.48,0.1889,4,,
Wed Feb 12 17:47:42 UTC 2014,55.9167,0.48,0.1889,4,,
Wed Feb 12 17:47:50 UTC 2014,57.9833,0.48,0.1889,4,,
Wed Feb 12 17:48:00 UTC 2014,57.9833,0.48,0.1889,4,,
Wed Feb 12 17:48:07 UTC 2014,57.9833,0.48,0.1889,4,,
Wed Feb 12 17:48:15 UTC 2014,57.9833,0.48,0.1889,4,,
Wed Feb 12 17:48:27 UTC 2014,57.9833,0.48,0.1889,4,,
Wed Feb 12 17:48:37 UTC 2014,57.9833,0.48,0.1889,4,,
Wed Feb 12 17:48:49 UTC 2014,48.7,0.48,0.1889,4,,
Wed Feb 12 17:49:08 UTC 2014,48.7,0.48,0.1889,4,,
Wed Feb 12 17:49:15 UTC 2014,46.6,0.48,0.1889,4,,
Wed Feb 12 17:49:29 UTC 2014,46.6,0.48,0.1889,4,,
Wed Feb 12 17:49:48 UTC 2014,41.8167,0.48,0.1889,4,,
Wed Feb 12 17:49:55 UTC 2014,41.8167,0.48,0.1889,4,EventProcessingServiceUnit_scaleIn,EventProcessingServiceUnit
Wed Feb 12 17:50:09 UTC 2014,41.8167,0.48,0.1889,4,EventProcessingServiceUnit_scaleIn,EventProcessingServiceUnit
Wed Feb 12 17:50:23 UTC 2014,43.1,0.48,0.1889,4,EventProcessingServiceUnit_scaleIn,EventProcessingServiceUnit
Wed Feb 12 17:50:33 UTC 2014,43.1,0.48,0.1889,4,EventProcessingServiceUnit_scaleIn,EventProcessingServiceUnit
Wed Feb 12 17:50:49 UTC 2014,44.6167,0.48,0.1889,4,EventProcessingServiceUnit_scaleIn,EventProcessingServiceUnit
Wed Feb 12 17:51:06 UTC 2014,44.6167,0.48,0.1889,4,EventProcessingServiceUnit_scaleIn,EventProcessingServiceUnit
Wed Feb 12 17:51:20 UTC 2014,45.55,0.48,0.1889,4,EventProcessingServiceUnit_scaleIn,EventProcessingServiceUnit
Wed Feb 12 17:51:31 UTC 2014,45.55,0.48,0.1889,4,EventProcessingServiceUnit_scaleIn,EventProcessingServiceUnit
Wed Feb 12 17:51:43 UTC 2014,45.55,0.48,0.1889,4,EventProcessingServiceUnit_scaleIn,EventProcessingServiceUnit
Wed Feb 12 17:51:54 UTC 2014,40.7667,0.48,0.1889,4,EventProcessingServiceUnit_scaleIn,EventProcessingServiceUnit
Wed Feb 12 17:52:06 UTC 2014,40.7667,0.48,0.1889,4,EventProcessingServiceUnit_scaleIn,EventProcessingServiceUnit
Wed Feb 12 17:52:17 UTC 2014,42.6833,0.48,0.1889,4,EventProcessingServiceUnit_scaleIn,EventProcessingServiceUnit
Wed Feb 12 17:52:29 UTC 2014,38.3,0.48,0.1889,4,EventProcessingServiceUnit_scaleIn,EventProcessingServiceUnit
Wed Feb 12 17:52:49 UTC 2014,38.3,0.48,0.1889,4,EventProcessingServiceUnit_scaleIn,EventProcessingServiceUnit
Wed Feb 12 17:53:00 UTC 2014,38.3,0.48,0.1889,4,,
Wed Feb 12 17:53:15 UTC 2014,38.3,0.48,0.1889,4,,
Wed Feb 12 17:53:22 UTC 2014,53.2667,0.48,0.1889,4,,
Wed Feb 12 17:53:34 UTC 2014,53.2667,0.48,0.1889,4,,
Wed Feb 12 17:53:40 UTC 2014,52.5667,0.48,0.1888,4,,
Wed Feb 12 17:53:57 UTC 2014,52.5667,0.48,0.1888,4,,
Wed Feb 12 17:54:07 UTC 2014,52.5667,0.48,0.1888,4,,
Wed Feb 12 17:54:21 UTC 2014,54.1167,0.48,0.1888,4,,
Wed Feb 12 17:54:32 UTC 2014,54.1167,0.48,0.1888,4,,
Wed Feb 12 17:54:44 UTC 2014,54.1167,0.48,0.1888,4,,
Wed Feb 12 17:54:55 UTC 2014,45.1833,0.48,0.1887,4,,
Wed Feb 12 17:55:15 UTC 2014,45.1833,0.48,0.1887,4,,
Wed Feb 12 17:55:25 UTC 2014,50.5167,0.48,0.1888,4,,
Wed Feb 12 17:55:35 UTC 2014,50.5167,0.48,0.1888,4,,
Wed Feb 12 17:55:49 UTC 2014,50.5167,0.48,0.1888,4,,
Wed Feb 12 17:55:58 UTC 2014,53.05,0.48,0.1888,4,,
Wed Feb 12 17:56:06 UTC 2014,53.05,0.48,0.1888,4,,
Wed Feb 12 17:56:13 UTC 2014,53.05,0.48,0.1888,4,,
Wed Feb 12 17:56:26 UTC 2014,55.4167,0.48,0.1887,4,,
Wed Feb 12 17:56:33 UTC 2014,55.4167,0.48,0.1887,4,,
Wed Feb 12 17:56:41 UTC 2014,47.3833,0.48,0.1887,4,,
Wed Feb 12 17:56:54 UTC 2014,47.3833,0.48,0.1887,4,,
Wed Feb 12 17:57:03 UTC 2014,49.4333,0.48,0.1887,4,,
Wed Feb 12 17:57:20 UTC 2014,49.4333,0.48,0.1887,4,,
Wed Feb 12 17:57:32 UTC 2014,49.4333,0.48,0.1887,4,,
Wed Feb 12 17:57:42 UTC 2014,49.4333,0.48,0.1887,4,EventProcessingServiceUnit_scaleOut,EventProcessingServiceUnit
Wed Feb 12 17:58:01 UTC 2014,41.55,0.48,0.1886,4,EventProcessingServiceUnit_scaleOut,EventProcessingServiceUnit
Wed Feb 12 17:58:14 UTC 2014,41.55,0.48,0.1886,4,EventProcessingServiceUnit_scaleOut,EventProcessingServiceUnit
Wed Feb 12 17:58:25 UTC 2014,42.1167,0.48,0.1886,4,EventProcessingServiceUnit_scaleOut,EventProcessingServiceUnit
Wed Feb 12 17:58:36 UTC 2014,42.1167,0.48,0.1886,4,EventProcessingServiceUnit_scaleOut,EventProcessingServiceUnit
Wed Feb 12 17:58:48 UTC 2014,38.4,0.48,0.1886,4,EventProcessingServiceUnit_scaleOut,EventProcessingServiceUnit
Wed Feb 12 17:59:02 UTC 2014,38.4,0.48,0.1886,4,,
Wed Feb 12 17:59:20 UTC 2014,41.9667,0.48,0.1886,4,,
Wed Feb 12 17:59:32 UTC 2014,41.9667,0.48,0.1886,4,,
Wed Feb 12 17:59:47 UTC 2014,41.9667,0.48,0.1886,4,,
Wed Feb 12 18:00:03 UTC 2014,41.9667,0.48,0.1886,4,,
Wed Feb 12 18:00:10 UTC 2014,45.5833,0.48,0.1886,4,,
Wed Feb 12 18:00:23 UTC 2014,45.5833,0.48,0.1886,4,,
Wed Feb 12 18:00:33 UTC 2014,45.5833,0.48,0.1886,4,,
Wed Feb 12 18:00:42 UTC 2014,42.05,0.48,0.1886,4,,
Wed Feb 12 18:00:58 UTC 2014,42.05,0.48,0.1886,4,,
Wed Feb 12 18:01:04 UTC 2014,39.7833,0.48,0.1886,4,,
Wed Feb 12 18:01:12 UTC 2014,39.7833,0.48,0.1886,4,,
Wed Feb 12 18:01:21 UTC 2014,39.7833,0.48,0.1886,4,,
Wed Feb 12 18:01:32 UTC 2014,39.7833,0.48,0.1886,4,,
Wed Feb 12 18:01:38 UTC 2014,44.95,0.48,0.1886,4,,
Wed Feb 12 18:01:50 UTC 2014,44.95,0.48,0.1886,4,,
Wed Feb 12 18:02:03 UTC 2014,50.6833,0.48,0.1886,4,DataNodeServiceUnit_scaleIn,DataNodeServiceUnit
Wed Feb 12 18:02:21 UTC 2014,50.6833,0.48,0.1886,4,DataNodeServiceUnit_scaleIn,DataNodeServiceUnit
Wed Feb 12 18:02:38 UTC 2014,52.3333,0.48,0.1885,4,DataNodeServiceUnit_scaleIn,DataNodeServiceUnit
Wed Feb 12 18:02:50 UTC 2014,52.3333,0.48,0.1885,4,DataNodeServiceUnit_scaleIn,DataNodeServiceUnit
Wed Feb 12 18:03:02 UTC 2014,52.3333,0.48,0.1885,4,DataNodeServiceUnit_scaleIn,DataNodeServiceUnit
Wed Feb 12 18:03:11 UTC 2014,51.9667,0.48,0.1885,4,DataNodeServiceUnit_scaleIn,DataNodeServiceUnit
Wed Feb 12 18:03:26 UTC 2014,51.9667,0.48,0.1885,4,DataNodeServiceUnit_scaleIn,DataNodeServiceUnit
Wed Feb 12 18:03:38 UTC 2014,49.85,0.48,0.1885,4,DataNodeServiceUnit_scaleIn,DataNodeServiceUnit
Wed Feb 12 18:03:52 UTC 2014,49.85,0.48,0.1885,4,DataNodeServiceUnit_scaleIn,DataNodeServiceUnit
Wed Feb 12 18:04:07 UTC 2014,55.125,0.48,0.1885,4,DataNodeServiceUnit_scaleIn,DataNodeServiceUnit
Wed Feb 12 18:04:22 UTC 2014,69.225,0.48,0.1885,4,DataNodeServiceUnit_scaleIn,DataNodeServiceUnit
Wed Feb 12 18:04:35 UTC 2014,69.225,0.48,0.1885,4,DataNodeServiceUnit_scaleIn,DataNodeServiceUnit
Wed Feb 12 18:04:46 UTC 2014,55.625,0.48,0.1885,4,DataNodeServiceUnit_scaleIn,DataNodeServiceUnit
Wed Feb 12 18:04:57 UTC 2014,55.625,0.48,0.1885,4,DataNodeServiceUnit_scaleIn,DataNodeServiceUnit
Wed Feb 12 18:05:09 UTC 2014,57.6,0.48,0.1885,4,DataNodeServiceUnit_scaleIn,DataNodeServiceUnit
Wed Feb 12 18:05:22 UTC 2014,57.6,0.48,0.1885,4,DataNodeServiceUnit_scaleIn,DataNodeServiceUnit
Wed Feb 12 18:05:33 UTC 2014,57.6,0.48,0.1885,4,DataNodeServiceUnit_scaleIn,DataNodeServiceUnit
Wed Feb 12 18:05:43 UTC 2014,53,0.48,0.1885,4,DataNodeServiceUnit_scaleIn,DataNodeServiceUnit
Wed Feb 12 18:05:54 UTC 2014,53,0.48,0.1885,4,DataNodeServiceUnit_scaleIn,DataNodeServiceUnit
Wed Feb 12 18:06:07 UTC 2014,52.5,0.48,0.1885,4,DataNodeServiceUnit_scaleIn,DataNodeServiceUnit
Wed Feb 12 18:06:18 UTC 2014,52.5,0.48,0.1885,4,DataNodeServiceUnit_scaleIn,DataNodeServiceUnit
Wed Feb 12 18:06:31 UTC 2014,52.5,0.36,0.1885,3,,
Wed Feb 12 18:06:39 UTC 2014,52.5,0.36,0.1885,3,,
Wed Feb 12 18:06:47 UTC 2014,52.5,0.36,0.1885,3,,
Wed Feb 12 18:06:58 UTC 2014,40.95,0.36,0.1885,3,,
Wed Feb 12 18:07:06 UTC 2014,40.95,0.36,0.1885,3,,
Wed Feb 12 18:07:22 UTC 2014,49.875,0.36,0.1885,3,DataNodeServiceUnit_scaleIn,DataNodeServiceUnit
Wed Feb 12 18:07:35 UTC 2014,49.875,0.36,0.1885,3,DataNodeServiceUnit_scaleIn,DataNodeServiceUnit
Wed Feb 12 18:07:49 UTC 2014,43.35,0.36,0.1885,3,DataNodeServiceUnit_scaleIn,DataNodeServiceUnit
Wed Feb 12 18:08:00 UTC 2014,43.35,0.36,0.1885,3,DataNodeServiceUnit_scaleIn,DataNodeServiceUnit
Wed Feb 12 18:08:12 UTC 2014,43.35,0.36,0.1885,3,DataNodeServiceUnit_scaleIn,DataNodeServiceUnit
Wed Feb 12 18:08:24 UTC 2014,42.975,0.36,0.1885,3,DataNodeServiceUnit_scaleIn,DataNodeServiceUnit
Wed Feb 12 18:08:36 UTC 2014,42.975,0.36,0.1885,3,DataNodeServiceUnit_scaleIn,DataNodeServiceUnit
Wed Feb 12 18:08:51 UTC 2014,43.275,0.36,0.1885,3,DataNodeServiceUnit_scaleIn,DataNodeServiceUnit
Wed Feb 12 18:09:05 UTC 2014,43.275,0.36,0.1885,3,DataNodeServiceUnit_scaleIn,DataNodeServiceUnit
Wed Feb 12 18:09:16 UTC 2014,48.225,0.36,0.1885,3,DataNodeServiceUnit_scaleIn,DataNodeServiceUnit
Wed Feb 12 18:09:33 UTC 2014,39.3,0.36,0.1885,3,DataNodeServiceUnit_scaleIn,DataNodeServiceUnit
Wed Feb 12 18:09:49 UTC 2014,39.3,0.36,0.1885,3,DataNodeServiceUnit_scaleIn,DataNodeServiceUnit
Wed Feb 12 18:10:04 UTC 2014,51.75,0.36,0.1885,3,DataNodeServiceUnit_scaleIn,DataNodeServiceUnit
Wed Feb 12 18:10:24 UTC 2014,51.75,0.36,0.1885,3,DataNodeServiceUnit_scaleIn,DataNodeServiceUnit
Wed Feb 12 18:10:35 UTC 2014,50.3,0.36,0.1884,3,DataNodeServiceUnit_scaleIn,DataNodeServiceUnit
Wed Feb 12 18:10:47 UTC 2014,51.3,0.36,0.1884,3,DataNodeServiceUnit_scaleIn,DataNodeServiceUnit
Wed Feb 12 18:11:05 UTC 2014,51.3,0.36,0.1884,2,DataNodeServiceUnit_scaleIn,DataNodeServiceUnit
Wed Feb 12 18:11:19 UTC 2014,51.3,0.24,0.1884,2,,
Wed Feb 12 18:11:29 UTC 2014,51.3,0.24,0.1884,2,,
Wed Feb 12 18:11:38 UTC 2014,60.1,0.24,0.1883,2,,
Wed Feb 12 18:11:54 UTC 2014,52.9,0.24,0.1883,2,,
Wed Feb 12 18:12:05 UTC 2014,52.9,0.24,0.1883,2,,
Wed Feb 12 18:12:21 UTC 2014,52.9,0.24,0.1883,2,,
Wed Feb 12 18:12:34 UTC 2014,52.9,0.24,0.1883,2,,
Wed Feb 12 18:12:41 UTC 2014,45.45,0.24,0.1883,2,,
Wed Feb 12 18:12:55 UTC 2014,45.45,0.24,0.1883,2,,
Wed Feb 12 18:13:03 UTC 2014,55.95,0.24,0.1882,2,,
Wed Feb 12 18:13:14 UTC 2014,55.95,0.24,0.1882,2,,
Wed Feb 12 18:13:22 UTC 2014,55.95,0.24,0.1882,2,,
Wed Feb 12 18:13:42 UTC 2014,55.95,0.24,0.1882,2,,
Wed Feb 12 18:13:48 UTC 2014,55.95,0.24,0.1882,2,,
Wed Feb 12 18:14:00 UTC 2014,56.75,0.24,0.1884,2,,
Wed Feb 12 18:14:11 UTC 2014,56.75,0.24,0.1884,2,,
Wed Feb 12 18:14:28 UTC 2014,52,0.24,0.1884,2,DataNodeServiceUnit_scaleOut,DataNodeServiceUnit
Wed Feb 12 18:14:47 UTC 2014,52,0.24,0.1883,2,DataNodeServiceUnit_scaleOut,DataNodeServiceUnit
Wed Feb 12 18:15:00 UTC 2014,51.85,0.24,0.1883,2,DataNodeServiceUnit_scaleOut,DataNodeServiceUnit
Wed Feb 12 18:15:16 UTC 2014,37.05,0.24,0.1883,2,DataNodeServiceUnit_scaleOut,DataNodeServiceUnit
Wed Feb 12 18:15:28 UTC 2014,37.05,0.24,0.1883,2,DataNodeServiceUnit_scaleOut,DataNodeServiceUnit
Wed Feb 12 18:15:39 UTC 2014,49.05,0.24,0.1883,2,DataNodeServiceUnit_scaleOut,DataNodeServiceUnit
Wed Feb 12 18:15:54 UTC 2014,49.05,0.24,0.1883,2,,
Wed Feb 12 18:15:59 UTC 2014,49.05,0.36,0.1883,3,,
Wed Feb 12 18:16:10 UTC 2014,49.05,0.36,0.1883,3,,
Wed Feb 12 18:16:18 UTC 2014,49.05,0.36,0.1883,3,,
Wed Feb 12 18:16:26 UTC 2014,43.9,0.36,0.1883,3,,
Wed Feb 12 18:16:38 UTC 2014,43.9,0.36,0.1883,3,,
Wed Feb 12 18:16:46 UTC 2014,46.7,0.36,0.1883,3,,
Wed Feb 12 18:17:01 UTC 2014,46.7,0.36,0.1883,3,,
Wed Feb 12 18:17:15 UTC 2014,46.7,0.36,0.1883,3,,
Wed Feb 12 18:17:24 UTC 2014,50.15,0.36,0.1884,3,,
Wed Feb 12 18:17:34 UTC 2014,50.15,0.36,0.1884,3,,
Wed Feb 12 18:17:49 UTC 2014,43.425,0.36,0.1884,3,,
Wed Feb 12 18:18:07 UTC 2014,43.425,0.36,0.1884,3,,
Wed Feb 12 18:18:14 UTC 2014,51.05,0.36,0.1884,3,,
Wed Feb 12 18:18:29 UTC 2014,51.05,0.36,0.1884,3,,
Wed Feb 12 18:18:41 UTC 2014,47.125,0.36,0.1884,3,,
Wed Feb 12 18:18:47 UTC 2014,47.125,0.36,0.1884,3,,
Wed Feb 12 18:19:05 UTC 2014,47.125,0.36,0.1884,3,,
Wed Feb 12 18:19:18 UTC 2014,47.125,0.36,0.1884,3,,
Wed Feb 12 18:19:29 UTC 2014,50.825,0.36,0.1894,3,,
Wed Feb 12 18:19:45 UTC 2014,50.825,0.36,0.1894,3,,
Wed Feb 12 18:19:52 UTC 2014,57.05,0.36,0.1893,3,,
Wed Feb 12 18:20:03 UTC 2014,57.05,0.36,0.1893,3,,
Wed Feb 12 18:20:17 UTC 2014,60.4,0.36,0.1893,3,,
Wed Feb 12 18:20:23 UTC 2014,60.4,0.36,0.1893,3,,
Wed Feb 12 18:20:37 UTC 2014,53.35,0.36,0.1892,3,,
Wed Feb 12 18:20:46 UTC 2014,53.35,0.36,0.1892,3,,
Wed Feb 12 18:20:54 UTC 2014,53.35,0.36,0.1892,3,,
Wed Feb 12 18:21:04 UTC 2014,53.35,0.36,0.1892,3,,
Wed Feb 12 18:21:20 UTC 2014,57.975,0.36,0.1892,3,EventProcessingServiceUnit_scaleIn,EventProcessingServiceUnit
Wed Feb 12 18:21:43 UTC 2014,57.975,0.36,0.1892,3,EventProcessingServiceUnit_scaleIn,EventProcessingServiceUnit
Wed Feb 12 18:21:58 UTC 2014,57.975,0.36,0.1892,3,EventProcessingServiceUnit_scaleIn,EventProcessingServiceUnit
Wed Feb 12 18:22:13 UTC 2014,57.975,0.36,0.1892,3,EventProcessingServiceUnit_scaleIn,EventProcessingServiceUnit
Wed Feb 12 18:22:25 UTC 2014,54.4,0.36,0.189,3,EventProcessingServiceUnit_scaleIn,EventProcessingServiceUnit
Wed Feb 12 18:22:36 UTC 2014,54.4,0.36,0.189,3,EventProcessingServiceUnit_scaleIn,EventProcessingServiceUnit
Wed Feb 12 18:22:49 UTC 2014,54.4,0.36,0.189,3,EventProcessingServiceUnit_scaleIn,EventProcessingServiceUnit
Wed Feb 12 18:23:04 UTC 2014,54.4,0.36,0.189,3,EventProcessingServiceUnit_scaleIn,EventProcessingServiceUnit
Wed Feb 12 18:23:15 UTC 2014,47.45,0.36,0.189,3,EventProcessingServiceUnit_scaleIn,EventProcessingServiceUnit
Wed Feb 12 18:23:28 UTC 2014,47.45,0.36,0.189,3,EventProcessingServiceUnit_scaleIn,EventProcessingServiceUnit
Wed Feb 12 18:23:39 UTC 2014,53.2,0.36,0.189,3,EventProcessingServiceUnit_scaleIn,EventProcessingServiceUnit
Wed Feb 12 18:23:51 UTC 2014,53.2,0.36,0.189,3,EventProcessingServiceUnit_scaleIn,EventProcessingServiceUnit
Wed Feb 12 18:24:05 UTC 2014,38.725,0.36,0.1888,3,,
Wed Feb 12 18:24:18 UTC 2014,38.725,0.36,0.1888,3,,
Wed Feb 12 18:24:30 UTC 2014,47.45,0.36,0.1888,3,,
Wed Feb 12 18:24:44 UTC 2014,47.45,0.36,0.1888,3,,
Wed Feb 12 18:24:53 UTC 2014,42.675,0.36,0.1888,3,,
Wed Feb 12 18:25:07 UTC 2014,42.675,0.36,0.1888,3,,
Wed Feb 12 18:25:22 UTC 2014,35.875,0.36,0.1888,3,,
Wed Feb 12 18:25:35 UTC 2014,35.875,0.36,0.1888,3,,
Wed Feb 12 18:25:52 UTC 2014,43.875,0.36,0.1888,3,,
Wed Feb 12 18:26:00 UTC 2014,43.875,0.36,0.1888,3,,
Wed Feb 12 18:26:12 UTC 2014,40.1,0.36,0.1888,3,,
Wed Feb 12 18:26:27 UTC 2014,40.1,0.36,0.1888,3,,
Wed Feb 12 18:26:38 UTC 2014,45.225,0.36,0.1888,3,DataNodeServiceUnit_scaleOut,DataNodeServiceUnit
Wed Feb 12 18:26:55 UTC 2014,45.225,0.36,0.1888,3,DataNodeServiceUnit_scaleOut,DataNodeServiceUnit
Wed Feb 12 18:27:06 UTC 2014,41.975,0.36,0.1888,3,DataNodeServiceUnit_scaleOut,DataNodeServiceUnit
Wed Feb 12 18:27:17 UTC 2014,41.975,0.36,0.1887,3,DataNodeServiceUnit_scaleOut,DataNodeServiceUnit
Wed Feb 12 18:27:32 UTC 2014,51.825,0.36,0.1887,3,DataNodeServiceUnit_scaleOut,DataNodeServiceUnit
Wed Feb 12 18:27:46 UTC 2014,51.825,0.36,0.1887,3,,
Wed Feb 12 18:28:01 UTC 2014,55.5,0.48,0.1888,4,,
Wed Feb 12 18:28:16 UTC 2014,55.5,0.48,0.1888,4,,
Wed Feb 12 18:28:24 UTC 2014,55.8,0.48,0.1887,4,,
Wed Feb 12 18:28:36 UTC 2014,55.8,0.48,0.1887,4,,
Wed Feb 12 18:28:52 UTC 2014,58.6833,0.48,0.1886,4,,
Wed Feb 12 18:29:04 UTC 2014,58.6833,0.48,0.1886,4,,
Wed Feb 12 18:29:17 UTC 2014,58.6833,0.48,0.1886,4,,
Wed Feb 12 18:29:33 UTC 2014,58.6833,0.48,0.1886,4,,
Wed Feb 12 18:29:43 UTC 2014,56.4667,0.48,0.1886,4,,
Wed Feb 12 18:29:57 UTC 2014,56.4667,0.48,0.1886,4,,
Wed Feb 12 18:30:05 UTC 2014,62.9667,0.48,0.1885,4,EventProcessingServiceUnit_scaleOut,EventProcessingServiceUnit
Wed Feb 12 18:30:24 UTC 2014,62.9667,0.48,0.1885,4,EventProcessingServiceUnit_scaleOut,EventProcessingServiceUnit
Wed Feb 12 18:30:38 UTC 2014,57.2167,0.48,0.1885,4,EventProcessingServiceUnit_scaleOut,EventProcessingServiceUnit
Wed Feb 12 18:30:51 UTC 2014,57.2167,0.48,0.1885,4,EventProcessingServiceUnit_scaleOut,EventProcessingServiceUnit
Wed Feb 12 18:31:03 UTC 2014,53.0833,0.48,0.1885,4,EventProcessingServiceUnit_scaleOut,EventProcessingServiceUnit
Wed Feb 12 18:31:15 UTC 2014,53.0833,0.48,0.1885,4,EventProcessingServiceUnit_scaleOut,EventProcessingServiceUnit
Wed Feb 12 18:31:30 UTC 2014,53.0833,0.48,0.1885,4,,
Wed Feb 12 18:31:39 UTC 2014,53.0833,0.48,0.1885,4,,
Wed Feb 12 18:31:51 UTC 2014,55.0333,0.48,0.1884,4,,
Wed Feb 12 18:32:05 UTC 2014,55.0333,0.48,0.1884,4,,
Wed Feb 12 18:32:15 UTC 2014,55.0333,0.48,0.1884,4,,
Wed Feb 12 18:32:23 UTC 2014,43.8167,0.48,0.1884,4,,
Wed Feb 12 18:32:40 UTC 2014,43.8167,0.48,0.1884,4,,
Wed Feb 12 18:32:52 UTC 2014,43.6167,0.48,0.1884,4,,
Wed Feb 12 18:33:06 UTC 2014,43.6167,0.48,0.1884,4,,
Wed Feb 12 18:33:20 UTC 2014,43.6167,0.48,0.1884,4,,
Wed Feb 12 18:33:26 UTC 2014,41.2167,0.48,0.1884,4,,
Wed Feb 12 18:33:42 UTC 2014,41.2167,0.48,0.1884,4,DataNodeServiceUnit_scaleIn,DataNodeServiceUnit
Wed Feb 12 18:33:53 UTC 2014,41.2167,0.48,0.1884,4,DataNodeServiceUnit_scaleIn,DataNodeServiceUnit
Wed Feb 12 18:34:05 UTC 2014,41.2167,0.48,0.1884,4,DataNodeServiceUnit_scaleIn,DataNodeServiceUnit
Wed Feb 12 18:34:17 UTC 2014,41.2167,0.48,0.1884,4,DataNodeServiceUnit_scaleIn,DataNodeServiceUnit
Wed Feb 12 18:34:28 UTC 2014,40.8833,0.48,0.1884,4,DataNodeServiceUnit_scaleIn,DataNodeServiceUnit
Wed Feb 12 18:34:38 UTC 2014,40.8833,0.48,0.1884,4,DataNodeServiceUnit_scaleIn,DataNodeServiceUnit
Wed Feb 12 18:34:56 UTC 2014,40.2,0.48,0.1884,4,DataNodeServiceUnit_scaleIn,DataNodeServiceUnit
Wed Feb 12 18:35:07 UTC 2014,40.2,0.48,0.1884,4,DataNodeServiceUnit_scaleIn,DataNodeServiceUnit
Wed Feb 12 18:35:23 UTC 2014,45.4167,0.48,0.1884,4,DataNodeServiceUnit_scaleIn,DataNodeServiceUnit
Wed Feb 12 18:35:39 UTC 2014,45.4167,0.48,0.1884,4,DataNodeServiceUnit_scaleIn,DataNodeServiceUnit
Wed Feb 12 18:35:56 UTC 2014,61.4667,0.48,0.1884,4,DataNodeServiceUnit_scaleIn,DataNodeServiceUnit
Wed Feb 12 18:36:06 UTC 2014,61.4667,0.48,0.1884,4,DataNodeServiceUnit_scaleIn,DataNodeServiceUnit
Wed Feb 12 18:36:20 UTC 2014,61.4667,0.48,0.1884,4,DataNodeServiceUnit_scaleIn,DataNodeServiceUnit
Wed Feb 12 18:36:30 UTC 2014,55.075,0.48,0.1884,4,DataNodeServiceUnit_scaleIn,DataNodeServiceUnit
Wed Feb 12 18:36:40 UTC 2014,59.15,0.48,0.1884,4,DataNodeServiceUnit_scaleIn,DataNodeServiceUnit
Wed Feb 12 18:36:56 UTC 2014,59.15,0.48,0.1884,4,DataNodeServiceUnit_scaleIn,DataNodeServiceUnit
Wed Feb 12 18:37:07 UTC 2014,50.55,0.48,0.1883,4,DataNodeServiceUnit_scaleIn,DataNodeServiceUnit
Wed Feb 12 18:37:24 UTC 2014,50.55,0.48,0.1883,4,DataNodeServiceUnit_scaleIn,DataNodeServiceUnit
Wed Feb 12 18:37:34 UTC 2014,50.55,0.48,0.1883,4,DataNodeServiceUnit_scaleIn,DataNodeServiceUnit
Wed Feb 12 18:37:47 UTC 2014,50.55,0.48,0.1883,4,,
Wed Feb 12 18:38:00 UTC 2014,56.125,0.36,0.1883,3,,
Wed Feb 12 18:38:13 UTC 2014,56.125,0.36,0.1883,3,,
Wed Feb 12 18:38:25 UTC 2014,59.525,0.36,0.1882,3,,
Wed Feb 12 18:38:39 UTC 2014,59.525,0.36,0.1882,3,,
Wed Feb 12 18:38:52 UTC 2014,55.225,0.36,0.1882,3,,
Wed Feb 12 18:39:06 UTC 2014,55.225,0.36,0.1882,3,,
Wed Feb 12 18:39:16 UTC 2014,49.975,0.36,0.1881,3,,
Wed Feb 12 18:39:32 UTC 2014,49.975,0.36,0.1881,3,,
Wed Feb 12 18:39:40 UTC 2014,47.775,0.36,0.1881,3,,
Wed Feb 12 18:39:50 UTC 2014,47.775,0.36,0.1881,3,,
Wed Feb 12 18:40:05 UTC 2014,55.625,0.36,0.1881,3,,
Wed Feb 12 18:40:17 UTC 2014,55.625,0.36,0.1881,3,,
Wed Feb 12 18:40:31 UTC 2014,55.625,0.36,0.1881,3,,
Wed Feb 12 18:40:39 UTC 2014,55.625,0.36,0.1881,3,,
Wed Feb 12 18:40:50 UTC 2014,55.625,0.36,0.1881,3,,
Wed Feb 12 18:41:04 UTC 2014,53.275,0.36,0.1881,3,,
Wed Feb 12 18:41:19 UTC 2014,53.275,0.36,0.1881,3,,
Wed Feb 12 18:41:28 UTC 2014,38.95,0.36,0.188,3,,
Wed Feb 12 18:41:44 UTC 2014,38.95,0.36,0.188,3,EventProcessingServiceUnit_scaleIn,EventProcessingServiceUnit
Wed Feb 12 18:42:03 UTC 2014,42.225,0.36,0.188,3,EventProcessingServiceUnit_scaleIn,EventProcessingServiceUnit
Wed Feb 12 18:42:15 UTC 2014,42.225,0.36,0.188,3,EventProcessingServiceUnit_scaleIn,EventProcessingServiceUnit
Wed Feb 12 18:42:26 UTC 2014,39.275,0.36,0.188,3,EventProcessingServiceUnit_scaleIn,EventProcessingServiceUnit
Wed Feb 12 18:42:40 UTC 2014,39.275,0.36,0.188,3,EventProcessingServiceUnit_scaleIn,EventProcessingServiceUnit
Wed Feb 12 18:42:52 UTC 2014,39.275,0.36,0.188,3,EventProcessingServiceUnit_scaleIn,EventProcessingServiceUnit
Wed Feb 12 18:43:05 UTC 2014,39.275,0.36,0.188,3,EventProcessingServiceUnit_scaleIn,EventProcessingServiceUnit
Wed Feb 12 18:43:19 UTC 2014,44.775,0.36,0.188,3,EventProcessingServiceUnit_scaleIn,EventProcessingServiceUnit
Wed Feb 12 18:43:33 UTC 2014,44.775,0.36,0.188,3,EventProcessingServiceUnit_scaleIn,EventProcessingServiceUnit
Wed Feb 12 18:43:44 UTC 2014,45.575,0.36,0.188,3,EventProcessingServiceUnit_scaleIn,EventProcessingServiceUnit
Wed Feb 12 18:43:56 UTC 2014,45.575,0.36,0.188,3,EventProcessingServiceUnit_scaleIn,EventProcessingServiceUnit
Wed Feb 12 18:44:12 UTC 2014,44.5,0.36,0.188,3,EventProcessingServiceUnit_scaleIn,EventProcessingServiceUnit
Wed Feb 12 18:44:23 UTC 2014,46.975,0.36,0.188,3,EventProcessingServiceUnit_scaleIn,EventProcessingServiceUnit
Wed Feb 12 18:44:35 UTC 2014,46.975,0.36,0.188,3,EventProcessingServiceUnit_scaleIn,EventProcessingServiceUnit
Wed Feb 12 18:44:51 UTC 2014,55.125,0.36,0.188,3,,
Wed Feb 12 18:45:05 UTC 2014,54.85,0.36,0.188,3,,
Wed Feb 12 18:45:18 UTC 2014,54.85,0.36,0.188,3,,
Wed Feb 12 18:45:34 UTC 2014,54.85,0.36,0.188,3,,
Wed Feb 12 18:45:42 UTC 2014,54.85,0.36,0.188,3,,
Wed Feb 12 18:45:50 UTC 2014,54.85,0.36,0.188,3,,
Wed Feb 12 18:45:57 UTC 2014,56.15,0.36,0.1879,3,,
Wed Feb 12 18:46:18 UTC 2014,56.15,0.36,0.1879,3,,
Wed Feb 12 18:46:25 UTC 2014,55.525,0.36,0.1879,3,,
Wed Feb 12 18:46:46 UTC 2014,48.475,0.36,0.1879,3,,
Wed Feb 12 18:46:54 UTC 2014,48.475,0.36,0.1879,3,,
Wed Feb 12 18:47:04 UTC 2014,52.575,0.36,0.1878,3,,
Wed Feb 12 18:47:20 UTC 2014,52.575,0.36,0.1878,3,,
Wed Feb 12 18:47:32 UTC 2014,54.775,0.36,0.1878,3,DataNodeServiceUnit_scaleIn,DataNodeServiceUnit
Wed Feb 12 18:47:47 UTC 2014,54.775,0.36,0.1878,3,DataNodeServiceUnit_scaleIn,DataNodeServiceUnit
Wed Feb 12 18:47:58 UTC 2014,59.05,0.36,0.1878,3,DataNodeServiceUnit_scaleIn,DataNodeServiceUnit
Wed Feb 12 18:48:14 UTC 2014,59.05,0.36,0.1878,3,DataNodeServiceUnit_scaleIn,DataNodeServiceUnit
Wed Feb 12 18:48:27 UTC 2014,54.45,0.36,0.1878,3,DataNodeServiceUnit_scaleIn,DataNodeServiceUnit
Wed Feb 12 18:48:39 UTC 2014,54.45,0.36,0.1878,3,DataNodeServiceUnit_scaleIn,DataNodeServiceUnit
Wed Feb 12 18:48:57 UTC 2014,54.45,0.36,0.1878,3,DataNodeServiceUnit_scaleIn,DataNodeServiceUnit
Wed Feb 12 18:49:12 UTC 2014,60.45,0.36,0.188,3,DataNodeServiceUnit_scaleIn,DataNodeServiceUnit
Wed Feb 12 18:49:24 UTC 2014,60.45,0.36,0.188,3,DataNodeServiceUnit_scaleIn,DataNodeServiceUnit
Wed Feb 12 18:49:36 UTC 2014,38.8,0.36,0.188,3,DataNodeServiceUnit_scaleIn,DataNodeServiceUnit
Wed Feb 12 18:49:50 UTC 2014,43.7,0.36,0.188,3,DataNodeServiceUnit_scaleIn,DataNodeServiceUnit
Wed Feb 12 18:50:03 UTC 2014,42,0.36,0.188,3,DataNodeServiceUnit_scaleIn,DataNodeServiceUnit
Wed Feb 12 18:50:21 UTC 2014,42,0.36,0.188,3,DataNodeServiceUnit_scaleIn,DataNodeServiceUnit
Wed Feb 12 18:50:32 UTC 2014,47.3,0.36,0.188,3,DataNodeServiceUnit_scaleIn,DataNodeServiceUnit
Wed Feb 12 18:50:43 UTC 2014,47.3,0.36,0.188,3,DataNodeServiceUnit_scaleIn,DataNodeServiceUnit
Wed Feb 12 18:50:55 UTC 2014,52.85,0.36,0.188,3,DataNodeServiceUnit_scaleIn,DataNodeServiceUnit
Wed Feb 12 18:51:12 UTC 2014,45.3,0.36,0.188,3,DataNodeServiceUnit_scaleIn,DataNodeServiceUnit
Wed Feb 12 18:51:22 UTC 2014,45.3,0.36,0.188,3,,
Wed Feb 12 18:51:33 UTC 2014,44.45,0.24,0.188,2,,
Wed Feb 12 18:51:40 UTC 2014,47.45,0.24,0.188,2,,
Wed Feb 12 18:51:59 UTC 2014,47.45,0.24,0.188,2,,
Wed Feb 12 18:52:18 UTC 2014,38.75,0.24,0.188,2,,
Wed Feb 12 18:52:26 UTC 2014,39.55,0.24,0.188,2,,
Wed Feb 12 18:52:44 UTC 2014,39.55,0.24,0.188,2,,
Wed Feb 12 18:52:58 UTC 2014,39.55,0.24,0.188,2,,
Wed Feb 12 18:53:07 UTC 2014,45.8,0.24,0.1879,2,,
Wed Feb 12 18:53:26 UTC 2014,53,0.24,0.1879,2,,
Wed Feb 12 18:53:39 UTC 2014,53,0.24,0.1879,2,EventProcessingServiceUnit_scaleIn,EventProcessingServiceUnit
Wed Feb 12 18:54:00 UTC 2014,60.9,0.24,0.1878,2,EventProcessingServiceUnit_scaleIn,EventProcessingServiceUnit
Wed Feb 12 18:54:13 UTC 2014,59.65,0.24,0.1878,2,EventProcessingServiceUnit_scaleIn,EventProcessingServiceUnit
Wed Feb 12 18:54:26 UTC 2014,59.65,0.24,0.1878,2,EventProcessingServiceUnit_scaleIn,EventProcessingServiceUnit
Wed Feb 12 18:54:38 UTC 2014,55.7,0.24,0.1878,2,EventProcessingServiceUnit_scaleIn,EventProcessingServiceUnit
Wed Feb 12 18:54:50 UTC 2014,55.7,0.24,0.1878,2,EventProcessingServiceUnit_scaleIn,EventProcessingServiceUnit
Wed Feb 12 18:55:01 UTC 2014,55.7,0.24,0.1878,2,EventProcessingServiceUnit_scaleIn,EventProcessingServiceUnit
Wed Feb 12 18:55:14 UTC 2014,41.85,0.24,0.1878,2,EventProcessingServiceUnit_scaleIn,EventProcessingServiceUnit
Wed Feb 12 18:55:27 UTC 2014,47,0.24,0.1878,2,EventProcessingServiceUnit_scaleIn,EventProcessingServiceUnit
Wed Feb 12 18:55:42 UTC 2014,47,0.24,0.1879,2,EventProcessingServiceUnit_scaleIn,EventProcessingServiceUnit
Wed Feb 12 18:55:54 UTC 2014,53.35,0.24,0.1879,2,EventProcessingServiceUnit_scaleIn,EventProcessingServiceUnit
Wed Feb 12 18:56:08 UTC 2014,53.35,0.24,0.1879,2,EventProcessingServiceUnit_scaleIn,EventProcessingServiceUnit
Wed Feb 12 18:56:19 UTC 2014,56.25,0.24,0.1879,2,EventProcessingServiceUnit_scaleIn,EventProcessingServiceUnit
Wed Feb 12 18:56:30 UTC 2014,57.85,0.24,0.188,2,,
Wed Feb 12 18:56:49 UTC 2014,57.85,0.24,0.188,2,,
Wed Feb 12 18:56:58 UTC 2014,57.85,0.24,0.188,2,,
Wed Feb 12 18:57:06 UTC 2014,57.85,0.24,0.188,2,,
Wed Feb 12 18:57:13 UTC 2014,51.25,0.24,0.188,2,,
Wed Feb 12 18:57:24 UTC 2014,50.95,0.24,0.188,2,,
Wed Feb 12 18:57:39 UTC 2014,50.95,0.24,0.188,2,DataNodeServiceUnit_scaleOut,DataNodeServiceUnit
Wed Feb 12 18:57:53 UTC 2014,50.95,0.24,0.188,2,DataNodeServiceUnit_scaleOut,DataNodeServiceUnit
Wed Feb 12 18:58:05 UTC 2014,60.1,0.24,0.1879,2,DataNodeServiceUnit_scaleOut,DataNodeServiceUnit
Wed Feb 12 18:58:16 UTC 2014,47.2,0.24,0.1879,2,DataNodeServiceUnit_scaleOut,DataNodeServiceUnit
Wed Feb 12 18:58:27 UTC 2014,47.2,0.24,0.1879,2,DataNodeServiceUnit_scaleOut,DataNodeServiceUnit
Wed Feb 12 18:58:38 UTC 2014,45.05,0.24,0.1879,2,DataNodeServiceUnit_scaleOut,DataNodeServiceUnit
Wed Feb 12 18:58:51 UTC 2014,45.05,0.36,0.1879,3,DataNodeServiceUnit_scaleOut,DataNodeServiceUnit
Wed Feb 12 18:59:02 UTC 2014,43.35,0.36,0.1879,3,,
Wed Feb 12 18:59:13 UTC 2014,44.45,0.36,0.1879,3,,
Wed Feb 12 18:59:20 UTC 2014,44.45,0.36,0.1879,3,,
Wed Feb 12 18:59:37 UTC 2014,44.45,0.36,0.1879,3,,
Wed Feb 12 18:59:53 UTC 2014,49.15,0.36,0.1879,3,,
Wed Feb 12 19:00:07 UTC 2014,49.15,0.36,0.1879,3,,
Wed Feb 12 19:00:20 UTC 2014,47.125,0.36,0.1879,3,,
Wed Feb 12 19:00:32 UTC 2014,47.125,0.36,0.1879,3,,
Wed Feb 12 19:00:47 UTC 2014,49.4,0.36,0.1879,3,,
Wed Feb 12 19:00:55 UTC 2014,49.4,0.36,0.1879,3,,
Wed Feb 12 19:01:06 UTC 2014,45.05,0.36,0.1879,3,,
Wed Feb 12 19:01:23 UTC 2014,45.05,0.36,0.1879,3,,
Wed Feb 12 19:01:31 UTC 2014,44.4,0.36,0.1879,3,,
Wed Feb 12 19:01:46 UTC 2014,45.85,0.36,0.1879,3,,
Wed Feb 12 19:02:07 UTC 2014,43.625,0.36,0.1878,3,,
Wed Feb 12 19:02:17 UTC 2014,43.625,0.36,0.1878,3,,
Wed Feb 12 19:02:27 UTC 2014,53.65,0.36,0.1877,3,,
Wed Feb 12 19:02:43 UTC 2014,54.05,0.36,0.1877,3,EventProcessingServiceUnit_scaleIn,EventProcessingServiceUnit
Wed Feb 12 19:03:02 UTC 2014,54.05,0.36,0.1877,3,EventProcessingServiceUnit_scaleIn,EventProcessingServiceUnit
Wed Feb 12 19:03:18 UTC 2014,54.05,0.36,0.1877,3,EventProcessingServiceUnit_scaleIn,EventProcessingServiceUnit
Wed Feb 12 19:03:29 UTC 2014,58.675,0.36,0.1876,3,EventProcessingServiceUnit_scaleIn,EventProcessingServiceUnit
Wed Feb 12 19:03:40 UTC 2014,58.675,0.36,0.1876,3,EventProcessingServiceUnit_scaleIn,EventProcessingServiceUnit
Wed Feb 12 19:03:51 UTC 2014,60.4,0.36,0.1875,3,EventProcessingServiceUnit_scaleIn,EventProcessingServiceUnit
Wed Feb 12 19:04:05 UTC 2014,46.1,0.36,0.1875,3,EventProcessingServiceUnit_scaleIn,EventProcessingServiceUnit
Wed Feb 12 19:04:22 UTC 2014,46.1,0.36,0.1875,3,EventProcessingServiceUnit_scaleIn,EventProcessingServiceUnit
Wed Feb 12 19:04:33 UTC 2014,45.05,0.36,0.1874,3,EventProcessingServiceUnit_scaleIn,EventProcessingServiceUnit
Wed Feb 12 19:04:47 UTC 2014,46.075,0.36,0.1874,3,EventProcessingServiceUnit_scaleIn,EventProcessingServiceUnit
Wed Feb 12 19:05:00 UTC 2014,46.075,0.36,0.1874,3,EventProcessingServiceUnit_scaleIn,EventProcessingServiceUnit
Wed Feb 12 19:05:12 UTC 2014,44.7,0.36,0.1874,3,EventProcessingServiceUnit_scaleIn,EventProcessingServiceUnit
Wed Feb 12 19:05:29 UTC 2014,51.375,0.36,0.1874,3,EventProcessingServiceUnit_scaleIn,EventProcessingServiceUnit
Wed Feb 12 19:05:40 UTC 2014,52.875,0.36,0.1874,3,,
Wed Feb 12 19:05:58 UTC 2014,52.875,0.36,0.1874,3,,
Wed Feb 12 19:06:12 UTC 2014,52.45,0.36,0.1873,3,,
Wed Feb 12 19:06:21 UTC 2014,52.45,0.36,0.1873,3,,
Wed Feb 12 19:06:36 UTC 2014,55.6,0.36,0.1873,3,,
Wed Feb 12 19:06:57 UTC 2014,55.6,0.36,0.1873,3,,
Wed Feb 12 19:07:10 UTC 2014,45.2,0.36,0.1872,3,,
Wed Feb 12 19:07:27 UTC 2014,50.675,0.36,0.1873,3,,
Wed Feb 12 19:07:38 UTC 2014,54.475,0.36,0.1873,3,,
Wed Feb 12 19:07:59 UTC 2014,54.475,0.36,0.1873,3,,
Wed Feb 12 19:08:10 UTC 2014,48.8,0.36,0.1872,3,,
Wed Feb 12 19:08:24 UTC 2014,50.15,0.36,0.1872,3,,
Wed Feb 12 19:08:34 UTC 2014,43.35,0.36,0.1872,3,EventProcessingServiceUnit_scaleIn,EventProcessingServiceUnit
Wed Feb 12 19:08:52 UTC 2014,43.35,0.36,0.1872,3,,
Wed Feb 12 19:09:03 UTC 2014,40.325,0.36,0.1872,3,,
Wed Feb 12 19:09:12 UTC 2014,42.1,0.36,0.1872,3,,
Wed Feb 12 19:09:28 UTC 2014,42.1,0.36,0.1872,3,,
Wed Feb 12 19:09:41 UTC 2014,47.175,0.36,0.1872,3,,
Wed Feb 12 19:09:55 UTC 2014,44.3,0.36,0.1872,3,,
Wed Feb 12 19:10:06 UTC 2014,44.3,0.36,0.1872,3,,
Wed Feb 12 19:10:23 UTC 2014,38.85,0.36,0.1872,3,,
Wed Feb 12 19:10:33 UTC 2014,38.85,0.36,0.1872,3,,
Wed Feb 12 19:10:46 UTC 2014,38.875,0.36,0.1872,3,,
Wed Feb 12 19:10:59 UTC 2014,42.875,0.36,0.1872,3,,
Wed Feb 12 19:11:14 UTC 2014,42.875,0.36,0.1872,3,,
Wed Feb 12 19:11:29 UTC 2014,42.025,0.36,0.1872,3,,
Wed Feb 12 19:11:42 UTC 2014,51.1,0.36,0.1872,3,,
Wed Feb 12 19:12:02 UTC 2014,41.625,0.36,0.1871,3,,
Wed Feb 12 19:12:14 UTC 2014,41.2,0.36,0.1871,3,,
Wed Feb 12 19:12:31 UTC 2014,51.425,0.36,0.1871,3,,
Wed Feb 12 19:12:48 UTC 2014,49.125,0.36,0.1871,3,,
Wed Feb 12 19:13:01 UTC 2014,48.05,0.36,0.187,3,,
Wed Feb 12 19:13:18 UTC 2014,48.05,0.36,0.187,3,,
Wed Feb 12 19:13:32 UTC 2014,57.325,0.36,0.187,3,DataNodeServiceUnit_scaleOut,DataNodeServiceUnit
Wed Feb 12 19:13:50 UTC 2014,45.825,0.36,0.187,3,DataNodeServiceUnit_scaleOut,DataNodeServiceUnit
Wed Feb 12 19:14:10 UTC 2014,46.675,0.36,0.187,3,DataNodeServiceUnit_scaleOut,DataNodeServiceUnit
Wed Feb 12 19:14:22 UTC 2014,52.7,0.36,0.187,3,DataNodeServiceUnit_scaleOut,DataNodeServiceUnit
Wed Feb 12 19:14:38 UTC 2014,47.575,0.48,0.187,4,,
Wed Feb 12 19:14:51 UTC 2014,53.4,0.48,0.1869,4,,
Wed Feb 12 19:15:08 UTC 2014,53.4,0.48,0.1869,4,,
Wed Feb 12 19:15:23 UTC 2014,53.4,0.48,0.1869,4,,
Wed Feb 12 19:15:39 UTC 2014,47.6333,0.48,0.1869,4,,
Wed Feb 12 19:15:57 UTC 2014,43.8,0.48,0.1869,4,,
Wed Feb 12 19:16:11 UTC 2014,43.8,0.48,0.1869,4,,
Wed Feb 12 19:16:16 UTC 2014,52.2333,0.48,0.1868,4,,
Wed Feb 12 19:16:29 UTC 2014,42.7833,0.48,0.1868,4,,
Wed Feb 12 19:16:46 UTC 2014,42.7833,0.48,0.1868,4,,
Wed Feb 12 19:17:02 UTC 2014,44.6667,0.48,0.1868,4,,
Wed Feb 12 19:17:17 UTC 2014,44.6667,0.48,0.1868,4,,
Wed Feb 12 19:17:28 UTC 2014,47.6333,0.48,0.1868,4,,
Wed Feb 12 19:17:35 UTC 2014,49.3333,0.48,0.1868,4,,
Wed Feb 12 19:17:50 UTC 2014,49.3333,0.48,0.1868,4,EventProcessingServiceUnit_scaleOut,EventProcessingServiceUnit
Wed Feb 12 19:18:03 UTC 2014,47.1333,0.48,0.1868,4,EventProcessingServiceUnit_scaleOut,EventProcessingServiceUnit
Wed Feb 12 19:18:15 UTC 2014,47.1333,0.48,0.1868,4,EventProcessingServiceUnit_scaleOut,EventProcessingServiceUnit
Wed Feb 12 19:18:27 UTC 2014,53.8,0.48,0.1868,4,EventProcessingServiceUnit_scaleOut,EventProcessingServiceUnit
Wed Feb 12 19:18:37 UTC 2014,53.8,0.48,0.1868,4,EventProcessingServiceUnit_scaleOut,EventProcessingServiceUnit
Wed Feb 12 19:18:47 UTC 2014,46.5667,0.48,0.1868,4,,
Wed Feb 12 19:19:09 UTC 2014,46.5667,0.48,0.1868,4,,
Wed Feb 12 19:19:15 UTC 2014,48.2833,0.48,0.1868,4,,
Wed Feb 12 19:19:24 UTC 2014,48.2833,0.48,0.1868,4,,
Wed Feb 12 19:19:32 UTC 2014,45.8333,0.48,0.1867,4,,
Wed Feb 12 19:19:48 UTC 2014,45.8333,0.48,0.1867,4,,
Wed Feb 12 19:20:00 UTC 2014,40.0333,0.48,0.1867,4,,
Wed Feb 12 19:20:14 UTC 2014,40.0333,0.48,0.1867,4,,
Wed Feb 12 19:20:29 UTC 2014,55.4,0.48,0.1867,4,,
Wed Feb 12 19:20:36 UTC 2014,55.4,0.48,0.1867,4,,
Wed Feb 12 19:20:44 UTC 2014,38.1667,0.48,0.1867,4,,
Wed Feb 12 19:20:58 UTC 2014,38.1667,0.48,0.1867,4,,
Wed Feb 12 19:21:12 UTC 2014,40.4667,0.48,0.1868,4,,
Wed Feb 12 19:21:27 UTC 2014,40.4667,0.48,0.1868,4,,
Wed Feb 12 19:21:42 UTC 2014,42.5167,0.48,0.1868,4,,
Wed Feb 12 19:21:54 UTC 2014,42.5167,0.48,0.1868,4,,
Wed Feb 12 19:22:07 UTC 2014,39.3333,0.48,0.1868,4,,
Wed Feb 12 19:22:25 UTC 2014,39.3333,0.48,0.1868,4,,
Wed Feb 12 19:22:34 UTC 2014,39.3333,0.48,0.1868,4,DataNodeServiceUnit_scaleOut,DataNodeServiceUnit
Wed Feb 12 19:22:52 UTC 2014,36.95,0.48,0.1868,4,DataNodeServiceUnit_scaleOut,DataNodeServiceUnit
Wed Feb 12 19:23:07 UTC 2014,40.2167,0.48,0.1868,4,DataNodeServiceUnit_scaleOut,DataNodeServiceUnit
Wed Feb 12 19:23:22 UTC 2014,40.2167,0.48,0.1868,4,DataNodeServiceUnit_scaleOut,DataNodeServiceUnit
Wed Feb 12 19:23:34 UTC 2014,39.6667,0.48,0.1868,4,DataNodeServiceUnit_scaleOut,DataNodeServiceUnit
Wed Feb 12 19:23:49 UTC 2014,41.1,0.6,0.1868,5,DataNodeServiceUnit_scaleOut,DataNodeServiceUnit
Wed Feb 12 19:24:05 UTC 2014,41.1,0.6,0.1868,5,,
Wed Feb 12 19:24:23 UTC 2014,47.7,0.6,0.1868,5,,
Wed Feb 12 19:24:35 UTC 2014,47.7,0.6,0.1868,5,,
Wed Feb 12 19:24:46 UTC 2014,47.7,0.6,0.1868,5,,
Wed Feb 12 19:25:04 UTC 2014,51.1875,0.6,0.1868,5,,
Wed Feb 12 19:25:19 UTC 2014,51.1875,0.6,0.1868,5,,
Wed Feb 12 19:25:32 UTC 2014,51.1875,0.6,0.1868,5,,
Wed Feb 12 19:25:43 UTC 2014,53.6125,0.6,0.1867,5,,
Wed Feb 12 19:25:55 UTC 2014,53.6125,0.6,0.1867,5,,
Wed Feb 12 19:26:08 UTC 2014,51.525,0.6,0.1867,5,,
Wed Feb 12 19:26:22 UTC 2014,51.525,0.6,0.1867,5,DataNodeServiceUnit_scaleOut,DataNodeServiceUnit
Wed Feb 12 19:26:42 UTC 2014,49.275,0.6,0.1867,5,DataNodeServiceUnit_scaleOut,DataNodeServiceUnit
Wed Feb 12 19:26:56 UTC 2014,49.275,0.6,0.1867,5,DataNodeServiceUnit_scaleOut,DataNodeServiceUnit
Wed Feb 12 19:27:09 UTC 2014,44.9875,0.6,0.1867,5,DataNodeServiceUnit_scaleOut,DataNodeServiceUnit
Wed Feb 12 19:27:19 UTC 2014,44.9875,0.6,0.1867,5,DataNodeServiceUnit_scaleOut,DataNodeServiceUnit
Wed Feb 12 19:27:33 UTC 2014,49.025,0.6,0.1867,5,DataNodeServiceUnit_scaleOut,DataNodeServiceUnit
Wed Feb 12 19:27:44 UTC 2014,49.025,0.6,0.1867,5,DataNodeServiceUnit_scaleOut,DataNodeServiceUnit
Wed Feb 12 19:28:01 UTC 2014,47.05,0.72,0.1866,6,,
Wed Feb 12 19:28:14 UTC 2014,47.05,0.72,0.1866,6,,
Wed Feb 12 19:28:23 UTC 2014,47.05,0.72,0.1866,6,,
Wed Feb 12 19:28:32 UTC 2014,48.825,0.72,0.1866,6,,
Wed Feb 12 19:28:38 UTC 2014,48.825,0.72,0.1866,6,,
Wed Feb 12 19:28:55 UTC 2014,48.54,0.72,0.1866,6,,
Wed Feb 12 19:29:08 UTC 2014,48.54,0.72,0.1866,6,,
Wed Feb 12 19:29:19 UTC 2014,48.54,0.72,0.1866,6,,
Wed Feb 12 19:29:37 UTC 2014,45.92,0.72,0.1866,6,,
Wed Feb 12 19:29:45 UTC 2014,45.92,0.72,0.1866,6,,
Wed Feb 12 19:30:01 UTC 2014,47.07,0.72,0.1866,6,,
Wed Feb 12 19:30:17 UTC 2014,47.07,0.72,0.1866,6,,
Wed Feb 12 19:30:32 UTC 2014,47.07,0.72,0.1866,6,,
Wed Feb 12 19:30:46 UTC 2014,39.32,0.72,0.1866,6,,
Wed Feb 12 19:31:00 UTC 2014,39.32,0.72,0.1866,6,,
Wed Feb 12 19:31:09 UTC 2014,39.32,0.72,0.1866,6,,
Wed Feb 12 19:31:15 UTC 2014,41.59,0.72,0.1866,6,DataNodeServiceUnit_scaleOut,DataNodeServiceUnit
Wed Feb 12 19:31:41 UTC 2014,41.59,0.72,0.1866,6,DataNodeServiceUnit_scaleOut,DataNodeServiceUnit
Wed Feb 12 19:31:52 UTC 2014,44.6,0.72,0.1866,6,DataNodeServiceUnit_scaleOut,DataNodeServiceUnit
Wed Feb 12 19:32:06 UTC 2014,44.6,0.72,0.1866,6,,
Wed Feb 12 19:32:19 UTC 2014,39.38,0.84,0.1866,7,,
Wed Feb 12 19:32:32 UTC 2014,39.38,0.84,0.1866,7,,
Wed Feb 12 19:32:51 UTC 2014,38.89,0.84,0.1866,7,,
Wed Feb 12 19:32:58 UTC 2014,38.89,0.84,0.1866,7,,
Wed Feb 12 19:33:11 UTC 2014,38.89,0.84,0.1866,7,,
Wed Feb 12 19:33:19 UTC 2014,38.89,0.84,0.1866,7,,
Wed Feb 12 19:33:28 UTC 2014,48.6,0.84,0.1866,7,EventProcessingServiceUnit_scaleIn,EventProcessingServiceUnit
Wed Feb 12 19:33:40 UTC 2014,48.6,0.84,0.1866,7,EventProcessingServiceUnit_scaleIn,EventProcessingServiceUnit
Wed Feb 12 19:33:57 UTC 2014,48.6,0.84,0.1866,7,EventProcessingServiceUnit_scaleIn,EventProcessingServiceUnit
Wed Feb 12 19:34:07 UTC 2014,47.7583,0.84,0.1866,7,EventProcessingServiceUnit_scaleIn,EventProcessingServiceUnit
Wed Feb 12 19:34:22 UTC 2014,47.7583,0.84,0.1866,7,EventProcessingServiceUnit_scaleIn,EventProcessingServiceUnit
Wed Feb 12 19:34:35 UTC 2014,49.4,0.84,0.1866,7,EventProcessingServiceUnit_scaleIn,EventProcessingServiceUnit
Wed Feb 12 19:34:45 UTC 2014,49.4,0.84,0.1866,7,EventProcessingServiceUnit_scaleIn,EventProcessingServiceUnit
Wed Feb 12 19:35:02 UTC 2014,49.4,0.84,0.1866,7,EventProcessingServiceUnit_scaleIn,EventProcessingServiceUnit
Wed Feb 12 19:35:14 UTC 2014,44.375,0.84,0.1866,7,EventProcessingServiceUnit_scaleIn,EventProcessingServiceUnit
Wed Feb 12 19:35:27 UTC 2014,44.375,0.84,0.1866,7,EventProcessingServiceUnit_scaleIn,EventProcessingServiceUnit
Wed Feb 12 19:35:43 UTC 2014,46.1417,0.84,0.1866,7,EventProcessingServiceUnit_scaleIn,EventProcessingServiceUnit
Wed Feb 12 19:35:54 UTC 2014,46.1417,0.84,0.1866,7,EventProcessingServiceUnit_scaleIn,EventProcessingServiceUnit
Wed Feb 12 19:36:08 UTC 2014,46.1417,0.84,0.1866,7,,
Wed Feb 12 19:36:16 UTC 2014,40.8417,0.84,0.1865,7,,
Wed Feb 12 19:36:34 UTC 2014,40.8417,0.84,0.1865,7,,
Wed Feb 12 19:36:46 UTC 2014,46.7,0.84,0.1865,7,,
Wed Feb 12 19:36:56 UTC 2014,46.7,0.84,0.1865,7,,
Wed Feb 12 19:37:15 UTC 2014,46.7,0.84,0.1865,7,,
Wed Feb 12 19:37:21 UTC 2014,46.7,0.84,0.1865,7,,
Wed Feb 12 19:37:29 UTC 2014,46.7,0.84,0.1865,7,,
Wed Feb 12 19:37:37 UTC 2014,46.7,0.84,0.1865,7,,
Wed Feb 12 19:37:52 UTC 2014,42.775,0.84,0.1865,7,,
Wed Feb 12 19:38:05 UTC 2014,42.775,0.84,0.1865,7,DataNodeServiceUnit_scaleIn,DataNodeServiceUnit
Wed Feb 12 19:38:21 UTC 2014,44.7083,0.84,0.1865,7,DataNodeServiceUnit_scaleIn,DataNodeServiceUnit
Wed Feb 12 19:38:31 UTC 2014,44.7083,0.84,0.1865,7,DataNodeServiceUnit_scaleIn,DataNodeServiceUnit
Wed Feb 12 19:38:43 UTC 2014,47,0.84,0.1866,7,DataNodeServiceUnit_scaleIn,DataNodeServiceUnit
Wed Feb 12 19:38:56 UTC 2014,47,0.84,0.1866,7,DataNodeServiceUnit_scaleIn,DataNodeServiceUnit
Wed Feb 12 19:39:10 UTC 2014,47,0.84,0.1866,7,DataNodeServiceUnit_scaleIn,DataNodeServiceUnit
Wed Feb 12 19:39:22 UTC 2014,42.7333,0.84,0.1866,7,DataNodeServiceUnit_scaleIn,DataNodeServiceUnit
Wed Feb 12 19:39:32 UTC 2014,42.7333,0.84,0.1866,7,DataNodeServiceUnit_scaleIn,DataNodeServiceUnit
Wed Feb 12 19:39:49 UTC 2014,42.7167,0.84,0.1865,7,DataNodeServiceUnit_scaleIn,DataNodeServiceUnit
Wed Feb 12 19:40:05 UTC 2014,42.7167,0.84,0.1865,7,DataNodeServiceUnit_scaleIn,DataNodeServiceUnit
Wed Feb 12 19:40:17 UTC 2014,42.7167,0.84,0.1865,7,DataNodeServiceUnit_scaleIn,DataNodeServiceUnit
Wed Feb 12 19:40:28 UTC 2014,41.68,0.84,0.1866,7,DataNodeServiceUnit_scaleIn,DataNodeServiceUnit
Wed Feb 12 19:40:40 UTC 2014,41.68,0.84,0.1866,7,DataNodeServiceUnit_scaleIn,DataNodeServiceUnit
Wed Feb 12 19:40:52 UTC 2014,41.68,0.84,0.1866,7,DataNodeServiceUnit_scaleIn,DataNodeServiceUnit
Wed Feb 12 19:41:04 UTC 2014,41.68,0.84,0.1866,7,DataNodeServiceUnit_scaleIn,DataNodeServiceUnit
Wed Feb 12 19:41:17 UTC 2014,41.68,0.84,0.1866,7,DataNodeServiceUnit_scaleIn,DataNodeServiceUnit
Wed Feb 12 19:41:28 UTC 2014,37.15,0.84,0.1866,7,DataNodeServiceUnit_scaleIn,DataNodeServiceUnit
Wed Feb 12 19:41:42 UTC 2014,37.15,0.84,0.1866,7,,
Wed Feb 12 19:42:00 UTC 2014,35.28,0.72,0.1866,6,,
Wed Feb 12 19:42:11 UTC 2014,35.28,0.72,0.1866,6,,
Wed Feb 12 19:42:21 UTC 2014,35.9,0.72,0.1866,6,,
Wed Feb 12 19:42:34 UTC 2014,35.9,0.72,0.1866,6,EventProcessingServiceUnit_scaleIn,EventProcessingServiceUnit
Wed Feb 12 19:42:47 UTC 2014,35.9,0.72,0.1866,6,EventProcessingServiceUnit_scaleIn,EventProcessingServiceUnit
Wed Feb 12 19:43:00 UTC 2014,37.98,0.72,0.1866,6,,
Wed Feb 12 19:43:09 UTC 2014,37.98,0.72,0.1866,6,,
Wed Feb 12 19:43:28 UTC 2014,37.98,0.72,0.1866,6,,
Wed Feb 12 19:43:38 UTC 2014,37.98,0.72,0.1866,6,,
Wed Feb 12 19:43:57 UTC 2014,40.5,0.72,0.1866,6,,
Wed Feb 12 19:44:13 UTC 2014,40.5,0.72,0.1866,6,,
Wed Feb 12 19:44:21 UTC 2014,43,0.72,0.1866,6,,
Wed Feb 12 19:44:40 UTC 2014,43,0.72,0.1866,6,,
Wed Feb 12 19:44:52 UTC 2014,42.38,0.72,0.1865,6,,
Wed Feb 12 19:45:05 UTC 2014,42.38,0.72,0.1865,6,,
Wed Feb 12 19:45:11 UTC 2014,42.38,0.72,0.1865,6,,
Wed Feb 12 19:45:31 UTC 2014,42.38,0.72,0.1865,6,,
Wed Feb 12 19:45:42 UTC 2014,45.91,0.72,0.1865,6,,
Wed Feb 12 19:45:57 UTC 2014,45.91,0.72,0.1865,6,EventProcessingServiceUnit_scaleOut,EventProcessingServiceUnit
Wed Feb 12 19:46:18 UTC 2014,41.21,0.72,0.1865,6,,
Wed Feb 12 19:46:37 UTC 2014,41.21,0.72,0.1865,6,,
Wed Feb 12 19:46:44 UTC 2014,46.17,0.72,0.1866,6,,
Wed Feb 12 19:46:58 UTC 2014,46.17,0.72,0.1866,6,,
Wed Feb 12 19:47:13 UTC 2014,45.83,0.72,0.1865,6,,
Wed Feb 12 19:47:31 UTC 2014,45.83,0.72,0.1865,6,,
Wed Feb 12 19:47:45 UTC 2014,45.83,0.72,0.1865,6,,
Wed Feb 12 19:48:03 UTC 2014,45.56,0.72,0.1865,6,EventProcessingServiceUnit_scaleOut,EventProcessingServiceUnit
Wed Feb 12 19:48:25 UTC 2014,45.56,0.72,0.1865,6,,
Wed Feb 12 19:48:34 UTC 2014,42.67,0.72,0.1866,6,,
Wed Feb 12 19:48:46 UTC 2014,42.67,0.72,0.1866,6,,
Wed Feb 12 19:49:04 UTC 2014,44.79,0.72,0.1866,6,,
Wed Feb 12 19:49:15 UTC 2014,44.79,0.72,0.1866,6,,
Wed Feb 12 19:49:23 UTC 2014,44.76,0.72,0.1866,6,,
Wed Feb 12 19:49:41 UTC 2014,44.76,0.72,0.1866,6,,
Wed Feb 12 19:49:56 UTC 2014,42.91,0.72,0.1866,6,,
Wed Feb 12 19:50:15 UTC 2014,42.91,0.72,0.1866,6,,
Wed Feb 12 19:50:24 UTC 2014,42.91,0.72,0.1866,6,,
Wed Feb 12 19:50:43 UTC 2014,40.89,0.72,0.1865,6,,
Wed Feb 12 19:50:59 UTC 2014,40.89,0.72,0.1865,6,,
Wed Feb 12 19:51:11 UTC 2014,38.68,0.72,0.1865,6,,
Wed Feb 12 19:51:23 UTC 2014,38.68,0.72,0.1865,6,DataNodeServiceUnit_scaleIn,DataNodeServiceUnit
Wed Feb 12 19:51:38 UTC 2014,36.61,0.72,0.1865,6,DataNodeServiceUnit_scaleIn,DataNodeServiceUnit
Wed Feb 12 19:51:53 UTC 2014,36.61,0.72,0.1865,6,DataNodeServiceUnit_scaleIn,DataNodeServiceUnit
Wed Feb 12 19:52:04 UTC 2014,36.61,0.72,0.1865,6,DataNodeServiceUnit_scaleIn,DataNodeServiceUnit
Wed Feb 12 19:52:16 UTC 2014,35.89,0.72,0.1865,6,DataNodeServiceUnit_scaleIn,DataNodeServiceUnit
Wed Feb 12 19:52:30 UTC 2014,35.89,0.72,0.1865,6,DataNodeServiceUnit_scaleIn,DataNodeServiceUnit
Wed Feb 12 19:52:45 UTC 2014,42.09,0.72,0.1865,6,DataNodeServiceUnit_scaleIn,DataNodeServiceUnit
Wed Feb 12 19:52:56 UTC 2014,42.09,0.72,0.1865,6,DataNodeServiceUnit_scaleIn,DataNodeServiceUnit
Wed Feb 12 19:53:08 UTC 2014,37.95,0.6,0.1865,5,,
Wed Feb 12 19:53:18 UTC 2014,37.95,0.6,0.1865,5,,
Wed Feb 12 19:53:38 UTC 2014,38.9875,0.6,0.1865,5,,
Wed Feb 12 19:53:55 UTC 2014,38.9875,0.6,0.1865,5,,
Wed Feb 12 19:54:15 UTC 2014,36.3875,0.6,0.1866,5,,
Wed Feb 12 19:54:35 UTC 2014,36.3875,0.6,0.1866,5,,
Wed Feb 12 19:54:42 UTC 2014,43.4,0.6,0.1865,5,,
Wed Feb 12 19:55:01 UTC 2014,43.4,0.6,0.1865,5,,
Wed Feb 12 19:55:08 UTC 2014,43.575,0.6,0.1865,5,,
Wed Feb 12 19:55:16 UTC 2014,43.575,0.6,0.1865,5,,
Wed Feb 12 19:55:36 UTC 2014,38.9875,0.6,0.1865,5,,
Wed Feb 12 19:55:49 UTC 2014,38.9875,0.6,0.1865,5,,
Wed Feb 12 19:56:05 UTC 2014,42.1375,0.6,0.1865,5,,
