Time ,cpuUsage ,cost ,latency ,numberOfVMs , ongoingAction, targetedNodeID
Wed Feb 12 16:02:49 UTC 2014,39.3,0.12,0.1869,1,,
Wed Feb 12 16:03:04 UTC 2014,42.6,0.12,0.1869,1,,
Wed Feb 12 16:03:19 UTC 2014,36,0.12,0.1869,1,,
Wed Feb 12 16:03:33 UTC 2014,36,0.12,0.1869,1,,
Wed Feb 12 16:03:43 UTC 2014,36,0.12,0.1869,1,,
Wed Feb 12 16:03:59 UTC 2014,36,0.12,0.1869,1,,
Wed Feb 12 16:04:10 UTC 2014,36,0.12,0.1869,1,,
Wed Feb 12 16:04:29 UTC 2014,36,0.12,0.1869,1,,
Wed Feb 12 16:04:37 UTC 2014,35.9,0.12,0.1869,1,,
Wed Feb 12 16:04:55 UTC 2014,35.9,0.12,0.1869,1,,
Wed Feb 12 16:05:12 UTC 2014,35.9,0.12,0.1869,1,,
Wed Feb 12 16:05:22 UTC 2014,34.6,0.12,0.1869,1,,
Wed Feb 12 16:05:40 UTC 2014,34.6,0.12,0.1869,1,,
Wed Feb 12 16:05:51 UTC 2014,34.6,0.12,0.1869,1,,
Wed Feb 12 16:06:05 UTC 2014,34.6,0.12,0.1869,1,,
Wed Feb 12 16:06:18 UTC 2014,43.7,0.12,0.1869,1,,
Wed Feb 12 16:06:33 UTC 2014,43.7,0.12,0.1869,1,,
Wed Feb 12 16:06:41 UTC 2014,35.7,0.12,0.1869,1,,
Wed Feb 12 16:07:01 UTC 2014,35.7,0.12,0.1869,1,EventProcessingServiceUnit_scaleOut,EventProcessingServiceUnit
Wed Feb 12 16:07:17 UTC 2014,35.7,0.12,0.1869,1,EventProcessingServiceUnit_scaleOut,EventProcessingServiceUnit
Wed Feb 12 16:07:32 UTC 2014,35.7,0.12,0.1869,1,EventProcessingServiceUnit_scaleOut,EventProcessingServiceUnit
Wed Feb 12 16:07:43 UTC 2014,35.7,0.12,0.1869,1,EventProcessingServiceUnit_scaleOut,EventProcessingServiceUnit
Wed Feb 12 16:07:55 UTC 2014,35.5,0.12,0.1869,1,EventProcessingServiceUnit_scaleOut,EventProcessingServiceUnit
Wed Feb 12 16:08:07 UTC 2014,33.2,0.12,0.1869,1,EventProcessingServiceUnit_scaleOut,EventProcessingServiceUnit
Wed Feb 12 16:08:19 UTC 2014,33.2,0.12,0.1869,1,EventProcessingServiceUnit_scaleOut,EventProcessingServiceUnit
Wed Feb 12 16:08:33 UTC 2014,30.1,0.12,0.1869,1,,
Wed Feb 12 16:08:44 UTC 2014,30.1,0.12,0.1869,1,,
Wed Feb 12 16:08:53 UTC 2014,30.1,0.12,0.1869,1,,
Wed Feb 12 16:09:11 UTC 2014,30.1,0.12,0.1869,1,,
Wed Feb 12 16:09:21 UTC 2014,36.7,0.12,0.1869,1,,
Wed Feb 12 16:09:35 UTC 2014,36.7,0.12,0.1869,1,,
Wed Feb 12 16:09:44 UTC 2014,27.5,0.12,0.1869,1,,
Wed Feb 12 16:09:59 UTC 2014,29.6,0.12,0.1869,1,,
Wed Feb 12 16:10:09 UTC 2014,35.2,0.12,0.1869,1,,
Wed Feb 12 16:10:26 UTC 2014,35.2,0.12,0.1869,1,,
Wed Feb 12 16:10:33 UTC 2014,25.7,0.12,0.1869,1,,
Wed Feb 12 16:10:40 UTC 2014,25.7,0.12,0.1869,1,,
Wed Feb 12 16:10:51 UTC 2014,27.9,0.12,0.1869,1,,
Wed Feb 12 16:11:04 UTC 2014,27.9,0.12,0.1869,1,,
Wed Feb 12 16:11:15 UTC 2014,27.9,0.12,0.1869,1,,
Wed Feb 12 16:11:30 UTC 2014,27.9,0.12,0.1869,1,DataNodeServiceUnit_scaleOut,DataNodeServiceUnit
Wed Feb 12 16:11:45 UTC 2014,26.8,0.12,0.1869,1,DataNodeServiceUnit_scaleOut,DataNodeServiceUnit
Wed Feb 12 16:11:56 UTC 2014,30.2,0.12,0.1869,1,DataNodeServiceUnit_scaleOut,DataNodeServiceUnit
Wed Feb 12 16:12:07 UTC 2014,30.2,0.12,0.1869,1,DataNodeServiceUnit_scaleOut,DataNodeServiceUnit
Wed Feb 12 16:12:19 UTC 2014,30.2,0.12,0.1869,1,DataNodeServiceUnit_scaleOut,DataNodeServiceUnit
Wed Feb 12 16:12:31 UTC 2014,41.8,0.12,0.1869,1,DataNodeServiceUnit_scaleOut,DataNodeServiceUnit
Wed Feb 12 16:12:43 UTC 2014,38.4,0.12,0.1869,1,,
Wed Feb 12 16:12:53 UTC 2014,38.4,0.12,0.1869,1,,
Wed Feb 12 16:13:07 UTC 2014,38.4,0.12,0.1869,1,,
Wed Feb 12 16:13:21 UTC 2014,38.4,0.12,0.1869,1,,
Wed Feb 12 16:13:33 UTC 2014,35.6,0.12,0.1869,1,,
Wed Feb 12 16:13:42 UTC 2014,35.6,0.12,0.1869,1,,
Wed Feb 12 16:13:51 UTC 2014,32.2,0.12,0.1868,1,EventProcessingServiceUnit_scaleOut,EventProcessingServiceUnit
Wed Feb 12 16:14:16 UTC 2014,42.6,0.12,0.1867,1,EventProcessingServiceUnit_scaleOut,EventProcessingServiceUnit
Wed Feb 12 16:14:33 UTC 2014,42.6,0.12,0.1867,1,EventProcessingServiceUnit_scaleOut,EventProcessingServiceUnit
Wed Feb 12 16:14:44 UTC 2014,46.6,0.12,0.1866,1,EventProcessingServiceUnit_scaleOut,EventProcessingServiceUnit
Wed Feb 12 16:15:01 UTC 2014,46.6,0.12,0.1866,1,EventProcessingServiceUnit_scaleOut,EventProcessingServiceUnit
Wed Feb 12 16:15:15 UTC 2014,37.3,0.12,0.1866,1,,
Wed Feb 12 16:15:22 UTC 2014,33.8,0.12,0.1866,1,,
Wed Feb 12 16:15:32 UTC 2014,33.8,0.12,0.1866,1,,
Wed Feb 12 16:15:42 UTC 2014,37.3,0.12,0.1866,1,,
Wed Feb 12 16:15:57 UTC 2014,37.3,0.12,0.1866,1,,
Wed Feb 12 16:16:05 UTC 2014,28.7,0.12,0.1867,1,,
Wed Feb 12 16:16:13 UTC 2014,28.7,0.12,0.1867,1,,
Wed Feb 12 16:16:25 UTC 2014,28.7,0.12,0.1867,1,,
Wed Feb 12 16:16:31 UTC 2014,28.7,0.12,0.1867,1,,
Wed Feb 12 16:16:39 UTC 2014,45,0.12,0.1867,1,,
Wed Feb 12 16:16:54 UTC 2014,36.9,0.12,0.1868,1,EventProcessingServiceUnit_scaleOut,EventProcessingServiceUnit
Wed Feb 12 16:17:13 UTC 2014,36.9,0.12,0.1868,1,EventProcessingServiceUnit_scaleOut,EventProcessingServiceUnit
Wed Feb 12 16:17:26 UTC 2014,36.9,0.12,0.1868,1,EventProcessingServiceUnit_scaleOut,EventProcessingServiceUnit
Wed Feb 12 16:17:38 UTC 2014,41.3,0.12,0.1868,1,EventProcessingServiceUnit_scaleOut,EventProcessingServiceUnit
Wed Feb 12 16:17:49 UTC 2014,41.3,0.12,0.1868,1,EventProcessingServiceUnit_scaleOut,EventProcessingServiceUnit
Wed Feb 12 16:18:00 UTC 2014,36,0.12,0.1868,1,EventProcessingServiceUnit_scaleOut,EventProcessingServiceUnit
Wed Feb 12 16:18:11 UTC 2014,36,0.12,0.1868,1,EventProcessingServiceUnit_scaleOut,EventProcessingServiceUnit
Wed Feb 12 16:18:25 UTC 2014,27.3,0.12,0.1868,1,,
Wed Feb 12 16:18:31 UTC 2014,27.3,0.12,0.1868,1,,
Wed Feb 12 16:18:39 UTC 2014,27.3,0.12,0.1868,1,,
Wed Feb 12 16:18:45 UTC 2014,35.8,0.12,0.1868,1,,
Wed Feb 12 16:18:52 UTC 2014,35.8,0.12,0.1868,1,,
Wed Feb 12 16:19:05 UTC 2014,35.8,0.12,0.1868,1,,
Wed Feb 12 16:19:15 UTC 2014,35.8,0.12,0.1868,1,,
Wed Feb 12 16:19:29 UTC 2014,31.6,0.12,0.1868,1,,
Wed Feb 12 16:19:48 UTC 2014,31.6,0.12,0.1868,1,,
Wed Feb 12 16:19:54 UTC 2014,22.6,0.12,0.1868,1,,
Wed Feb 12 16:20:06 UTC 2014,22.6,0.12,0.1868,1,,
Wed Feb 12 16:20:20 UTC 2014,22.6,0.12,0.1868,1,EventProcessingServiceUnit_scaleIn,EventProcessingServiceUnit
Wed Feb 12 16:20:33 UTC 2014,32.2,0.12,0.1868,1,EventProcessingServiceUnit_scaleIn,EventProcessingServiceUnit
Wed Feb 12 16:20:51 UTC 2014,27.6,0.12,0.1868,1,EventProcessingServiceUnit_scaleIn,EventProcessingServiceUnit
Wed Feb 12 16:21:01 UTC 2014,27.6,0.12,0.1868,1,EventProcessingServiceUnit_scaleIn,EventProcessingServiceUnit
Wed Feb 12 16:21:15 UTC 2014,30.1,0.12,0.1868,1,EventProcessingServiceUnit_scaleIn,EventProcessingServiceUnit
Wed Feb 12 16:21:29 UTC 2014,30.1,0.12,0.1868,1,EventProcessingServiceUnit_scaleIn,EventProcessingServiceUnit
Wed Feb 12 16:21:40 UTC 2014,33.9,0.12,0.1868,1,EventProcessingServiceUnit_scaleIn,EventProcessingServiceUnit
Wed Feb 12 16:21:52 UTC 2014,33.9,0.12,0.1868,1,EventProcessingServiceUnit_scaleIn,EventProcessingServiceUnit
Wed Feb 12 16:22:04 UTC 2014,33.9,0.12,0.1868,1,EventProcessingServiceUnit_scaleIn,EventProcessingServiceUnit
Wed Feb 12 16:22:14 UTC 2014,33.9,0.12,0.1868,1,EventProcessingServiceUnit_scaleIn,EventProcessingServiceUnit
Wed Feb 12 16:22:27 UTC 2014,38,0.12,0.1869,1,EventProcessingServiceUnit_scaleIn,EventProcessingServiceUnit
Wed Feb 12 16:22:39 UTC 2014,38,0.12,0.1869,1,EventProcessingServiceUnit_scaleIn,EventProcessingServiceUnit
Wed Feb 12 16:22:50 UTC 2014,35,0.12,0.1868,1,EventProcessingServiceUnit_scaleIn,EventProcessingServiceUnit
Wed Feb 12 16:23:02 UTC 2014,35,0.12,0.1868,1,EventProcessingServiceUnit_scaleIn,EventProcessingServiceUnit
Wed Feb 12 16:23:13 UTC 2014,35,0.12,0.1868,1,EventProcessingServiceUnit_scaleIn,EventProcessingServiceUnit
Wed Feb 12 16:23:29 UTC 2014,41.2,0.12,0.1868,1,,
Wed Feb 12 16:23:39 UTC 2014,41.2,0.12,0.1868,1,,
Wed Feb 12 16:23:48 UTC 2014,41.8,0.12,0.1868,1,,
Wed Feb 12 16:24:04 UTC 2014,41.2,0.12,0.1871,1,,
Wed Feb 12 16:24:18 UTC 2014,41.2,0.12,0.1871,1,,
Wed Feb 12 16:24:33 UTC 2014,41.2,0.12,0.1871,1,,
Wed Feb 12 16:24:46 UTC 2014,34.1,0.12,0.1871,1,,
Wed Feb 12 16:24:54 UTC 2014,45.4,0.12,0.1871,1,,
Wed Feb 12 16:25:11 UTC 2014,45.4,0.12,0.1871,1,,
Wed Feb 12 16:25:20 UTC 2014,45.4,0.12,0.1871,1,,
Wed Feb 12 16:25:35 UTC 2014,45.4,0.12,0.1871,1,,
Wed Feb 12 16:25:43 UTC 2014,39,0.12,0.1871,1,,
Wed Feb 12 16:25:58 UTC 2014,39,0.12,0.1871,1,,
Wed Feb 12 16:26:10 UTC 2014,39,0.12,0.1871,1,,
Wed Feb 12 16:26:20 UTC 2014,39.3,0.12,0.1871,1,,
Wed Feb 12 16:26:33 UTC 2014,39.3,0.12,0.1871,1,,
Wed Feb 12 16:26:41 UTC 2014,32.4,0.12,0.1871,1,DataNodeServiceUnit_scaleIn,DataNodeServiceUnit
Wed Feb 12 16:27:00 UTC 2014,32.4,0.12,0.1871,1,DataNodeServiceUnit_scaleIn,DataNodeServiceUnit
Wed Feb 12 16:27:14 UTC 2014,29.3,0.12,0.1871,1,DataNodeServiceUnit_scaleIn,DataNodeServiceUnit
Wed Feb 12 16:27:25 UTC 2014,28.6,0.12,0.1871,1,DataNodeServiceUnit_scaleIn,DataNodeServiceUnit
Wed Feb 12 16:27:38 UTC 2014,28.6,0.12,0.1871,1,DataNodeServiceUnit_scaleIn,DataNodeServiceUnit
Wed Feb 12 16:27:51 UTC 2014,28.6,0.12,0.1871,1,DataNodeServiceUnit_scaleIn,DataNodeServiceUnit
Wed Feb 12 16:28:04 UTC 2014,28.6,0.12,0.1871,1,DataNodeServiceUnit_scaleIn,DataNodeServiceUnit
Wed Feb 12 16:28:14 UTC 2014,34.4,0.12,0.1871,1,DataNodeServiceUnit_scaleIn,DataNodeServiceUnit
Wed Feb 12 16:28:28 UTC 2014,28.2,0.12,0.1871,1,DataNodeServiceUnit_scaleIn,DataNodeServiceUnit
Wed Feb 12 16:28:42 UTC 2014,28.2,0.12,0.1871,1,DataNodeServiceUnit_scaleIn,DataNodeServiceUnit
Wed Feb 12 16:28:53 UTC 2014,28.2,0.12,0.1871,1,DataNodeServiceUnit_scaleIn,DataNodeServiceUnit
Wed Feb 12 16:29:04 UTC 2014,28.2,0.12,0.1871,1,DataNodeServiceUnit_scaleIn,DataNodeServiceUnit
Wed Feb 12 16:29:19 UTC 2014,26.7,0.12,0.1871,1,DataNodeServiceUnit_scaleIn,DataNodeServiceUnit
Wed Feb 12 16:29:31 UTC 2014,31.8,0.12,0.1871,1,DataNodeServiceUnit_scaleIn,DataNodeServiceUnit
Wed Feb 12 16:29:43 UTC 2014,25.5,0.12,0.1871,1,DataNodeServiceUnit_scaleIn,DataNodeServiceUnit
Wed Feb 12 16:30:01 UTC 2014,33.1,0.12,0.1871,1,DataNodeServiceUnit_scaleIn,DataNodeServiceUnit
Wed Feb 12 16:30:13 UTC 2014,33.1,0.12,0.1871,1,DataNodeServiceUnit_scaleIn,DataNodeServiceUnit
Wed Feb 12 16:30:30 UTC 2014,33.1,0.12,0.1871,1,,
Wed Feb 12 16:30:37 UTC 2014,48.4,0.12,0.1871,1,,
Wed Feb 12 16:30:51 UTC 2014,48.4,0.12,0.1871,1,,
Wed Feb 12 16:31:02 UTC 2014,39.9,0.12,0.1871,1,,
Wed Feb 12 16:31:15 UTC 2014,39.9,0.12,0.1871,1,,
Wed Feb 12 16:31:22 UTC 2014,42.2,0.12,0.1875,1,,
Wed Feb 12 16:31:32 UTC 2014,36.7,0.12,0.1875,1,,
Wed Feb 12 16:31:51 UTC 2014,36.7,0.12,0.1875,1,,
Wed Feb 12 16:31:57 UTC 2014,31,0.12,0.1875,1,,
Wed Feb 12 16:32:14 UTC 2014,31,0.12,0.1875,1,,
Wed Feb 12 16:32:30 UTC 2014,31,0.12,0.1875,1,,
Wed Feb 12 16:32:38 UTC 2014,41.8,0.12,0.1874,1,,
Wed Feb 12 16:32:54 UTC 2014,38.2,0.12,0.1874,1,,
Wed Feb 12 16:33:11 UTC 2014,38.2,0.12,0.1874,1,,
Wed Feb 12 16:33:26 UTC 2014,42.4,0.12,0.1875,1,,
Wed Feb 12 16:33:36 UTC 2014,42.4,0.12,0.1875,1,,
Wed Feb 12 16:33:46 UTC 2014,37.2,0.12,0.1875,1,,
Wed Feb 12 16:34:00 UTC 2014,37.2,0.12,0.1875,1,,
Wed Feb 12 16:34:09 UTC 2014,40,0.12,0.1875,1,,
Wed Feb 12 16:34:23 UTC 2014,40,0.12,0.1875,1,,
Wed Feb 12 16:34:39 UTC 2014,35.2,0.12,0.1875,1,,
Wed Feb 12 16:34:47 UTC 2014,45.5,0.12,0.1876,1,EventProcessingServiceUnit_scaleOut,EventProcessingServiceUnit
Wed Feb 12 16:35:09 UTC 2014,45.5,0.12,0.1876,1,EventProcessingServiceUnit_scaleOut,EventProcessingServiceUnit
Wed Feb 12 16:35:21 UTC 2014,39.3,0.12,0.1875,1,EventProcessingServiceUnit_scaleOut,EventProcessingServiceUnit
Wed Feb 12 16:35:35 UTC 2014,46.1,0.12,0.1875,1,EventProcessingServiceUnit_scaleOut,EventProcessingServiceUnit
Wed Feb 12 16:35:49 UTC 2014,46.1,0.12,0.1875,1,EventProcessingServiceUnit_scaleOut,EventProcessingServiceUnit
Wed Feb 12 16:36:02 UTC 2014,46.1,0.12,0.1875,1,EventProcessingServiceUnit_scaleOut,EventProcessingServiceUnit
Wed Feb 12 16:36:15 UTC 2014,34.5,0.12,0.1875,1,,
Wed Feb 12 16:36:30 UTC 2014,37.2,0.12,0.1875,1,,
Wed Feb 12 16:36:38 UTC 2014,37.2,0.12,0.1875,1,,
Wed Feb 12 16:36:55 UTC 2014,38.6,0.12,0.1875,1,,
Wed Feb 12 16:37:03 UTC 2014,38.6,0.12,0.1875,1,,
Wed Feb 12 16:37:10 UTC 2014,38.6,0.12,0.1875,1,,
Wed Feb 12 16:37:23 UTC 2014,38.6,0.12,0.1875,1,,
Wed Feb 12 16:37:31 UTC 2014,33.8,0.12,0.1875,1,,
Wed Feb 12 16:37:50 UTC 2014,36.3,0.12,0.1875,1,,
Wed Feb 12 16:37:57 UTC 2014,36.3,0.12,0.1875,1,EventProcessingServiceUnit_scaleOut,EventProcessingServiceUnit
Wed Feb 12 16:38:11 UTC 2014,40.6,0.12,0.1875,1,EventProcessingServiceUnit_scaleOut,EventProcessingServiceUnit
Wed Feb 12 16:38:24 UTC 2014,40.6,0.12,0.1875,1,EventProcessingServiceUnit_scaleOut,EventProcessingServiceUnit
Wed Feb 12 16:38:37 UTC 2014,40.6,0.12,0.1875,1,EventProcessingServiceUnit_scaleOut,EventProcessingServiceUnit
Wed Feb 12 16:38:49 UTC 2014,42.2,0.12,0.1875,1,EventProcessingServiceUnit_scaleOut,EventProcessingServiceUnit
Wed Feb 12 16:38:59 UTC 2014,40,0.12,0.1876,1,EventProcessingServiceUnit_scaleOut,EventProcessingServiceUnit
Wed Feb 12 16:39:14 UTC 2014,40,0.12,0.1876,1,,
Wed Feb 12 16:39:21 UTC 2014,40,0.12,0.1876,1,,
Wed Feb 12 16:39:37 UTC 2014,40,0.12,0.1876,1,,
Wed Feb 12 16:39:49 UTC 2014,49.2,0.12,0.1877,1,,
Wed Feb 12 16:39:58 UTC 2014,49.2,0.12,0.1877,1,,
Wed Feb 12 16:40:09 UTC 2014,49.2,0.12,0.1877,1,,
Wed Feb 12 16:40:20 UTC 2014,36.6,0.12,0.1877,1,,
Wed Feb 12 16:40:31 UTC 2014,36.6,0.12,0.1877,1,,
Wed Feb 12 16:40:48 UTC 2014,36.6,0.12,0.1877,1,,
Wed Feb 12 16:41:02 UTC 2014,36.6,0.12,0.1877,1,,
Wed Feb 12 16:41:12 UTC 2014,43.9,0.12,0.1877,1,,
Wed Feb 12 16:41:26 UTC 2014,43.9,0.12,0.1877,1,,
Wed Feb 12 16:41:36 UTC 2014,40.2,0.12,0.1877,1,,
Wed Feb 12 16:41:42 UTC 2014,40.2,0.12,0.1877,1,,
Wed Feb 12 16:41:51 UTC 2014,0.12,1,0.1882,1,,
Wed Feb 12 16:42:05 UTC 2014,0.12,1,0.1882,1,,
Wed Feb 12 16:42:19 UTC 2014,0.12,1,0.1882,1,,
Wed Feb 12 16:42:26 UTC 2014,0.12,1,0.1882,1,,
Wed Feb 12 16:42:35 UTC 2014,0.12,1,0.1882,1,,
Wed Feb 12 16:42:52 UTC 2014,0.12,1,0.1882,1,,
Wed Feb 12 16:43:03 UTC 2014,0.12,1,0.1882,1,,
Wed Feb 12 16:43:19 UTC 2014,0.12,1,0.1882,1,,
Wed Feb 12 16:43:37 UTC 2014,0.12,1,0.1882,1,,
Wed Feb 12 16:43:53 UTC 2014,0.12,1,0.1881,1,,
Wed Feb 12 16:44:04 UTC 2014,0.12,1,0.1881,1,,
Wed Feb 12 16:44:14 UTC 2014,35.6,0.12,0.1882,1,,
Wed Feb 12 16:44:25 UTC 2014,35.6,0.12,0.1882,1,,
Wed Feb 12 16:44:31 UTC 2014,35.6,0.12,0.1882,1,,
Wed Feb 12 16:44:46 UTC 2014,37.7,0.12,0.1882,1,,
Wed Feb 12 16:44:57 UTC 2014,37.7,0.12,0.1882,1,EventProcessingServiceUnit_scaleOut,EventProcessingServiceUnit
Wed Feb 12 16:45:17 UTC 2014,37.7,0.12,0.1882,1,EventProcessingServiceUnit_scaleOut,EventProcessingServiceUnit
Wed Feb 12 16:45:28 UTC 2014,38.9,0.12,0.1882,1,EventProcessingServiceUnit_scaleOut,EventProcessingServiceUnit
Wed Feb 12 16:45:39 UTC 2014,38.9,0.12,0.1882,1,EventProcessingServiceUnit_scaleOut,EventProcessingServiceUnit
Wed Feb 12 16:45:56 UTC 2014,35.2,0.12,0.1882,1,EventProcessingServiceUnit_scaleOut,EventProcessingServiceUnit
Wed Feb 12 16:46:15 UTC 2014,35.2,0.12,0.1882,1,EventProcessingServiceUnit_scaleOut,EventProcessingServiceUnit
Wed Feb 12 16:46:31 UTC 2014,35.2,0.12,0.1882,1,,
Wed Feb 12 16:46:45 UTC 2014,40.2,0.12,0.1882,1,,
Wed Feb 12 16:46:52 UTC 2014,40.2,0.12,0.1882,1,,
Wed Feb 12 16:47:10 UTC 2014,41.7,0.12,0.1881,1,,
Wed Feb 12 16:47:16 UTC 2014,41.7,0.12,0.1881,1,,
Wed Feb 12 16:47:30 UTC 2014,41.5,0.12,0.1882,1,EventProcessingServiceUnit_scaleIn,EventProcessingServiceUnit
Wed Feb 12 16:47:40 UTC 2014,41.5,0.12,0.1882,1,EventProcessingServiceUnit_scaleIn,EventProcessingServiceUnit
Wed Feb 12 16:47:51 UTC 2014,43.7,0.12,0.1882,1,EventProcessingServiceUnit_scaleIn,EventProcessingServiceUnit
Wed Feb 12 16:48:03 UTC 2014,43.7,0.12,0.1882,1,EventProcessingServiceUnit_scaleIn,EventProcessingServiceUnit
Wed Feb 12 16:48:14 UTC 2014,43.7,0.12,0.1882,1,EventProcessingServiceUnit_scaleIn,EventProcessingServiceUnit
Wed Feb 12 16:48:27 UTC 2014,43.7,0.12,0.1882,1,EventProcessingServiceUnit_scaleIn,EventProcessingServiceUnit
Wed Feb 12 16:48:38 UTC 2014,43.7,0.12,0.1882,1,EventProcessingServiceUnit_scaleIn,EventProcessingServiceUnit
Wed Feb 12 16:48:54 UTC 2014,38.6,0.12,0.1887,1,EventProcessingServiceUnit_scaleIn,EventProcessingServiceUnit
Wed Feb 12 16:49:04 UTC 2014,38.6,0.12,0.1887,1,EventProcessingServiceUnit_scaleIn,EventProcessingServiceUnit
Wed Feb 12 16:49:24 UTC 2014,27.8,0.12,0.1887,1,EventProcessingServiceUnit_scaleIn,EventProcessingServiceUnit
Wed Feb 12 16:49:34 UTC 2014,27.8,0.12,0.1887,1,EventProcessingServiceUnit_scaleIn,EventProcessingServiceUnit
Wed Feb 12 16:49:46 UTC 2014,29.2,0.12,0.1891,1,EventProcessingServiceUnit_scaleIn,EventProcessingServiceUnit
Wed Feb 12 16:49:56 UTC 2014,29.2,0.12,0.1891,1,EventProcessingServiceUnit_scaleIn,EventProcessingServiceUnit
Wed Feb 12 16:50:10 UTC 2014,29.2,0.12,0.1891,1,,
Wed Feb 12 16:50:21 UTC 2014,30,0.12,0.1891,1,,
Wed Feb 12 16:50:32 UTC 2014,30,0.12,0.1891,1,,
Wed Feb 12 16:50:44 UTC 2014,30,0.12,0.1891,1,,
Wed Feb 12 16:50:52 UTC 2014,30,0.12,0.1891,1,,
Wed Feb 12 16:51:08 UTC 2014,31.9,0.12,0.1891,1,,
Wed Feb 12 16:51:17 UTC 2014,31.9,0.12,0.1891,1,,
Wed Feb 12 16:51:28 UTC 2014,31.9,0.12,0.1891,1,,
Wed Feb 12 16:51:36 UTC 2014,28.8,0.12,0.1892,1,,
Wed Feb 12 16:51:46 UTC 2014,28.8,0.12,0.1892,1,,
Wed Feb 12 16:52:00 UTC 2014,32.9,0.12,0.1891,1,,
Wed Feb 12 16:52:18 UTC 2014,32.9,0.12,0.1891,1,,
Wed Feb 12 16:52:25 UTC 2014,32.9,0.12,0.1891,1,,
Wed Feb 12 16:52:43 UTC 2014,41.1,0.12,0.1892,1,,
Wed Feb 12 16:52:54 UTC 2014,41.1,0.12,0.1892,1,,
Wed Feb 12 16:53:11 UTC 2014,52.6,0.12,0.1892,1,,
Wed Feb 12 16:53:19 UTC 2014,52.6,0.12,0.1892,1,,
Wed Feb 12 16:53:35 UTC 2014,66.8,0.12,0.1892,1,,
Wed Feb 12 16:53:45 UTC 2014,66.8,0.12,0.1892,1,,
Wed Feb 12 16:54:00 UTC 2014,66.8,0.12,0.1892,1,,
Wed Feb 12 16:54:11 UTC 2014,56.4,0.12,0.1892,1,,
Wed Feb 12 16:54:24 UTC 2014,56.4,0.12,0.1892,1,,
Wed Feb 12 16:54:36 UTC 2014,56.4,0.12,0.1892,1,,
Wed Feb 12 16:54:42 UTC 2014,63.1,0.12,0.1892,1,,
Wed Feb 12 16:54:50 UTC 2014,63.1,0.12,0.1892,1,,
Wed Feb 12 16:55:07 UTC 2014,63.1,0.12,0.1892,1,,
Wed Feb 12 16:55:17 UTC 2014,63.1,0.12,0.1892,1,,
Wed Feb 12 16:55:28 UTC 2014,63.1,0.12,0.1892,1,,
Wed Feb 12 16:55:47 UTC 2014,63.1,0.12,0.1892,1,,
Wed Feb 12 16:55:55 UTC 2014,40.8,0.12,0.1892,1,DataNodeServiceUnit_scaleOut,DataNodeServiceUnit
Wed Feb 12 16:56:16 UTC 2014,30.3,0.12,0.1892,1,DataNodeServiceUnit_scaleOut,DataNodeServiceUnit
Wed Feb 12 16:56:31 UTC 2014,30.3,0.12,0.1892,1,DataNodeServiceUnit_scaleOut,DataNodeServiceUnit
Wed Feb 12 16:56:41 UTC 2014,37.3,0.12,0.1892,1,DataNodeServiceUnit_scaleOut,DataNodeServiceUnit
Wed Feb 12 16:56:53 UTC 2014,37.3,0.12,0.1892,1,DataNodeServiceUnit_scaleOut,DataNodeServiceUnit
Wed Feb 12 16:57:06 UTC 2014,45.4,0.12,0.1892,1,DataNodeServiceUnit_scaleOut,DataNodeServiceUnit
Wed Feb 12 16:57:18 UTC 2014,45.4,0.12,0.1892,1,,
Wed Feb 12 16:57:33 UTC 2014,45.4,0.12,0.1892,1,,
Wed Feb 12 16:57:46 UTC 2014,31.1,0.12,0.1892,1,,
Wed Feb 12 16:57:57 UTC 2014,31.1,0.12,0.1892,1,,
Wed Feb 12 16:58:07 UTC 2014,31.1,0.12,0.1892,1,,
Wed Feb 12 16:58:18 UTC 2014,31.1,0.12,0.1892,1,,
Wed Feb 12 16:58:27 UTC 2014,27.5,0.12,0.1892,1,,
Wed Feb 12 16:58:49 UTC 2014,27.5,0.12,0.1892,1,,
Wed Feb 12 16:59:00 UTC 2014,33.1,0.12,0.1892,1,,
Wed Feb 12 16:59:19 UTC 2014,33.1,0.12,0.1892,1,,
Wed Feb 12 16:59:26 UTC 2014,25.9,0.12,0.1892,1,,
Wed Feb 12 16:59:42 UTC 2014,25.9,0.12,0.1892,1,,
Wed Feb 12 16:59:52 UTC 2014,32,0.12,0.1892,1,,
Wed Feb 12 17:00:03 UTC 2014,32,0.12,0.1892,1,,
Wed Feb 12 17:00:13 UTC 2014,32,0.12,0.1892,1,,
Wed Feb 12 17:00:27 UTC 2014,32,0.12,0.1892,1,,
Wed Feb 12 17:00:39 UTC 2014,26,0.12,0.1892,1,EventProcessingServiceUnit_scaleIn,EventProcessingServiceUnit
Wed Feb 12 17:00:54 UTC 2014,26,0.12,0.1892,1,EventProcessingServiceUnit_scaleIn,EventProcessingServiceUnit
Wed Feb 12 17:01:05 UTC 2014,26,0.12,0.1892,1,EventProcessingServiceUnit_scaleIn,EventProcessingServiceUnit
Wed Feb 12 17:01:15 UTC 2014,24,0.12,0.1892,1,EventProcessingServiceUnit_scaleIn,EventProcessingServiceUnit
Wed Feb 12 17:01:26 UTC 2014,24,0.12,0.1892,1,EventProcessingServiceUnit_scaleIn,EventProcessingServiceUnit
Wed Feb 12 17:01:38 UTC 2014,25.2,0.12,0.1892,1,EventProcessingServiceUnit_scaleIn,EventProcessingServiceUnit
Wed Feb 12 17:01:50 UTC 2014,25.2,0.12,0.1892,1,EventProcessingServiceUnit_scaleIn,EventProcessingServiceUnit
Wed Feb 12 17:02:02 UTC 2014,25.2,0.12,0.1892,1,EventProcessingServiceUnit_scaleIn,EventProcessingServiceUnit
Wed Feb 12 17:02:14 UTC 2014,25.2,0.12,0.1892,1,EventProcessingServiceUnit_scaleIn,EventProcessingServiceUnit
Wed Feb 12 17:02:26 UTC 2014,29.9,0.12,0.1892,1,EventProcessingServiceUnit_scaleIn,EventProcessingServiceUnit
Wed Feb 12 17:02:40 UTC 2014,29.9,0.12,0.1892,1,EventProcessingServiceUnit_scaleIn,EventProcessingServiceUnit
Wed Feb 12 17:02:51 UTC 2014,29.9,0.12,0.1891,1,EventProcessingServiceUnit_scaleIn,EventProcessingServiceUnit
Wed Feb 12 17:03:02 UTC 2014,32.7,0.12,0.1891,1,EventProcessingServiceUnit_scaleIn,EventProcessingServiceUnit
Wed Feb 12 17:03:14 UTC 2014,32.7,0.12,0.1891,1,EventProcessingServiceUnit_scaleIn,EventProcessingServiceUnit
Wed Feb 12 17:03:26 UTC 2014,32.7,0.12,0.1891,1,EventProcessingServiceUnit_scaleIn,EventProcessingServiceUnit
Wed Feb 12 17:03:40 UTC 2014,34.1,0.12,0.1891,1,,
Wed Feb 12 17:03:55 UTC 2014,34.1,0.12,0.1891,1,,
Wed Feb 12 17:04:04 UTC 2014,40.5,0.12,0.189,1,,
Wed Feb 12 17:04:17 UTC 2014,40.5,0.12,0.189,1,,
Wed Feb 12 17:04:25 UTC 2014,34.4,0.12,0.1889,1,,
Wed Feb 12 17:04:44 UTC 2014,36.4,0.12,0.1888,1,EventProcessingServiceUnit_scaleOut,EventProcessingServiceUnit
Wed Feb 12 17:05:03 UTC 2014,36.4,0.12,0.1888,1,EventProcessingServiceUnit_scaleOut,EventProcessingServiceUnit
Wed Feb 12 17:05:20 UTC 2014,36.4,0.12,0.1888,1,EventProcessingServiceUnit_scaleOut,EventProcessingServiceUnit
Wed Feb 12 17:05:32 UTC 2014,36.4,0.12,0.1887,1,EventProcessingServiceUnit_scaleOut,EventProcessingServiceUnit
Wed Feb 12 17:05:47 UTC 2014,39.3,0.12,0.1887,1,EventProcessingServiceUnit_scaleOut,EventProcessingServiceUnit
Wed Feb 12 17:05:58 UTC 2014,39.3,0.12,0.1887,1,,
Wed Feb 12 17:06:05 UTC 2014,45.9,0.12,0.1886,1,,
Wed Feb 12 17:06:19 UTC 2014,45.9,0.12,0.1886,1,,
Wed Feb 12 17:06:29 UTC 2014,45.9,0.12,0.1886,1,,
Wed Feb 12 17:06:40 UTC 2014,45.9,0.12,0.1886,1,,
Wed Feb 12 17:06:54 UTC 2014,43.3,0.12,0.1885,1,,
Wed Feb 12 17:07:03 UTC 2014,43.3,0.12,0.1885,1,,
Wed Feb 12 17:07:09 UTC 2014,43.3,0.12,0.1885,1,,
Wed Feb 12 17:07:16 UTC 2014,26.2,0.12,0.1885,1,,
Wed Feb 12 17:07:29 UTC 2014,26.2,0.12,0.1885,1,,
Wed Feb 12 17:07:38 UTC 2014,26.2,0.12,0.1885,1,,
Wed Feb 12 17:07:43 UTC 2014,42.2,0.12,0.1884,1,,
Wed Feb 12 17:07:56 UTC 2014,41,0.12,0.1884,1,,
Wed Feb 12 17:08:08 UTC 2014,41,0.12,0.1884,1,,
Wed Feb 12 17:08:15 UTC 2014,41,0.12,0.1884,1,,
Wed Feb 12 17:08:27 UTC 2014,40.1,0.12,0.1884,1,,
Wed Feb 12 17:08:36 UTC 2014,40.1,0.12,0.1884,1,,
Wed Feb 12 17:08:45 UTC 2014,46.5,0.12,0.1883,1,,
Wed Feb 12 17:09:01 UTC 2014,46.5,0.12,0.1883,1,,
Wed Feb 12 17:09:08 UTC 2014,46.5,0.12,0.1883,1,,
Wed Feb 12 17:09:25 UTC 2014,46.5,0.12,0.1883,1,,
Wed Feb 12 17:09:32 UTC 2014,46.5,0.12,0.1883,1,,
Wed Feb 12 17:09:45 UTC 2014,40.5,0.12,0.1883,1,,
Wed Feb 12 17:09:58 UTC 2014,40.5,0.12,0.1883,1,,
Wed Feb 12 17:10:11 UTC 2014,43.9,0.12,0.1883,1,,
Wed Feb 12 17:10:21 UTC 2014,43.9,0.12,0.1883,1,,
Wed Feb 12 17:10:32 UTC 2014,38.3,0.12,0.1882,1,,
Wed Feb 12 17:10:43 UTC 2014,38.3,0.12,0.1882,1,,
Wed Feb 12 17:10:55 UTC 2014,38.3,0.12,0.1882,1,,
Wed Feb 12 17:11:05 UTC 2014,38.3,0.12,0.1882,1,,
Wed Feb 12 17:11:15 UTC 2014,38.3,0.12,0.1882,1,,
Wed Feb 12 17:11:23 UTC 2014,41.7,0.12,0.1882,1,,
Wed Feb 12 17:11:39 UTC 2014,41.7,0.12,0.1882,1,EventProcessingServiceUnit_scaleIn,EventProcessingServiceUnit
Wed Feb 12 17:11:50 UTC 2014,33.6,0.12,0.1881,1,EventProcessingServiceUnit_scaleIn,EventProcessingServiceUnit
Wed Feb 12 17:12:03 UTC 2014,33.6,0.12,0.1881,1,EventProcessingServiceUnit_scaleIn,EventProcessingServiceUnit
Wed Feb 12 17:12:14 UTC 2014,33.6,0.12,0.1881,1,EventProcessingServiceUnit_scaleIn,EventProcessingServiceUnit
Wed Feb 12 17:12:25 UTC 2014,37.1,0.12,0.1881,1,EventProcessingServiceUnit_scaleIn,EventProcessingServiceUnit
Wed Feb 12 17:12:36 UTC 2014,37.1,0.12,0.1881,1,EventProcessingServiceUnit_scaleIn,EventProcessingServiceUnit
Wed Feb 12 17:12:46 UTC 2014,33.2,0.12,0.1881,1,EventProcessingServiceUnit_scaleIn,EventProcessingServiceUnit
Wed Feb 12 17:12:58 UTC 2014,33.2,0.12,0.1881,1,EventProcessingServiceUnit_scaleIn,EventProcessingServiceUnit
Wed Feb 12 17:13:09 UTC 2014,33.2,0.12,0.1881,1,EventProcessingServiceUnit_scaleIn,EventProcessingServiceUnit
Wed Feb 12 17:13:20 UTC 2014,33.2,0.12,0.1881,1,EventProcessingServiceUnit_scaleIn,EventProcessingServiceUnit
Wed Feb 12 17:13:34 UTC 2014,31.2,0.12,0.1881,1,EventProcessingServiceUnit_scaleIn,EventProcessingServiceUnit
Wed Feb 12 17:13:44 UTC 2014,31.2,0.12,0.1881,1,EventProcessingServiceUnit_scaleIn,EventProcessingServiceUnit
Wed Feb 12 17:13:56 UTC 2014,31.2,0.12,0.1881,1,EventProcessingServiceUnit_scaleIn,EventProcessingServiceUnit
Wed Feb 12 17:14:07 UTC 2014,37.2,0.12,0.1881,1,EventProcessingServiceUnit_scaleIn,EventProcessingServiceUnit
Wed Feb 12 17:14:20 UTC 2014,33.7,0.12,0.1881,1,,
Wed Feb 12 17:14:29 UTC 2014,33.7,0.12,0.1881,1,,
Wed Feb 12 17:14:43 UTC 2014,33.7,0.12,0.1881,1,,
Wed Feb 12 17:14:49 UTC 2014,33.7,0.12,0.1881,1,,
Wed Feb 12 17:15:02 UTC 2014,37.6,0.12,0.1881,1,,
Wed Feb 12 17:15:18 UTC 2014,37.6,0.12,0.1881,1,,
Wed Feb 12 17:15:30 UTC 2014,36,0.12,0.1881,1,,
Wed Feb 12 17:15:41 UTC 2014,36,0.12,0.1881,1,,
Wed Feb 12 17:15:55 UTC 2014,33.1,0.12,0.188,1,,
Wed Feb 12 17:16:10 UTC 2014,33.1,0.12,0.188,1,,
Wed Feb 12 17:16:23 UTC 2014,33.1,0.12,0.188,1,,
Wed Feb 12 17:16:34 UTC 2014,33.1,0.12,0.188,1,,
Wed Feb 12 17:16:49 UTC 2014,43,0.12,0.1881,1,,
Wed Feb 12 17:16:59 UTC 2014,43,0.12,0.1881,1,,
Wed Feb 12 17:17:09 UTC 2014,37.9,0.12,0.1882,1,,
Wed Feb 12 17:17:24 UTC 2014,37.9,0.12,0.1882,1,,
Wed Feb 12 17:17:32 UTC 2014,40.8,0.12,0.1882,1,,
Wed Feb 12 17:17:43 UTC 2014,40.8,0.12,0.1882,1,,
Wed Feb 12 17:17:57 UTC 2014,35.7,0.12,0.1885,1,,
Wed Feb 12 17:18:06 UTC 2014,35.7,0.12,0.1885,1,,
Wed Feb 12 17:18:15 UTC 2014,42.5,0.12,0.1885,1,,
Wed Feb 12 17:18:25 UTC 2014,42.5,0.12,0.1885,1,,
Wed Feb 12 17:18:37 UTC 2014,42.5,0.12,0.1885,1,,
Wed Feb 12 17:18:47 UTC 2014,42.5,0.12,0.1885,1,,
Wed Feb 12 17:19:00 UTC 2014,38.1,0.12,0.1885,1,EventProcessingServiceUnit_scaleOut,EventProcessingServiceUnit
Wed Feb 12 17:19:18 UTC 2014,38.1,0.12,0.1885,1,EventProcessingServiceUnit_scaleOut,EventProcessingServiceUnit
Wed Feb 12 17:19:31 UTC 2014,40.6,0.12,0.1885,1,EventProcessingServiceUnit_scaleOut,EventProcessingServiceUnit
Wed Feb 12 17:19:46 UTC 2014,40.6,0.12,0.1885,1,EventProcessingServiceUnit_scaleOut,EventProcessingServiceUnit
Wed Feb 12 17:19:58 UTC 2014,39.8,0.12,0.1885,1,EventProcessingServiceUnit_scaleOut,EventProcessingServiceUnit
Wed Feb 12 17:20:12 UTC 2014,39.8,0.12,0.1885,1,,
Wed Feb 12 17:20:23 UTC 2014,41,0.12,0.1885,1,,
Wed Feb 12 17:20:38 UTC 2014,41,0.12,0.1885,1,,
Wed Feb 12 17:20:45 UTC 2014,41,0.12,0.1885,1,,
Wed Feb 12 17:20:57 UTC 2014,41,0.12,0.1885,1,,
Wed Feb 12 17:21:09 UTC 2014,33.6,0.12,0.1884,1,,
Wed Feb 12 17:21:18 UTC 2014,33.6,0.12,0.1884,1,,
Wed Feb 12 17:21:27 UTC 2014,33.6,0.12,0.1884,1,,
Wed Feb 12 17:21:39 UTC 2014,34.6,0.12,0.1884,1,,
Wed Feb 12 17:21:52 UTC 2014,34.6,0.12,0.1884,1,,
Wed Feb 12 17:22:04 UTC 2014,34.6,0.12,0.1884,1,,
Wed Feb 12 17:22:12 UTC 2014,33,0.12,0.1888,1,,
Wed Feb 12 17:22:25 UTC 2014,33,0.12,0.1888,1,,
Wed Feb 12 17:22:30 UTC 2014,33,0.12,0.1888,1,,
Wed Feb 12 17:22:38 UTC 2014,30,0.12,0.1888,1,,
Wed Feb 12 17:22:50 UTC 2014,30,0.12,0.1888,1,,
Wed Feb 12 17:23:02 UTC 2014,30,0.12,0.1888,1,,
Wed Feb 12 17:23:13 UTC 2014,29,0.12,0.1888,1,,
Wed Feb 12 17:23:20 UTC 2014,29,0.12,0.1888,1,,
Wed Feb 12 17:23:33 UTC 2014,29,0.12,0.1888,1,,
Wed Feb 12 17:23:44 UTC 2014,29,0.12,0.1888,1,,
Wed Feb 12 17:23:52 UTC 2014,29,0.12,0.1888,1,,
Wed Feb 12 17:24:05 UTC 2014,25.8,0.12,0.1888,1,,
Wed Feb 12 17:24:17 UTC 2014,25.8,0.12,0.1888,1,,
Wed Feb 12 17:24:24 UTC 2014,25.8,0.12,0.1888,1,,
Wed Feb 12 17:24:35 UTC 2014,31.7,0.12,0.1888,1,,
Wed Feb 12 17:24:50 UTC 2014,31.7,0.12,0.1888,1,,
Wed Feb 12 17:24:58 UTC 2014,31,0.12,0.1888,1,,
Wed Feb 12 17:25:09 UTC 2014,31,0.12,0.1888,1,,
Wed Feb 12 17:25:19 UTC 2014,31,0.12,0.1888,1,,
Wed Feb 12 17:25:27 UTC 2014,37,0.12,0.1888,1,EventProcessingServiceUnit_scaleIn,EventProcessingServiceUnit
Wed Feb 12 17:25:44 UTC 2014,37,0.12,0.1888,1,EventProcessingServiceUnit_scaleIn,EventProcessingServiceUnit
Wed Feb 12 17:25:53 UTC 2014,37,0.12,0.1888,1,EventProcessingServiceUnit_scaleIn,EventProcessingServiceUnit
Wed Feb 12 17:26:05 UTC 2014,37,0.12,0.1888,1,EventProcessingServiceUnit_scaleIn,EventProcessingServiceUnit
Wed Feb 12 17:26:18 UTC 2014,37,0.12,0.1888,1,EventProcessingServiceUnit_scaleIn,EventProcessingServiceUnit
Wed Feb 12 17:26:29 UTC 2014,41,0.12,0.1888,1,EventProcessingServiceUnit_scaleIn,EventProcessingServiceUnit
Wed Feb 12 17:26:41 UTC 2014,41,0.12,0.1888,1,EventProcessingServiceUnit_scaleIn,EventProcessingServiceUnit
Wed Feb 12 17:26:52 UTC 2014,42.9,0.12,0.1889,1,EventProcessingServiceUnit_scaleIn,EventProcessingServiceUnit
Wed Feb 12 17:27:03 UTC 2014,42.9,0.12,0.1889,1,EventProcessingServiceUnit_scaleIn,EventProcessingServiceUnit
Wed Feb 12 17:27:14 UTC 2014,34.5,0.12,0.1888,1,EventProcessingServiceUnit_scaleIn,EventProcessingServiceUnit
Wed Feb 12 17:27:28 UTC 2014,34.5,0.12,0.1888,1,EventProcessingServiceUnit_scaleIn,EventProcessingServiceUnit
Wed Feb 12 17:27:38 UTC 2014,40,0.12,0.1888,1,EventProcessingServiceUnit_scaleIn,EventProcessingServiceUnit
Wed Feb 12 17:27:54 UTC 2014,40,0.12,0.1888,1,EventProcessingServiceUnit_scaleIn,EventProcessingServiceUnit
Wed Feb 12 17:28:06 UTC 2014,40,0.12,0.1888,1,EventProcessingServiceUnit_scaleIn,EventProcessingServiceUnit
Wed Feb 12 17:28:17 UTC 2014,40,0.12,0.1888,1,EventProcessingServiceUnit_scaleIn,EventProcessingServiceUnit
Wed Feb 12 17:28:29 UTC 2014,40,0.12,0.1888,1,,
Wed Feb 12 17:28:38 UTC 2014,40,0.12,0.1888,1,,
Wed Feb 12 17:28:47 UTC 2014,40,0.12,0.1888,1,,
Wed Feb 12 17:28:54 UTC 2014,39.4,0.12,0.1889,1,,
Wed Feb 12 17:29:00 UTC 2014,39.4,0.12,0.1889,1,,
Wed Feb 12 17:29:11 UTC 2014,39.4,0.12,0.1889,1,,
Wed Feb 12 17:29:18 UTC 2014,44.2,0.12,0.1889,1,,
Wed Feb 12 17:29:32 UTC 2014,44.2,0.12,0.1889,1,,
Wed Feb 12 17:29:39 UTC 2014,44.2,0.12,0.1889,1,,
Wed Feb 12 17:29:58 UTC 2014,44.2,0.12,0.1889,1,,
Wed Feb 12 17:30:05 UTC 2014,38,0.12,0.1889,1,,
Wed Feb 12 17:30:16 UTC 2014,38,0.12,0.1889,1,,
Wed Feb 12 17:30:30 UTC 2014,35.5,0.12,0.189,1,,
Wed Feb 12 17:30:45 UTC 2014,35.5,0.12,0.189,1,,
Wed Feb 12 17:30:56 UTC 2014,32.9,0.12,0.189,1,,
Wed Feb 12 17:31:08 UTC 2014,32.9,0.12,0.189,1,EventProcessingServiceUnit_scaleIn,EventProcessingServiceUnit
Wed Feb 12 17:31:18 UTC 2014,32.9,0.12,0.189,1,EventProcessingServiceUnit_scaleIn,EventProcessingServiceUnit
Wed Feb 12 17:31:29 UTC 2014,32.8,0.12,0.189,1,EventProcessingServiceUnit_scaleIn,EventProcessingServiceUnit
Wed Feb 12 17:31:40 UTC 2014,32.8,0.12,0.189,1,EventProcessingServiceUnit_scaleIn,EventProcessingServiceUnit
Wed Feb 12 17:31:51 UTC 2014,29.8,0.12,0.189,1,EventProcessingServiceUnit_scaleIn,EventProcessingServiceUnit
Wed Feb 12 17:32:01 UTC 2014,29.8,0.12,0.189,1,EventProcessingServiceUnit_scaleIn,EventProcessingServiceUnit
Wed Feb 12 17:32:15 UTC 2014,23.6,0.12,0.189,1,EventProcessingServiceUnit_scaleIn,EventProcessingServiceUnit
Wed Feb 12 17:32:25 UTC 2014,23.6,0.12,0.189,1,EventProcessingServiceUnit_scaleIn,EventProcessingServiceUnit
Wed Feb 12 17:32:37 UTC 2014,24.1,0.12,0.189,1,EventProcessingServiceUnit_scaleIn,EventProcessingServiceUnit
Wed Feb 12 17:32:48 UTC 2014,24.1,0.12,0.189,1,EventProcessingServiceUnit_scaleIn,EventProcessingServiceUnit
Wed Feb 12 17:33:00 UTC 2014,27.9,0.12,0.189,1,EventProcessingServiceUnit_scaleIn,EventProcessingServiceUnit
Wed Feb 12 17:33:11 UTC 2014,27.9,0.12,0.189,1,EventProcessingServiceUnit_scaleIn,EventProcessingServiceUnit
Wed Feb 12 17:33:22 UTC 2014,27.4,0.12,0.189,1,EventProcessingServiceUnit_scaleIn,EventProcessingServiceUnit
Wed Feb 12 17:33:35 UTC 2014,27.4,0.12,0.189,1,EventProcessingServiceUnit_scaleIn,EventProcessingServiceUnit
Wed Feb 12 17:33:46 UTC 2014,33.1,0.12,0.189,1,EventProcessingServiceUnit_scaleIn,EventProcessingServiceUnit
Wed Feb 12 17:33:57 UTC 2014,33.1,0.12,0.189,1,,
Wed Feb 12 17:34:03 UTC 2014,33.1,0.12,0.189,1,,
Wed Feb 12 17:34:19 UTC 2014,30.8,0.12,0.189,1,,
Wed Feb 12 17:34:27 UTC 2014,30.8,0.12,0.189,1,,
Wed Feb 12 17:34:42 UTC 2014,30.8,0.12,0.189,1,,
Wed Feb 12 17:35:01 UTC 2014,41.8,0.12,0.189,1,,
Wed Feb 12 17:35:12 UTC 2014,41.8,0.12,0.189,1,,
Wed Feb 12 17:35:23 UTC 2014,41.8,0.12,0.189,1,,
Wed Feb 12 17:35:39 UTC 2014,41.8,0.12,0.189,1,,
Wed Feb 12 17:35:45 UTC 2014,42.3,0.12,0.189,1,,
Wed Feb 12 17:36:04 UTC 2014,45,0.12,0.189,1,,
Wed Feb 12 17:36:11 UTC 2014,45,0.12,0.189,1,,
Wed Feb 12 17:36:27 UTC 2014,32.7,0.12,0.189,1,,
Wed Feb 12 17:36:36 UTC 2014,32.7,0.12,0.189,1,,
Wed Feb 12 17:36:53 UTC 2014,37.6,0.12,0.189,1,,
Wed Feb 12 17:37:11 UTC 2014,35.8,0.12,0.189,1,,
Wed Feb 12 17:37:20 UTC 2014,35.8,0.12,0.189,1,,
Wed Feb 12 17:37:35 UTC 2014,35.8,0.12,0.189,1,,
Wed Feb 12 17:37:44 UTC 2014,35.8,0.12,0.1891,1,EventProcessingServiceUnit_scaleOut,EventProcessingServiceUnit
Wed Feb 12 17:38:00 UTC 2014,40.2,0.12,0.1891,1,EventProcessingServiceUnit_scaleOut,EventProcessingServiceUnit
Wed Feb 12 17:38:13 UTC 2014,41.5,0.12,0.1891,1,EventProcessingServiceUnit_scaleOut,EventProcessingServiceUnit
Wed Feb 12 17:38:25 UTC 2014,41.5,0.12,0.1891,1,EventProcessingServiceUnit_scaleOut,EventProcessingServiceUnit
Wed Feb 12 17:38:36 UTC 2014,43.7,0.12,0.189,1,EventProcessingServiceUnit_scaleOut,EventProcessingServiceUnit
Wed Feb 12 17:38:52 UTC 2014,36.1,0.12,0.189,1,EventProcessingServiceUnit_scaleOut,EventProcessingServiceUnit
Wed Feb 12 17:39:05 UTC 2014,36.1,0.12,0.189,1,,
Wed Feb 12 17:39:17 UTC 2014,36.1,0.12,0.189,1,,
Wed Feb 12 17:39:23 UTC 2014,36.1,0.12,0.189,1,,
Wed Feb 12 17:39:31 UTC 2014,36.1,0.12,0.189,1,,
Wed Feb 12 17:39:38 UTC 2014,46.5,0.12,0.189,1,,
Wed Feb 12 17:39:52 UTC 2014,46.5,0.12,0.189,1,,
Wed Feb 12 17:40:01 UTC 2014,30.9,0.12,0.1891,1,,
Wed Feb 12 17:40:18 UTC 2014,30.9,0.12,0.1891,1,,
Wed Feb 12 17:40:29 UTC 2014,31.7,0.12,0.1891,1,,
Wed Feb 12 17:40:37 UTC 2014,31.7,0.12,0.1891,1,,
Wed Feb 12 17:40:44 UTC 2014,31.7,0.12,0.1891,1,,
Wed Feb 12 17:40:51 UTC 2014,35.8,0.12,0.1891,1,,
Wed Feb 12 17:41:08 UTC 2014,35.8,0.12,0.1891,1,,
Wed Feb 12 17:41:21 UTC 2014,37.7,0.12,0.1891,1,,
Wed Feb 12 17:41:28 UTC 2014,37.7,0.12,0.1891,1,,
Wed Feb 12 17:41:35 UTC 2014,37.7,0.12,0.1891,1,,
Wed Feb 12 17:41:48 UTC 2014,37.7,0.12,0.1891,1,,
Wed Feb 12 17:42:02 UTC 2014,37.7,0.12,0.1891,1,,
Wed Feb 12 17:42:11 UTC 2014,30.8,0.12,0.1891,1,,
Wed Feb 12 17:42:21 UTC 2014,30.8,0.12,0.1891,1,,
Wed Feb 12 17:42:34 UTC 2014,27,0.12,0.1891,1,,
Wed Feb 12 17:42:42 UTC 2014,27,0.12,0.1891,1,,
Wed Feb 12 17:42:55 UTC 2014,27,0.12,0.1891,1,,
Wed Feb 12 17:43:04 UTC 2014,28.5,0.12,0.1891,1,,
Wed Feb 12 17:43:13 UTC 2014,28.5,0.12,0.1891,1,,
Wed Feb 12 17:43:26 UTC 2014,29.5,0.12,0.1891,1,,
Wed Feb 12 17:43:41 UTC 2014,29.5,0.12,0.1891,1,,
Wed Feb 12 17:43:48 UTC 2014,29.5,0.12,0.189,1,DataNodeServiceUnit_scaleOut,DataNodeServiceUnit
Wed Feb 12 17:44:00 UTC 2014,27.3,0.12,0.189,1,DataNodeServiceUnit_scaleOut,DataNodeServiceUnit
Wed Feb 12 17:44:14 UTC 2014,27.3,0.12,0.189,1,DataNodeServiceUnit_scaleOut,DataNodeServiceUnit
Wed Feb 12 17:44:24 UTC 2014,41.6,0.12,0.189,1,DataNodeServiceUnit_scaleOut,DataNodeServiceUnit
Wed Feb 12 17:44:39 UTC 2014,41.6,0.12,0.189,1,DataNodeServiceUnit_scaleOut,DataNodeServiceUnit
Wed Feb 12 17:44:53 UTC 2014,37.7,0.12,0.189,1,DataNodeServiceUnit_scaleOut,DataNodeServiceUnit
Wed Feb 12 17:45:08 UTC 2014,37.7,0.12,0.189,1,,
Wed Feb 12 17:45:17 UTC 2014,44,0.12,0.189,1,,
Wed Feb 12 17:45:31 UTC 2014,43.3,0.12,0.1889,1,,
Wed Feb 12 17:45:48 UTC 2014,43.3,0.12,0.1889,1,,
Wed Feb 12 17:45:58 UTC 2014,43.3,0.12,0.1889,1,,
Wed Feb 12 17:46:08 UTC 2014,43.3,0.12,0.1889,1,,
Wed Feb 12 17:46:20 UTC 2014,43.3,0.12,0.1889,1,,
Wed Feb 12 17:46:30 UTC 2014,33.9,0.12,0.1889,1,,
Wed Feb 12 17:46:46 UTC 2014,33.9,0.12,0.1889,1,,
Wed Feb 12 17:46:53 UTC 2014,42.1,0.12,0.1889,1,,
Wed Feb 12 17:47:05 UTC 2014,42.1,0.12,0.1889,1,,
Wed Feb 12 17:47:14 UTC 2014,42.1,0.12,0.1889,1,,
Wed Feb 12 17:47:27 UTC 2014,36.4,0.12,0.1889,1,,
Wed Feb 12 17:47:37 UTC 2014,36.4,0.12,0.1889,1,,
Wed Feb 12 17:47:45 UTC 2014,36.4,0.12,0.1889,1,,
Wed Feb 12 17:47:57 UTC 2014,36.4,0.12,0.1889,1,,
Wed Feb 12 17:48:10 UTC 2014,36.4,0.12,0.1889,1,,
Wed Feb 12 17:48:17 UTC 2014,36.4,0.12,0.1889,1,,
Wed Feb 12 17:48:33 UTC 2014,36.4,0.12,0.1889,1,,
Wed Feb 12 17:48:44 UTC 2014,36.8,0.12,0.1889,1,,
Wed Feb 12 17:48:59 UTC 2014,36.8,0.12,0.1889,1,,
Wed Feb 12 17:49:12 UTC 2014,33.4,0.12,0.1889,1,,
Wed Feb 12 17:49:21 UTC 2014,33.4,0.12,0.1889,1,,
Wed Feb 12 17:49:32 UTC 2014,33.4,0.12,0.1889,1,,
Wed Feb 12 17:49:44 UTC 2014,34,0.12,0.1889,1,,
Wed Feb 12 17:49:56 UTC 2014,34,0.12,0.1889,1,EventProcessingServiceUnit_scaleIn,EventProcessingServiceUnit
Wed Feb 12 17:50:08 UTC 2014,34,0.12,0.1889,1,EventProcessingServiceUnit_scaleIn,EventProcessingServiceUnit
Wed Feb 12 17:50:19 UTC 2014,31.4,0.12,0.1889,1,EventProcessingServiceUnit_scaleIn,EventProcessingServiceUnit
Wed Feb 12 17:50:32 UTC 2014,31.4,0.12,0.1889,1,EventProcessingServiceUnit_scaleIn,EventProcessingServiceUnit
Wed Feb 12 17:50:52 UTC 2014,27,0.12,0.1889,1,EventProcessingServiceUnit_scaleIn,EventProcessingServiceUnit
Wed Feb 12 17:51:04 UTC 2014,27,0.12,0.1889,1,EventProcessingServiceUnit_scaleIn,EventProcessingServiceUnit
Wed Feb 12 17:51:22 UTC 2014,35.9,0.12,0.1889,1,EventProcessingServiceUnit_scaleIn,EventProcessingServiceUnit
Wed Feb 12 17:51:32 UTC 2014,35.9,0.12,0.1889,1,EventProcessingServiceUnit_scaleIn,EventProcessingServiceUnit
Wed Feb 12 17:51:45 UTC 2014,35.9,0.12,0.1889,1,EventProcessingServiceUnit_scaleIn,EventProcessingServiceUnit
Wed Feb 12 17:51:56 UTC 2014,26.3,0.12,0.1889,1,EventProcessingServiceUnit_scaleIn,EventProcessingServiceUnit
Wed Feb 12 17:52:13 UTC 2014,31,0.12,0.1889,1,EventProcessingServiceUnit_scaleIn,EventProcessingServiceUnit
Wed Feb 12 17:52:27 UTC 2014,31,0.12,0.1889,1,EventProcessingServiceUnit_scaleIn,EventProcessingServiceUnit
Wed Feb 12 17:52:39 UTC 2014,26.1,0.12,0.1889,1,EventProcessingServiceUnit_scaleIn,EventProcessingServiceUnit
Wed Feb 12 17:52:50 UTC 2014,26.1,0.12,0.1889,1,EventProcessingServiceUnit_scaleIn,EventProcessingServiceUnit
Wed Feb 12 17:53:02 UTC 2014,26.1,0.12,0.1889,1,,
Wed Feb 12 17:53:11 UTC 2014,26.1,0.12,0.1889,1,,
Wed Feb 12 17:53:25 UTC 2014,40.5,0.12,0.1889,1,,
Wed Feb 12 17:53:39 UTC 2014,39.1,0.12,0.1888,1,,
Wed Feb 12 17:53:58 UTC 2014,39.1,0.12,0.1888,1,,
Wed Feb 12 17:54:05 UTC 2014,39.1,0.12,0.1888,1,,
Wed Feb 12 17:54:23 UTC 2014,39.1,0.12,0.1888,1,,
Wed Feb 12 17:54:32 UTC 2014,39.1,0.12,0.1888,1,,
Wed Feb 12 17:54:45 UTC 2014,39.1,0.12,0.1888,1,,
Wed Feb 12 17:54:54 UTC 2014,39.1,0.12,0.1888,1,,
Wed Feb 12 17:55:02 UTC 2014,33.3,0.12,0.1887,1,,
Wed Feb 12 17:55:23 UTC 2014,33.3,0.12,0.1887,1,,
Wed Feb 12 17:55:29 UTC 2014,36.3,0.12,0.1888,1,,
Wed Feb 12 17:55:41 UTC 2014,36.3,0.12,0.1888,1,,
Wed Feb 12 17:55:54 UTC 2014,38.2,0.12,0.1888,1,,
Wed Feb 12 17:56:02 UTC 2014,38.2,0.12,0.1888,1,,
Wed Feb 12 17:56:19 UTC 2014,37.7,0.12,0.1887,1,,
Wed Feb 12 17:56:29 UTC 2014,37.7,0.12,0.1887,1,,
Wed Feb 12 17:56:45 UTC 2014,37.7,0.12,0.1887,1,,
Wed Feb 12 17:56:52 UTC 2014,37.7,0.12,0.1887,1,,
Wed Feb 12 17:56:59 UTC 2014,37.7,0.12,0.1887,1,,
Wed Feb 12 17:57:12 UTC 2014,37.6,0.12,0.1887,1,,
Wed Feb 12 17:57:22 UTC 2014,37.6,0.12,0.1887,1,,
Wed Feb 12 17:57:39 UTC 2014,37.6,0.12,0.1887,1,,
Wed Feb 12 17:57:51 UTC 2014,37.6,0.12,0.1887,1,EventProcessingServiceUnit_scaleOut,EventProcessingServiceUnit
Wed Feb 12 17:58:02 UTC 2014,32.6,0.12,0.1886,1,EventProcessingServiceUnit_scaleOut,EventProcessingServiceUnit
Wed Feb 12 17:58:13 UTC 2014,32.6,0.12,0.1886,1,EventProcessingServiceUnit_scaleOut,EventProcessingServiceUnit
Wed Feb 12 17:58:23 UTC 2014,27,0.12,0.1886,1,EventProcessingServiceUnit_scaleOut,EventProcessingServiceUnit
Wed Feb 12 17:58:36 UTC 2014,27,0.12,0.1886,1,EventProcessingServiceUnit_scaleOut,EventProcessingServiceUnit
Wed Feb 12 17:58:48 UTC 2014,27,0.12,0.1886,1,EventProcessingServiceUnit_scaleOut,EventProcessingServiceUnit
Wed Feb 12 17:59:00 UTC 2014,25.7,0.12,0.1886,1,,
Wed Feb 12 17:59:08 UTC 2014,26.7,0.12,0.1886,1,,
Wed Feb 12 17:59:25 UTC 2014,26.7,0.12,0.1886,1,,
Wed Feb 12 17:59:35 UTC 2014,26.7,0.12,0.1886,1,,
Wed Feb 12 17:59:43 UTC 2014,26.7,0.12,0.1886,1,,
Wed Feb 12 17:59:50 UTC 2014,26.7,0.12,0.1886,1,,
Wed Feb 12 18:00:01 UTC 2014,26.7,0.12,0.1886,1,,
Wed Feb 12 18:00:07 UTC 2014,28.9,0.12,0.1886,1,,
Wed Feb 12 18:00:25 UTC 2014,28.9,0.12,0.1886,1,,
Wed Feb 12 18:00:32 UTC 2014,28.9,0.12,0.1886,1,,
Wed Feb 12 18:00:44 UTC 2014,25.2,0.12,0.1886,1,,
Wed Feb 12 18:00:56 UTC 2014,25.2,0.12,0.1886,1,,
Wed Feb 12 18:01:04 UTC 2014,26.5,0.12,0.1886,1,,
Wed Feb 12 18:01:11 UTC 2014,26.5,0.12,0.1886,1,,
Wed Feb 12 18:01:23 UTC 2014,26.5,0.12,0.1886,1,,
Wed Feb 12 18:01:30 UTC 2014,26.5,0.12,0.1886,1,,
Wed Feb 12 18:01:40 UTC 2014,30.6,0.12,0.1886,1,,
Wed Feb 12 18:01:48 UTC 2014,30.6,0.12,0.1886,1,,
Wed Feb 12 18:02:03 UTC 2014,37.6,0.12,0.1886,1,DataNodeServiceUnit_scaleIn,DataNodeServiceUnit
Wed Feb 12 18:02:19 UTC 2014,37.6,0.12,0.1886,1,DataNodeServiceUnit_scaleIn,DataNodeServiceUnit
Wed Feb 12 18:02:39 UTC 2014,36.2,0.12,0.1885,1,DataNodeServiceUnit_scaleIn,DataNodeServiceUnit
Wed Feb 12 18:02:55 UTC 2014,36.2,0.12,0.1885,1,DataNodeServiceUnit_scaleIn,DataNodeServiceUnit
Wed Feb 12 18:03:06 UTC 2014,36.2,0.12,0.1885,1,DataNodeServiceUnit_scaleIn,DataNodeServiceUnit
Wed Feb 12 18:03:16 UTC 2014,36.2,0.12,0.1885,1,DataNodeServiceUnit_scaleIn,DataNodeServiceUnit
Wed Feb 12 18:03:29 UTC 2014,36.2,0.12,0.1885,1,DataNodeServiceUnit_scaleIn,DataNodeServiceUnit
Wed Feb 12 18:03:40 UTC 2014,39.3,0.12,0.1885,1,DataNodeServiceUnit_scaleIn,DataNodeServiceUnit
Wed Feb 12 18:03:58 UTC 2014,39.3,0.12,0.1885,1,DataNodeServiceUnit_scaleIn,DataNodeServiceUnit
Wed Feb 12 18:04:08 UTC 2014,39.7,0.12,0.1885,1,DataNodeServiceUnit_scaleIn,DataNodeServiceUnit
Wed Feb 12 18:04:19 UTC 2014,39.7,0.12,0.1885,1,DataNodeServiceUnit_scaleIn,DataNodeServiceUnit
Wed Feb 12 18:04:30 UTC 2014,53.5,0.12,0.1885,1,DataNodeServiceUnit_scaleIn,DataNodeServiceUnit
Wed Feb 12 18:04:42 UTC 2014,53.5,0.12,0.1885,1,DataNodeServiceUnit_scaleIn,DataNodeServiceUnit
Wed Feb 12 18:04:53 UTC 2014,35.5,0.12,0.1885,1,DataNodeServiceUnit_scaleIn,DataNodeServiceUnit
Wed Feb 12 18:05:08 UTC 2014,35.5,0.12,0.1885,1,DataNodeServiceUnit_scaleIn,DataNodeServiceUnit
Wed Feb 12 18:05:20 UTC 2014,38.9,0.12,0.1885,1,DataNodeServiceUnit_scaleIn,DataNodeServiceUnit
Wed Feb 12 18:05:34 UTC 2014,38.9,0.12,0.1885,1,DataNodeServiceUnit_scaleIn,DataNodeServiceUnit
Wed Feb 12 18:05:46 UTC 2014,38.9,0.12,0.1885,1,DataNodeServiceUnit_scaleIn,DataNodeServiceUnit
Wed Feb 12 18:06:00 UTC 2014,38.9,0.12,0.1885,1,DataNodeServiceUnit_scaleIn,DataNodeServiceUnit
Wed Feb 12 18:06:11 UTC 2014,41.1,0.12,0.1885,1,DataNodeServiceUnit_scaleIn,DataNodeServiceUnit
Wed Feb 12 18:06:25 UTC 2014,41.1,0.12,0.1885,1,DataNodeServiceUnit_scaleIn,DataNodeServiceUnit
Wed Feb 12 18:06:36 UTC 2014,41.1,0.12,0.1885,1,,
Wed Feb 12 18:06:42 UTC 2014,41.1,0.12,0.1885,1,,
Wed Feb 12 18:06:56 UTC 2014,28.9,0.12,0.1885,1,,
Wed Feb 12 18:07:04 UTC 2014,28.9,0.12,0.1885,1,,
Wed Feb 12 18:07:12 UTC 2014,38.6,0.12,0.1885,1,DataNodeServiceUnit_scaleIn,DataNodeServiceUnit
Wed Feb 12 18:07:29 UTC 2014,38.6,0.12,0.1885,1,DataNodeServiceUnit_scaleIn,DataNodeServiceUnit
Wed Feb 12 18:07:46 UTC 2014,38.6,0.12,0.1885,1,DataNodeServiceUnit_scaleIn,DataNodeServiceUnit
Wed Feb 12 18:07:57 UTC 2014,30.8,0.12,0.1885,1,DataNodeServiceUnit_scaleIn,DataNodeServiceUnit
Wed Feb 12 18:08:08 UTC 2014,30.8,0.12,0.1885,1,DataNodeServiceUnit_scaleIn,DataNodeServiceUnit
Wed Feb 12 18:08:21 UTC 2014,34.5,0.12,0.1885,1,DataNodeServiceUnit_scaleIn,DataNodeServiceUnit
Wed Feb 12 18:08:32 UTC 2014,34.5,0.12,0.1885,1,DataNodeServiceUnit_scaleIn,DataNodeServiceUnit
Wed Feb 12 18:08:48 UTC 2014,26.1,0.12,0.1885,1,DataNodeServiceUnit_scaleIn,DataNodeServiceUnit
Wed Feb 12 18:09:00 UTC 2014,26.1,0.12,0.1885,1,DataNodeServiceUnit_scaleIn,DataNodeServiceUnit
Wed Feb 12 18:09:12 UTC 2014,31.9,0.12,0.1885,1,DataNodeServiceUnit_scaleIn,DataNodeServiceUnit
Wed Feb 12 18:09:28 UTC 2014,31.9,0.12,0.1885,1,DataNodeServiceUnit_scaleIn,DataNodeServiceUnit
Wed Feb 12 18:09:40 UTC 2014,28.2,0.12,0.1885,1,DataNodeServiceUnit_scaleIn,DataNodeServiceUnit
Wed Feb 12 18:09:51 UTC 2014,28.2,0.12,0.1885,1,DataNodeServiceUnit_scaleIn,DataNodeServiceUnit
Wed Feb 12 18:10:03 UTC 2014,28.2,0.12,0.1885,1,DataNodeServiceUnit_scaleIn,DataNodeServiceUnit
Wed Feb 12 18:10:14 UTC 2014,31.5,0.12,0.1885,1,DataNodeServiceUnit_scaleIn,DataNodeServiceUnit
Wed Feb 12 18:10:25 UTC 2014,31.5,0.12,0.1885,1,DataNodeServiceUnit_scaleIn,DataNodeServiceUnit
Wed Feb 12 18:10:37 UTC 2014,41.5,0.12,0.1884,1,DataNodeServiceUnit_scaleIn,DataNodeServiceUnit
Wed Feb 12 18:10:51 UTC 2014,43.5,0.12,0.1884,1,DataNodeServiceUnit_scaleIn,DataNodeServiceUnit
Wed Feb 12 18:11:09 UTC 2014,43.5,0.12,0.1884,1,,
Wed Feb 12 18:11:23 UTC 2014,43.5,0.12,0.1884,1,,
Wed Feb 12 18:11:34 UTC 2014,41.9,0.12,0.1883,1,,
Wed Feb 12 18:11:48 UTC 2014,41.9,0.12,0.1883,1,,
Wed Feb 12 18:11:58 UTC 2014,39.3,0.12,0.1883,1,,
Wed Feb 12 18:12:14 UTC 2014,39.3,0.12,0.1883,1,,
Wed Feb 12 18:12:28 UTC 2014,39.3,0.12,0.1883,1,,
Wed Feb 12 18:12:37 UTC 2014,38.1,0.12,0.1883,1,,
Wed Feb 12 18:12:48 UTC 2014,38.1,0.12,0.1883,1,,
Wed Feb 12 18:12:56 UTC 2014,38.1,0.12,0.1883,1,,
Wed Feb 12 18:13:02 UTC 2014,42.2,0.12,0.1882,1,,
Wed Feb 12 18:13:16 UTC 2014,42.2,0.12,0.1882,1,,
Wed Feb 12 18:13:35 UTC 2014,42.2,0.12,0.1882,1,,
Wed Feb 12 18:13:46 UTC 2014,46.9,0.12,0.1882,1,,
Wed Feb 12 18:13:53 UTC 2014,46.9,0.12,0.1882,1,,
Wed Feb 12 18:14:08 UTC 2014,39.4,0.12,0.1884,1,,
Wed Feb 12 18:14:14 UTC 2014,39.4,0.12,0.1884,1,,
Wed Feb 12 18:14:25 UTC 2014,36.8,0.12,0.1884,1,,
Wed Feb 12 18:14:37 UTC 2014,36.8,0.12,0.1884,1,DataNodeServiceUnit_scaleOut,DataNodeServiceUnit
Wed Feb 12 18:14:50 UTC 2014,42.5,0.12,0.1883,1,DataNodeServiceUnit_scaleOut,DataNodeServiceUnit
Wed Feb 12 18:15:04 UTC 2014,42.5,0.12,0.1883,1,DataNodeServiceUnit_scaleOut,DataNodeServiceUnit
Wed Feb 12 18:15:19 UTC 2014,31,0.12,0.1883,1,DataNodeServiceUnit_scaleOut,DataNodeServiceUnit
Wed Feb 12 18:15:32 UTC 2014,31,0.12,0.1883,1,DataNodeServiceUnit_scaleOut,DataNodeServiceUnit
Wed Feb 12 18:15:46 UTC 2014,36.6,0.12,0.1883,1,,
Wed Feb 12 18:15:56 UTC 2014,36.6,0.12,0.1883,1,,
Wed Feb 12 18:16:16 UTC 2014,36.6,0.12,0.1883,1,,
Wed Feb 12 18:16:27 UTC 2014,35.2,0.12,0.1883,1,,
Wed Feb 12 18:16:37 UTC 2014,35.2,0.12,0.1883,1,,
Wed Feb 12 18:16:47 UTC 2014,35.2,0.12,0.1883,1,,
Wed Feb 12 18:16:59 UTC 2014,24.2,0.12,0.1883,1,,
Wed Feb 12 18:17:07 UTC 2014,24.2,0.12,0.1883,1,,
Wed Feb 12 18:17:20 UTC 2014,28.4,0.12,0.1884,1,,
Wed Feb 12 18:17:30 UTC 2014,28.4,0.12,0.1884,1,,
Wed Feb 12 18:17:45 UTC 2014,28.4,0.12,0.1884,1,,
Wed Feb 12 18:17:58 UTC 2014,28.4,0.12,0.1884,1,,
Wed Feb 12 18:18:10 UTC 2014,28.2,0.12,0.1884,1,,
Wed Feb 12 18:18:22 UTC 2014,28.2,0.12,0.1884,1,,
Wed Feb 12 18:18:34 UTC 2014,29.7,0.12,0.1884,1,,
Wed Feb 12 18:18:51 UTC 2014,29.7,0.12,0.1884,1,,
Wed Feb 12 18:18:57 UTC 2014,29.7,0.12,0.1884,1,,
Wed Feb 12 18:19:07 UTC 2014,29.7,0.12,0.1884,1,,
Wed Feb 12 18:19:15 UTC 2014,29.7,0.12,0.1884,1,,
Wed Feb 12 18:19:22 UTC 2014,32.6,0.12,0.1894,1,,
Wed Feb 12 18:19:35 UTC 2014,32.6,0.12,0.1894,1,,
Wed Feb 12 18:19:48 UTC 2014,32.6,0.12,0.1894,1,,
Wed Feb 12 18:19:55 UTC 2014,36.9,0.12,0.1893,1,,
Wed Feb 12 18:20:11 UTC 2014,43.9,0.12,0.1893,1,,
Wed Feb 12 18:20:23 UTC 2014,43.9,0.12,0.1893,1,,
Wed Feb 12 18:20:30 UTC 2014,43.9,0.12,0.1893,1,,
Wed Feb 12 18:20:44 UTC 2014,40.9,0.12,0.1892,1,,
Wed Feb 12 18:20:59 UTC 2014,40.9,0.12,0.1892,1,,
Wed Feb 12 18:21:13 UTC 2014,40.9,0.12,0.1892,1,,
Wed Feb 12 18:21:30 UTC 2014,39.3,0.12,0.1892,1,EventProcessingServiceUnit_scaleIn,EventProcessingServiceUnit
Wed Feb 12 18:21:45 UTC 2014,39.3,0.12,0.1892,1,EventProcessingServiceUnit_scaleIn,EventProcessingServiceUnit
Wed Feb 12 18:21:56 UTC 2014,39.3,0.12,0.1892,1,EventProcessingServiceUnit_scaleIn,EventProcessingServiceUnit
Wed Feb 12 18:22:08 UTC 2014,39.3,0.12,0.1892,1,EventProcessingServiceUnit_scaleIn,EventProcessingServiceUnit
Wed Feb 12 18:22:19 UTC 2014,39.3,0.12,0.189,1,EventProcessingServiceUnit_scaleIn,EventProcessingServiceUnit
Wed Feb 12 18:22:30 UTC 2014,44.2,0.12,0.189,1,EventProcessingServiceUnit_scaleIn,EventProcessingServiceUnit
Wed Feb 12 18:22:40 UTC 2014,44.2,0.12,0.189,1,EventProcessingServiceUnit_scaleIn,EventProcessingServiceUnit
Wed Feb 12 18:22:55 UTC 2014,44.2,0.12,0.189,1,EventProcessingServiceUnit_scaleIn,EventProcessingServiceUnit
Wed Feb 12 18:23:07 UTC 2014,44.2,0.12,0.189,1,EventProcessingServiceUnit_scaleIn,EventProcessingServiceUnit
Wed Feb 12 18:23:19 UTC 2014,34.3,0.12,0.189,1,EventProcessingServiceUnit_scaleIn,EventProcessingServiceUnit
Wed Feb 12 18:23:31 UTC 2014,34.3,0.12,0.189,1,EventProcessingServiceUnit_scaleIn,EventProcessingServiceUnit
Wed Feb 12 18:23:41 UTC 2014,35.2,0.12,0.189,1,EventProcessingServiceUnit_scaleIn,EventProcessingServiceUnit
Wed Feb 12 18:23:57 UTC 2014,35.2,0.12,0.189,1,EventProcessingServiceUnit_scaleIn,EventProcessingServiceUnit
Wed Feb 12 18:24:12 UTC 2014,26.4,0.12,0.1888,1,,
Wed Feb 12 18:24:19 UTC 2014,26.4,0.12,0.1888,1,,
Wed Feb 12 18:24:29 UTC 2014,29,0.12,0.1888,1,,
Wed Feb 12 18:24:46 UTC 2014,29,0.12,0.1888,1,,
Wed Feb 12 18:25:01 UTC 2014,29,0.12,0.1888,1,,
Wed Feb 12 18:25:10 UTC 2014,29,0.12,0.1888,1,,
Wed Feb 12 18:25:17 UTC 2014,29,0.12,0.1888,1,,
Wed Feb 12 18:25:27 UTC 2014,23.7,0.12,0.1888,1,,
Wed Feb 12 18:25:40 UTC 2014,32.7,0.12,0.1888,1,,
Wed Feb 12 18:25:59 UTC 2014,32.7,0.12,0.1888,1,,
Wed Feb 12 18:26:14 UTC 2014,25.8,0.12,0.1888,1,,
Wed Feb 12 18:26:25 UTC 2014,25.8,0.12,0.1888,1,,
Wed Feb 12 18:26:32 UTC 2014,25.8,0.12,0.1888,1,DataNodeServiceUnit_scaleOut,DataNodeServiceUnit
Wed Feb 12 18:26:47 UTC 2014,30.6,0.12,0.1888,1,DataNodeServiceUnit_scaleOut,DataNodeServiceUnit
Wed Feb 12 18:27:03 UTC 2014,25.1,0.12,0.1888,1,DataNodeServiceUnit_scaleOut,DataNodeServiceUnit
Wed Feb 12 18:27:16 UTC 2014,38,0.12,0.1887,1,DataNodeServiceUnit_scaleOut,DataNodeServiceUnit
Wed Feb 12 18:27:33 UTC 2014,38,0.12,0.1887,1,DataNodeServiceUnit_scaleOut,DataNodeServiceUnit
Wed Feb 12 18:27:44 UTC 2014,38,0.12,0.1887,1,,
Wed Feb 12 18:28:01 UTC 2014,38.6,0.12,0.1888,1,,
Wed Feb 12 18:28:12 UTC 2014,38.6,0.12,0.1888,1,,
Wed Feb 12 18:28:27 UTC 2014,41.5,0.12,0.1887,1,,
Wed Feb 12 18:28:33 UTC 2014,41.5,0.12,0.1887,1,,
Wed Feb 12 18:28:55 UTC 2014,43,0.12,0.1886,1,,
Wed Feb 12 18:29:02 UTC 2014,43,0.12,0.1886,1,,
Wed Feb 12 18:29:20 UTC 2014,43,0.12,0.1886,1,,
Wed Feb 12 18:29:30 UTC 2014,43,0.12,0.1886,1,,
Wed Feb 12 18:29:45 UTC 2014,44.7,0.12,0.1886,1,,
Wed Feb 12 18:29:53 UTC 2014,44.7,0.12,0.1886,1,,
Wed Feb 12 18:30:01 UTC 2014,44.7,0.12,0.1886,1,EventProcessingServiceUnit_scaleOut,EventProcessingServiceUnit
Wed Feb 12 18:30:13 UTC 2014,39.1,0.12,0.1885,1,EventProcessingServiceUnit_scaleOut,EventProcessingServiceUnit
Wed Feb 12 18:30:30 UTC 2014,41.1,0.12,0.1885,1,EventProcessingServiceUnit_scaleOut,EventProcessingServiceUnit
Wed Feb 12 18:30:39 UTC 2014,41.1,0.12,0.1885,1,EventProcessingServiceUnit_scaleOut,EventProcessingServiceUnit
Wed Feb 12 18:30:59 UTC 2014,33.9,0.12,0.1885,1,EventProcessingServiceUnit_scaleOut,EventProcessingServiceUnit
Wed Feb 12 18:31:13 UTC 2014,33.9,0.12,0.1885,1,EventProcessingServiceUnit_scaleOut,EventProcessingServiceUnit
Wed Feb 12 18:31:26 UTC 2014,33.9,0.12,0.1885,1,,
Wed Feb 12 18:31:39 UTC 2014,33.9,0.12,0.1885,1,,
Wed Feb 12 18:31:48 UTC 2014,40.4,0.12,0.1884,1,,
Wed Feb 12 18:32:07 UTC 2014,40.4,0.12,0.1884,1,,
Wed Feb 12 18:32:14 UTC 2014,40.4,0.12,0.1884,1,,
Wed Feb 12 18:32:27 UTC 2014,25.5,0.12,0.1884,1,,
Wed Feb 12 18:32:36 UTC 2014,25.5,0.12,0.1884,1,,
Wed Feb 12 18:32:52 UTC 2014,25.5,0.12,0.1884,1,,
Wed Feb 12 18:33:04 UTC 2014,35.8,0.12,0.1884,1,,
Wed Feb 12 18:33:13 UTC 2014,35.8,0.12,0.1884,1,,
Wed Feb 12 18:33:24 UTC 2014,26.3,0.12,0.1884,1,,
Wed Feb 12 18:33:35 UTC 2014,26.3,0.12,0.1884,1,DataNodeServiceUnit_scaleIn,DataNodeServiceUnit
Wed Feb 12 18:33:51 UTC 2014,26.3,0.12,0.1884,1,DataNodeServiceUnit_scaleIn,DataNodeServiceUnit
Wed Feb 12 18:34:02 UTC 2014,26.3,0.12,0.1884,1,DataNodeServiceUnit_scaleIn,DataNodeServiceUnit
Wed Feb 12 18:34:19 UTC 2014,26.3,0.12,0.1884,1,DataNodeServiceUnit_scaleIn,DataNodeServiceUnit
Wed Feb 12 18:34:34 UTC 2014,26.4,0.12,0.1884,1,DataNodeServiceUnit_scaleIn,DataNodeServiceUnit
Wed Feb 12 18:34:53 UTC 2014,29,0.12,0.1884,1,DataNodeServiceUnit_scaleIn,DataNodeServiceUnit
Wed Feb 12 18:35:06 UTC 2014,29,0.12,0.1884,1,DataNodeServiceUnit_scaleIn,DataNodeServiceUnit
Wed Feb 12 18:35:25 UTC 2014,29,0.12,0.1884,1,DataNodeServiceUnit_scaleIn,DataNodeServiceUnit
Wed Feb 12 18:35:36 UTC 2014,29.5,0.12,0.1884,1,DataNodeServiceUnit_scaleIn,DataNodeServiceUnit
Wed Feb 12 18:35:47 UTC 2014,40.9,0.12,0.1884,1,DataNodeServiceUnit_scaleIn,DataNodeServiceUnit
Wed Feb 12 18:36:06 UTC 2014,40.9,0.12,0.1884,1,DataNodeServiceUnit_scaleIn,DataNodeServiceUnit
Wed Feb 12 18:36:16 UTC 2014,40.7,0.12,0.1884,1,DataNodeServiceUnit_scaleIn,DataNodeServiceUnit
Wed Feb 12 18:36:33 UTC 2014,40.7,0.12,0.1884,1,DataNodeServiceUnit_scaleIn,DataNodeServiceUnit
Wed Feb 12 18:36:48 UTC 2014,39.4,0.12,0.1884,1,DataNodeServiceUnit_scaleIn,DataNodeServiceUnit
Wed Feb 12 18:36:59 UTC 2014,39.4,0.12,0.1884,1,DataNodeServiceUnit_scaleIn,DataNodeServiceUnit
Wed Feb 12 18:37:11 UTC 2014,32.8,0.12,0.1883,1,DataNodeServiceUnit_scaleIn,DataNodeServiceUnit
Wed Feb 12 18:37:26 UTC 2014,32.8,0.12,0.1883,1,DataNodeServiceUnit_scaleIn,DataNodeServiceUnit
Wed Feb 12 18:37:39 UTC 2014,32.8,0.12,0.1883,1,DataNodeServiceUnit_scaleIn,DataNodeServiceUnit
Wed Feb 12 18:37:54 UTC 2014,32.8,0.12,0.1883,1,,
Wed Feb 12 18:38:01 UTC 2014,39.2,0.12,0.1883,1,,
Wed Feb 12 18:38:07 UTC 2014,39.2,0.12,0.1883,1,,
Wed Feb 12 18:38:20 UTC 2014,47.1,0.12,0.1882,1,,
Wed Feb 12 18:38:27 UTC 2014,47.1,0.12,0.1882,1,,
Wed Feb 12 18:38:35 UTC 2014,38.7,0.12,0.1882,1,,
Wed Feb 12 18:38:54 UTC 2014,38.7,0.12,0.1882,1,,
Wed Feb 12 18:39:03 UTC 2014,38.7,0.12,0.1882,1,,
Wed Feb 12 18:39:08 UTC 2014,38.7,0.12,0.1882,1,,
Wed Feb 12 18:39:14 UTC 2014,37.2,0.12,0.1881,1,,
Wed Feb 12 18:39:22 UTC 2014,37.2,0.12,0.1881,1,,
Wed Feb 12 18:39:28 UTC 2014,37.2,0.12,0.1881,1,,
Wed Feb 12 18:39:43 UTC 2014,37.2,0.12,0.1881,1,,
Wed Feb 12 18:40:01 UTC 2014,44.2,0.12,0.1881,1,,
Wed Feb 12 18:40:09 UTC 2014,44.2,0.12,0.1881,1,,
Wed Feb 12 18:40:16 UTC 2014,44.2,0.12,0.1881,1,,
Wed Feb 12 18:40:24 UTC 2014,44.2,0.12,0.1881,1,,
Wed Feb 12 18:40:37 UTC 2014,44.2,0.12,0.1881,1,,
Wed Feb 12 18:40:52 UTC 2014,44.2,0.12,0.1881,1,,
Wed Feb 12 18:41:02 UTC 2014,43.4,0.12,0.1881,1,,
Wed Feb 12 18:41:19 UTC 2014,43.4,0.12,0.1881,1,,
Wed Feb 12 18:41:26 UTC 2014,43.4,0.12,0.1881,1,,
Wed Feb 12 18:41:34 UTC 2014,28.7,0.12,0.188,1,,
Wed Feb 12 18:41:46 UTC 2014,28.7,0.12,0.188,1,EventProcessingServiceUnit_scaleIn,EventProcessingServiceUnit
Wed Feb 12 18:41:58 UTC 2014,26.4,0.12,0.188,1,EventProcessingServiceUnit_scaleIn,EventProcessingServiceUnit
Wed Feb 12 18:42:11 UTC 2014,26.4,0.12,0.188,1,EventProcessingServiceUnit_scaleIn,EventProcessingServiceUnit
Wed Feb 12 18:42:24 UTC 2014,26.1,0.12,0.188,1,EventProcessingServiceUnit_scaleIn,EventProcessingServiceUnit
Wed Feb 12 18:42:39 UTC 2014,26.1,0.12,0.188,1,EventProcessingServiceUnit_scaleIn,EventProcessingServiceUnit
Wed Feb 12 18:42:50 UTC 2014,26.1,0.12,0.188,1,EventProcessingServiceUnit_scaleIn,EventProcessingServiceUnit
Wed Feb 12 18:43:02 UTC 2014,26.1,0.12,0.188,1,EventProcessingServiceUnit_scaleIn,EventProcessingServiceUnit
Wed Feb 12 18:43:15 UTC 2014,26.1,0.12,0.188,1,EventProcessingServiceUnit_scaleIn,EventProcessingServiceUnit
Wed Feb 12 18:43:27 UTC 2014,26.1,0.12,0.188,1,EventProcessingServiceUnit_scaleIn,EventProcessingServiceUnit
Wed Feb 12 18:43:40 UTC 2014,26.1,0.12,0.188,1,EventProcessingServiceUnit_scaleIn,EventProcessingServiceUnit
Wed Feb 12 18:43:51 UTC 2014,26.6,0.12,0.188,1,EventProcessingServiceUnit_scaleIn,EventProcessingServiceUnit
Wed Feb 12 18:44:02 UTC 2014,31.9,0.12,0.188,1,EventProcessingServiceUnit_scaleIn,EventProcessingServiceUnit
Wed Feb 12 18:44:13 UTC 2014,31.9,0.12,0.188,1,EventProcessingServiceUnit_scaleIn,EventProcessingServiceUnit
Wed Feb 12 18:44:25 UTC 2014,30.1,0.12,0.188,1,EventProcessingServiceUnit_scaleIn,EventProcessingServiceUnit
Wed Feb 12 18:44:37 UTC 2014,37.8,0.12,0.188,1,,
Wed Feb 12 18:44:57 UTC 2014,37.8,0.12,0.188,1,,
Wed Feb 12 18:45:11 UTC 2014,37,0.12,0.188,1,,
Wed Feb 12 18:45:25 UTC 2014,37,0.12,0.188,1,,
Wed Feb 12 18:45:38 UTC 2014,37,0.12,0.188,1,,
Wed Feb 12 18:45:50 UTC 2014,37,0.12,0.1879,1,,
Wed Feb 12 18:46:08 UTC 2014,37,0.12,0.1879,1,,
Wed Feb 12 18:46:21 UTC 2014,39.5,0.12,0.1879,1,,
Wed Feb 12 18:46:33 UTC 2014,39.5,0.12,0.1879,1,,
Wed Feb 12 18:46:48 UTC 2014,32.4,0.12,0.1879,1,,
Wed Feb 12 18:46:57 UTC 2014,32.4,0.12,0.1879,1,,
Wed Feb 12 18:47:13 UTC 2014,40.6,0.12,0.1878,1,,
Wed Feb 12 18:47:23 UTC 2014,38.3,0.12,0.1878,1,DataNodeServiceUnit_scaleIn,DataNodeServiceUnit
Wed Feb 12 18:47:42 UTC 2014,38.3,0.12,0.1878,1,DataNodeServiceUnit_scaleIn,DataNodeServiceUnit
Wed Feb 12 18:48:02 UTC 2014,45.3,0.12,0.1878,1,DataNodeServiceUnit_scaleIn,DataNodeServiceUnit
Wed Feb 12 18:48:13 UTC 2014,44.9,0.12,0.1878,1,DataNodeServiceUnit_scaleIn,DataNodeServiceUnit
Wed Feb 12 18:48:29 UTC 2014,44.9,0.12,0.1878,1,DataNodeServiceUnit_scaleIn,DataNodeServiceUnit
Wed Feb 12 18:48:42 UTC 2014,44.9,0.12,0.1878,1,DataNodeServiceUnit_scaleIn,DataNodeServiceUnit
Wed Feb 12 18:48:55 UTC 2014,44.9,0.12,0.1878,1,DataNodeServiceUnit_scaleIn,DataNodeServiceUnit
Wed Feb 12 18:49:07 UTC 2014,46.4,0.12,0.188,1,DataNodeServiceUnit_scaleIn,DataNodeServiceUnit
Wed Feb 12 18:49:22 UTC 2014,46.4,0.12,0.188,1,DataNodeServiceUnit_scaleIn,DataNodeServiceUnit
Wed Feb 12 18:49:38 UTC 2014,26,0.12,0.188,1,DataNodeServiceUnit_scaleIn,DataNodeServiceUnit
Wed Feb 12 18:49:56 UTC 2014,28,0.12,0.188,1,DataNodeServiceUnit_scaleIn,DataNodeServiceUnit
Wed Feb 12 18:50:07 UTC 2014,28,0.12,0.188,1,DataNodeServiceUnit_scaleIn,DataNodeServiceUnit
Wed Feb 12 18:50:22 UTC 2014,32.3,0.12,0.188,1,DataNodeServiceUnit_scaleIn,DataNodeServiceUnit
Wed Feb 12 18:50:38 UTC 2014,32.3,0.12,0.188,1,DataNodeServiceUnit_scaleIn,DataNodeServiceUnit
Wed Feb 12 18:50:52 UTC 2014,33.9,0.12,0.188,1,DataNodeServiceUnit_scaleIn,DataNodeServiceUnit
Wed Feb 12 18:51:03 UTC 2014,33.9,0.12,0.188,1,DataNodeServiceUnit_scaleIn,DataNodeServiceUnit
Wed Feb 12 18:51:15 UTC 2014,35.2,0.12,0.188,1,DataNodeServiceUnit_scaleIn,DataNodeServiceUnit
Wed Feb 12 18:51:26 UTC 2014,35.2,0.12,0.188,1,,
Wed Feb 12 18:51:35 UTC 2014,29.5,0.12,0.188,1,,
Wed Feb 12 18:51:50 UTC 2014,37.7,0.12,0.188,1,,
Wed Feb 12 18:52:02 UTC 2014,37.7,0.12,0.188,1,,
Wed Feb 12 18:52:16 UTC 2014,30.2,0.12,0.188,1,,
Wed Feb 12 18:52:29 UTC 2014,35.5,0.12,0.188,1,,
Wed Feb 12 18:52:40 UTC 2014,35.5,0.12,0.188,1,,
Wed Feb 12 18:52:51 UTC 2014,35.5,0.12,0.188,1,,
Wed Feb 12 18:53:04 UTC 2014,35.5,0.12,0.188,1,,
Wed Feb 12 18:53:15 UTC 2014,32.7,0.12,0.1879,1,,
Wed Feb 12 18:53:35 UTC 2014,41.9,0.12,0.1879,1,EventProcessingServiceUnit_scaleIn,EventProcessingServiceUnit
Wed Feb 12 18:53:49 UTC 2014,41.9,0.12,0.1878,1,EventProcessingServiceUnit_scaleIn,EventProcessingServiceUnit
Wed Feb 12 18:54:06 UTC 2014,46.4,0.12,0.1878,1,EventProcessingServiceUnit_scaleIn,EventProcessingServiceUnit
Wed Feb 12 18:54:21 UTC 2014,46.4,0.12,0.1878,1,EventProcessingServiceUnit_scaleIn,EventProcessingServiceUnit
Wed Feb 12 18:54:37 UTC 2014,46.4,0.12,0.1878,1,EventProcessingServiceUnit_scaleIn,EventProcessingServiceUnit
Wed Feb 12 18:54:48 UTC 2014,46.4,0.12,0.1878,1,EventProcessingServiceUnit_scaleIn,EventProcessingServiceUnit
Wed Feb 12 18:54:59 UTC 2014,46.4,0.12,0.1878,1,EventProcessingServiceUnit_scaleIn,EventProcessingServiceUnit
Wed Feb 12 18:55:12 UTC 2014,26.4,0.12,0.1878,1,EventProcessingServiceUnit_scaleIn,EventProcessingServiceUnit
Wed Feb 12 18:55:23 UTC 2014,26.4,0.12,0.1878,1,EventProcessingServiceUnit_scaleIn,EventProcessingServiceUnit
Wed Feb 12 18:55:34 UTC 2014,34.2,0.12,0.1878,1,EventProcessingServiceUnit_scaleIn,EventProcessingServiceUnit
Wed Feb 12 18:55:49 UTC 2014,39.4,0.12,0.1879,1,EventProcessingServiceUnit_scaleIn,EventProcessingServiceUnit
Wed Feb 12 18:56:02 UTC 2014,39.4,0.12,0.1879,1,EventProcessingServiceUnit_scaleIn,EventProcessingServiceUnit
Wed Feb 12 18:56:14 UTC 2014,45.2,0.12,0.1879,1,EventProcessingServiceUnit_scaleIn,EventProcessingServiceUnit
Wed Feb 12 18:56:29 UTC 2014,45.2,0.12,0.1879,1,EventProcessingServiceUnit_scaleIn,EventProcessingServiceUnit
Wed Feb 12 18:56:40 UTC 2014,45.7,0.12,0.188,1,,
Wed Feb 12 18:56:55 UTC 2014,45.7,0.12,0.188,1,,
Wed Feb 12 18:57:08 UTC 2014,39.1,0.12,0.188,1,,
Wed Feb 12 18:57:27 UTC 2014,41.5,0.12,0.188,1,,
Wed Feb 12 18:57:34 UTC 2014,41.5,0.12,0.188,1,,
Wed Feb 12 18:57:41 UTC 2014,41.5,0.12,0.188,1,DataNodeServiceUnit_scaleOut,DataNodeServiceUnit
Wed Feb 12 18:57:52 UTC 2014,41.5,0.12,0.1879,1,DataNodeServiceUnit_scaleOut,DataNodeServiceUnit
Wed Feb 12 18:58:07 UTC 2014,44,0.12,0.1879,1,DataNodeServiceUnit_scaleOut,DataNodeServiceUnit
Wed Feb 12 18:58:20 UTC 2014,32.4,0.12,0.1879,1,DataNodeServiceUnit_scaleOut,DataNodeServiceUnit
Wed Feb 12 18:58:33 UTC 2014,32.4,0.12,0.1879,1,DataNodeServiceUnit_scaleOut,DataNodeServiceUnit
Wed Feb 12 18:58:44 UTC 2014,30.5,0.12,0.1879,1,DataNodeServiceUnit_scaleOut,DataNodeServiceUnit
Wed Feb 12 18:58:55 UTC 2014,28,0.12,0.1879,1,DataNodeServiceUnit_scaleOut,DataNodeServiceUnit
Wed Feb 12 18:59:06 UTC 2014,28,0.12,0.1879,1,,
Wed Feb 12 18:59:18 UTC 2014,27.4,0.12,0.1879,1,,
Wed Feb 12 18:59:29 UTC 2014,27.4,0.12,0.1879,1,,
Wed Feb 12 18:59:39 UTC 2014,27.4,0.12,0.1879,1,,
Wed Feb 12 18:59:48 UTC 2014,27.4,0.12,0.1879,1,,
Wed Feb 12 18:59:56 UTC 2014,34.4,0.12,0.1879,1,,
Wed Feb 12 19:00:04 UTC 2014,34.4,0.12,0.1879,1,,
Wed Feb 12 19:00:11 UTC 2014,34.4,0.12,0.1879,1,,
Wed Feb 12 19:00:17 UTC 2014,34.4,0.12,0.1879,1,,
Wed Feb 12 19:00:36 UTC 2014,34.4,0.12,0.1879,1,,
Wed Feb 12 19:00:43 UTC 2014,26.8,0.12,0.1879,1,,
Wed Feb 12 19:00:58 UTC 2014,29.2,0.12,0.1879,1,,
Wed Feb 12 19:01:15 UTC 2014,29.2,0.12,0.1879,1,,
Wed Feb 12 19:01:25 UTC 2014,27.4,0.12,0.1879,1,,
Wed Feb 12 19:01:40 UTC 2014,29.9,0.12,0.1879,1,,
Wed Feb 12 19:01:55 UTC 2014,31.5,0.12,0.1878,1,,
Wed Feb 12 19:02:16 UTC 2014,31.5,0.12,0.1878,1,,
Wed Feb 12 19:02:29 UTC 2014,35.6,0.12,0.1877,1,,
Wed Feb 12 19:02:41 UTC 2014,33.5,0.12,0.1877,1,EventProcessingServiceUnit_scaleIn,EventProcessingServiceUnit
Wed Feb 12 19:03:03 UTC 2014,33.5,0.12,0.1877,1,EventProcessingServiceUnit_scaleIn,EventProcessingServiceUnit
Wed Feb 12 19:03:16 UTC 2014,33.5,0.12,0.1876,1,EventProcessingServiceUnit_scaleIn,EventProcessingServiceUnit
Wed Feb 12 19:03:30 UTC 2014,34.2,0.12,0.1876,1,EventProcessingServiceUnit_scaleIn,EventProcessingServiceUnit
Wed Feb 12 19:03:42 UTC 2014,34.2,0.12,0.1875,1,EventProcessingServiceUnit_scaleIn,EventProcessingServiceUnit
Wed Feb 12 19:03:54 UTC 2014,43.8,0.12,0.1875,1,EventProcessingServiceUnit_scaleIn,EventProcessingServiceUnit
Wed Feb 12 19:04:10 UTC 2014,31.2,0.12,0.1875,1,EventProcessingServiceUnit_scaleIn,EventProcessingServiceUnit
Wed Feb 12 19:04:25 UTC 2014,31.2,0.12,0.1874,1,EventProcessingServiceUnit_scaleIn,EventProcessingServiceUnit
Wed Feb 12 19:04:37 UTC 2014,33.9,0.12,0.1874,1,EventProcessingServiceUnit_scaleIn,EventProcessingServiceUnit
Wed Feb 12 19:04:55 UTC 2014,37.7,0.12,0.1874,1,EventProcessingServiceUnit_scaleIn,EventProcessingServiceUnit
Wed Feb 12 19:05:09 UTC 2014,37.7,0.12,0.1874,1,EventProcessingServiceUnit_scaleIn,EventProcessingServiceUnit
Wed Feb 12 19:05:19 UTC 2014,37.7,0.12,0.1874,1,EventProcessingServiceUnit_scaleIn,EventProcessingServiceUnit
Wed Feb 12 19:05:30 UTC 2014,43.4,0.12,0.1874,1,,
Wed Feb 12 19:05:49 UTC 2014,43.4,0.12,0.1874,1,,
Wed Feb 12 19:06:06 UTC 2014,43.4,0.12,0.1874,1,,
Wed Feb 12 19:06:17 UTC 2014,37.8,0.12,0.1873,1,,
Wed Feb 12 19:06:28 UTC 2014,40.9,0.12,0.1873,1,,
Wed Feb 12 19:06:49 UTC 2014,40.9,0.12,0.1873,1,,
Wed Feb 12 19:07:02 UTC 2014,31.7,0.12,0.1872,1,,
Wed Feb 12 19:07:18 UTC 2014,38.7,0.12,0.1873,1,,
Wed Feb 12 19:07:32 UTC 2014,38.7,0.12,0.1873,1,,
Wed Feb 12 19:07:46 UTC 2014,38.7,0.12,0.1873,1,,
Wed Feb 12 19:08:05 UTC 2014,37,0.12,0.1872,1,,
Wed Feb 12 19:08:14 UTC 2014,34.3,0.12,0.1872,1,,
Wed Feb 12 19:08:29 UTC 2014,34.3,0.12,0.1872,1,EventProcessingServiceUnit_scaleIn,EventProcessingServiceUnit
Wed Feb 12 19:08:43 UTC 2014,31.9,0.12,0.1872,1,,
Wed Feb 12 19:08:57 UTC 2014,31.9,0.12,0.1872,1,,
Wed Feb 12 19:09:10 UTC 2014,31.9,0.12,0.1872,1,,
Wed Feb 12 19:09:22 UTC 2014,28.6,0.12,0.1872,1,,
Wed Feb 12 19:09:36 UTC 2014,31.4,0.12,0.1872,1,,
Wed Feb 12 19:09:48 UTC 2014,31.4,0.12,0.1872,1,,
Wed Feb 12 19:10:00 UTC 2014,30.2,0.12,0.1872,1,,
Wed Feb 12 19:10:13 UTC 2014,30.2,0.12,0.1872,1,,
Wed Feb 12 19:10:29 UTC 2014,25.2,0.12,0.1872,1,,
Wed Feb 12 19:10:39 UTC 2014,27.9,0.12,0.1872,1,,
Wed Feb 12 19:10:55 UTC 2014,27.9,0.12,0.1872,1,,
Wed Feb 12 19:11:06 UTC 2014,32.7,0.12,0.1872,1,,
Wed Feb 12 19:11:23 UTC 2014,27.7,0.12,0.1872,1,,
Wed Feb 12 19:11:34 UTC 2014,35.9,0.12,0.1872,1,,
Wed Feb 12 19:11:54 UTC 2014,29.5,0.12,0.1871,1,,
Wed Feb 12 19:12:08 UTC 2014,29.5,0.12,0.1871,1,,
Wed Feb 12 19:12:25 UTC 2014,31.7,0.12,0.1871,1,,
Wed Feb 12 19:12:40 UTC 2014,31.7,0.12,0.1871,1,,
Wed Feb 12 19:12:56 UTC 2014,36.5,0.12,0.1871,1,,
Wed Feb 12 19:13:11 UTC 2014,34,0.12,0.187,1,,
Wed Feb 12 19:13:26 UTC 2014,43,0.12,0.187,1,DataNodeServiceUnit_scaleOut,DataNodeServiceUnit
Wed Feb 12 19:13:44 UTC 2014,43,0.12,0.187,1,DataNodeServiceUnit_scaleOut,DataNodeServiceUnit
Wed Feb 12 19:13:55 UTC 2014,29.5,0.12,0.187,1,DataNodeServiceUnit_scaleOut,DataNodeServiceUnit
Wed Feb 12 19:14:13 UTC 2014,35.4,0.12,0.187,1,DataNodeServiceUnit_scaleOut,DataNodeServiceUnit
Wed Feb 12 19:14:26 UTC 2014,36.3,0.12,0.187,1,DataNodeServiceUnit_scaleOut,DataNodeServiceUnit
Wed Feb 12 19:14:39 UTC 2014,36.3,0.12,0.187,1,DataNodeServiceUnit_scaleOut,DataNodeServiceUnit
Wed Feb 12 19:14:50 UTC 2014,36.3,0.12,0.187,1,,
Wed Feb 12 19:15:00 UTC 2014,39.9,0.12,0.1869,1,,
Wed Feb 12 19:15:10 UTC 2014,39.9,0.12,0.1869,1,,
Wed Feb 12 19:15:21 UTC 2014,39.9,0.12,0.1869,1,,
Wed Feb 12 19:15:29 UTC 2014,34.6,0.12,0.1869,1,,
Wed Feb 12 19:15:51 UTC 2014,34.6,0.12,0.1869,1,,
Wed Feb 12 19:15:58 UTC 2014,29.5,0.12,0.1869,1,,
Wed Feb 12 19:16:09 UTC 2014,29.5,0.12,0.1869,1,,
Wed Feb 12 19:16:17 UTC 2014,38.9,0.12,0.1868,1,,
Wed Feb 12 19:16:28 UTC 2014,38.9,0.12,0.1868,1,,
Wed Feb 12 19:16:36 UTC 2014,23.7,0.12,0.1868,1,,
Wed Feb 12 19:16:48 UTC 2014,23.7,0.12,0.1868,1,,
Wed Feb 12 19:16:57 UTC 2014,23.7,0.12,0.1868,1,,
Wed Feb 12 19:17:03 UTC 2014,28.7,0.12,0.1868,1,,
Wed Feb 12 19:17:14 UTC 2014,28.7,0.12,0.1868,1,,
Wed Feb 12 19:17:24 UTC 2014,32,0.12,0.1868,1,,
Wed Feb 12 19:17:32 UTC 2014,32,0.12,0.1868,1,,
Wed Feb 12 19:17:44 UTC 2014,32,0.12,0.1868,1,EventProcessingServiceUnit_scaleOut,EventProcessingServiceUnit
Wed Feb 12 19:18:00 UTC 2014,32,0.12,0.1868,1,EventProcessingServiceUnit_scaleOut,EventProcessingServiceUnit
Wed Feb 12 19:18:11 UTC 2014,31.7,0.12,0.1868,1,EventProcessingServiceUnit_scaleOut,EventProcessingServiceUnit
Wed Feb 12 19:18:24 UTC 2014,31.7,0.12,0.1868,1,EventProcessingServiceUnit_scaleOut,EventProcessingServiceUnit
Wed Feb 12 19:18:35 UTC 2014,42,0.12,0.1868,1,EventProcessingServiceUnit_scaleOut,EventProcessingServiceUnit
Wed Feb 12 19:18:52 UTC 2014,35.1,0.12,0.1868,1,EventProcessingServiceUnit_scaleOut,EventProcessingServiceUnit
Wed Feb 12 19:19:03 UTC 2014,35.1,0.12,0.1868,1,,
Wed Feb 12 19:19:13 UTC 2014,38.8,0.12,0.1868,1,,
Wed Feb 12 19:19:27 UTC 2014,33.4,0.12,0.1867,1,,
Wed Feb 12 19:19:39 UTC 2014,33.4,0.12,0.1867,1,,
Wed Feb 12 19:19:55 UTC 2014,33.4,0.12,0.1867,1,,
Wed Feb 12 19:20:06 UTC 2014,29.6,0.12,0.1867,1,,
Wed Feb 12 19:20:24 UTC 2014,42.6,0.12,0.1867,1,,
Wed Feb 12 19:20:43 UTC 2014,42.6,0.12,0.1867,1,,
Wed Feb 12 19:20:51 UTC 2014,26.2,0.12,0.1867,1,,
Wed Feb 12 19:21:08 UTC 2014,26.2,0.12,0.1867,1,,
Wed Feb 12 19:21:20 UTC 2014,27.8,0.12,0.1868,1,,
Wed Feb 12 19:21:36 UTC 2014,27.8,0.12,0.1868,1,,
Wed Feb 12 19:21:49 UTC 2014,35.4,0.12,0.1868,1,,
Wed Feb 12 19:22:01 UTC 2014,35.4,0.12,0.1868,1,,
Wed Feb 12 19:22:17 UTC 2014,30.8,0.12,0.1868,1,,
Wed Feb 12 19:22:29 UTC 2014,30.8,0.12,0.1868,1,,
Wed Feb 12 19:22:40 UTC 2014,31.5,0.12,0.1868,1,DataNodeServiceUnit_scaleOut,DataNodeServiceUnit
Wed Feb 12 19:23:00 UTC 2014,31.5,0.12,0.1868,1,DataNodeServiceUnit_scaleOut,DataNodeServiceUnit
Wed Feb 12 19:23:13 UTC 2014,26.2,0.12,0.1868,1,DataNodeServiceUnit_scaleOut,DataNodeServiceUnit
Wed Feb 12 19:23:31 UTC 2014,25.9,0.12,0.1868,1,DataNodeServiceUnit_scaleOut,DataNodeServiceUnit
Wed Feb 12 19:23:45 UTC 2014,25.9,0.12,0.1868,1,DataNodeServiceUnit_scaleOut,DataNodeServiceUnit
Wed Feb 12 19:24:01 UTC 2014,25.4,0.12,0.1868,1,,
Wed Feb 12 19:24:12 UTC 2014,35.5,0.12,0.1868,1,,
Wed Feb 12 19:24:27 UTC 2014,35.5,0.12,0.1868,1,,
Wed Feb 12 19:24:40 UTC 2014,35.5,0.12,0.1868,1,,
Wed Feb 12 19:24:55 UTC 2014,35.5,0.12,0.1868,1,,
Wed Feb 12 19:25:10 UTC 2014,38.5,0.12,0.1868,1,,
Wed Feb 12 19:25:27 UTC 2014,38.5,0.12,0.1868,1,,
Wed Feb 12 19:25:36 UTC 2014,41.3,0.12,0.1867,1,,
Wed Feb 12 19:25:49 UTC 2014,41.3,0.12,0.1867,1,,
Wed Feb 12 19:25:56 UTC 2014,41.3,0.12,0.1867,1,,
Wed Feb 12 19:26:05 UTC 2014,35,0.12,0.1867,1,,
Wed Feb 12 19:26:12 UTC 2014,35,0.12,0.1867,1,,
Wed Feb 12 19:26:30 UTC 2014,35,0.12,0.1867,1,DataNodeServiceUnit_scaleOut,DataNodeServiceUnit
Wed Feb 12 19:26:48 UTC 2014,35,0.12,0.1867,1,DataNodeServiceUnit_scaleOut,DataNodeServiceUnit
Wed Feb 12 19:27:03 UTC 2014,35,0.12,0.1867,1,DataNodeServiceUnit_scaleOut,DataNodeServiceUnit
Wed Feb 12 19:27:15 UTC 2014,31.2,0.12,0.1867,1,DataNodeServiceUnit_scaleOut,DataNodeServiceUnit
Wed Feb 12 19:27:27 UTC 2014,31.2,0.12,0.1867,1,DataNodeServiceUnit_scaleOut,DataNodeServiceUnit
Wed Feb 12 19:27:41 UTC 2014,39.4,0.12,0.1867,1,DataNodeServiceUnit_scaleOut,DataNodeServiceUnit
Wed Feb 12 19:27:56 UTC 2014,39.4,0.12,0.1867,1,,
Wed Feb 12 19:28:03 UTC 2014,33.9,0.12,0.1866,1,,
Wed Feb 12 19:28:12 UTC 2014,33.9,0.12,0.1866,1,,
Wed Feb 12 19:28:27 UTC 2014,35.5,0.12,0.1866,1,,
Wed Feb 12 19:28:41 UTC 2014,35.5,0.12,0.1866,1,,
Wed Feb 12 19:28:49 UTC 2014,35.5,0.12,0.1866,1,,
Wed Feb 12 19:28:56 UTC 2014,35.5,0.12,0.1866,1,,
Wed Feb 12 19:29:06 UTC 2014,32.8,0.12,0.1866,1,,
Wed Feb 12 19:29:12 UTC 2014,32.8,0.12,0.1866,1,,
Wed Feb 12 19:29:20 UTC 2014,32.8,0.12,0.1866,1,,
Wed Feb 12 19:29:36 UTC 2014,36.9,0.12,0.1866,1,,
Wed Feb 12 19:29:45 UTC 2014,36.9,0.12,0.1866,1,,
Wed Feb 12 19:29:59 UTC 2014,35.4,0.12,0.1866,1,,
Wed Feb 12 19:30:17 UTC 2014,35.4,0.12,0.1866,1,,
Wed Feb 12 19:30:30 UTC 2014,35.4,0.12,0.1866,1,,
Wed Feb 12 19:30:46 UTC 2014,25.6,0.12,0.1866,1,,
Wed Feb 12 19:30:59 UTC 2014,25.6,0.12,0.1866,1,,
Wed Feb 12 19:31:09 UTC 2014,25.6,0.12,0.1866,1,DataNodeServiceUnit_scaleOut,DataNodeServiceUnit
Wed Feb 12 19:31:23 UTC 2014,27.5,0.12,0.1866,1,DataNodeServiceUnit_scaleOut,DataNodeServiceUnit
Wed Feb 12 19:31:37 UTC 2014,27.5,0.12,0.1866,1,DataNodeServiceUnit_scaleOut,DataNodeServiceUnit
Wed Feb 12 19:31:50 UTC 2014,35.2,0.12,0.1866,1,DataNodeServiceUnit_scaleOut,DataNodeServiceUnit
Wed Feb 12 19:32:07 UTC 2014,35.2,0.12,0.1866,1,,
Wed Feb 12 19:32:19 UTC 2014,29.6,0.12,0.1866,1,,
Wed Feb 12 19:32:30 UTC 2014,29.6,0.12,0.1866,1,,
Wed Feb 12 19:32:37 UTC 2014,29.6,0.12,0.1866,1,,
Wed Feb 12 19:32:49 UTC 2014,24.9,0.12,0.1866,1,,
Wed Feb 12 19:33:06 UTC 2014,24.9,0.12,0.1866,1,,
Wed Feb 12 19:33:23 UTC 2014,33.5,0.12,0.1866,1,,
Wed Feb 12 19:33:31 UTC 2014,33.5,0.12,0.1866,1,EventProcessingServiceUnit_scaleIn,EventProcessingServiceUnit
Wed Feb 12 19:33:54 UTC 2014,33.5,0.12,0.1866,1,EventProcessingServiceUnit_scaleIn,EventProcessingServiceUnit
Wed Feb 12 19:34:03 UTC 2014,33.2,0.12,0.1866,1,EventProcessingServiceUnit_scaleIn,EventProcessingServiceUnit
Wed Feb 12 19:34:14 UTC 2014,33.2,0.12,0.1866,1,EventProcessingServiceUnit_scaleIn,EventProcessingServiceUnit
Wed Feb 12 19:34:31 UTC 2014,33.2,0.12,0.1866,1,EventProcessingServiceUnit_scaleIn,EventProcessingServiceUnit
Wed Feb 12 19:34:42 UTC 2014,39.2,0.12,0.1866,1,EventProcessingServiceUnit_scaleIn,EventProcessingServiceUnit
Wed Feb 12 19:34:57 UTC 2014,39.2,0.12,0.1866,1,EventProcessingServiceUnit_scaleIn,EventProcessingServiceUnit
Wed Feb 12 19:35:11 UTC 2014,30.6,0.12,0.1866,1,EventProcessingServiceUnit_scaleIn,EventProcessingServiceUnit
Wed Feb 12 19:35:22 UTC 2014,30.6,0.12,0.1866,1,EventProcessingServiceUnit_scaleIn,EventProcessingServiceUnit
Wed Feb 12 19:35:39 UTC 2014,30.6,0.12,0.1866,1,EventProcessingServiceUnit_scaleIn,EventProcessingServiceUnit
Wed Feb 12 19:35:50 UTC 2014,35.8,0.12,0.1866,1,EventProcessingServiceUnit_scaleIn,EventProcessingServiceUnit
Wed Feb 12 19:36:01 UTC 2014,35.8,0.12,0.1866,1,,
Wed Feb 12 19:36:14 UTC 2014,29.3,0.12,0.1865,1,,
Wed Feb 12 19:36:25 UTC 2014,29.3,0.12,0.1865,1,,
Wed Feb 12 19:36:41 UTC 2014,29.3,0.12,0.1865,1,,
Wed Feb 12 19:36:49 UTC 2014,35.7,0.12,0.1865,1,,
Wed Feb 12 19:37:08 UTC 2014,35.7,0.12,0.1865,1,,
Wed Feb 12 19:37:18 UTC 2014,35.7,0.12,0.1865,1,,
Wed Feb 12 19:37:26 UTC 2014,35.7,0.12,0.1865,1,,
Wed Feb 12 19:37:42 UTC 2014,29.8,0.12,0.1865,1,,
Wed Feb 12 19:37:56 UTC 2014,29.8,0.12,0.1865,1,,
Wed Feb 12 19:38:11 UTC 2014,29.8,0.12,0.1865,1,DataNodeServiceUnit_scaleIn,DataNodeServiceUnit
Wed Feb 12 19:38:26 UTC 2014,35.8,0.12,0.1865,1,DataNodeServiceUnit_scaleIn,DataNodeServiceUnit
Wed Feb 12 19:38:36 UTC 2014,35.8,0.12,0.1865,1,DataNodeServiceUnit_scaleIn,DataNodeServiceUnit
Wed Feb 12 19:38:51 UTC 2014,38.6,0.12,0.1866,1,DataNodeServiceUnit_scaleIn,DataNodeServiceUnit
Wed Feb 12 19:39:03 UTC 2014,38.6,0.12,0.1866,1,DataNodeServiceUnit_scaleIn,DataNodeServiceUnit
Wed Feb 12 19:39:21 UTC 2014,31.5,0.12,0.1866,1,DataNodeServiceUnit_scaleIn,DataNodeServiceUnit
Wed Feb 12 19:39:32 UTC 2014,31.5,0.12,0.1866,1,DataNodeServiceUnit_scaleIn,DataNodeServiceUnit
Wed Feb 12 19:39:47 UTC 2014,31.5,0.12,0.1866,1,DataNodeServiceUnit_scaleIn,DataNodeServiceUnit
Wed Feb 12 19:39:57 UTC 2014,34.8,0.12,0.1865,1,DataNodeServiceUnit_scaleIn,DataNodeServiceUnit
Wed Feb 12 19:40:14 UTC 2014,34.8,0.12,0.1865,1,DataNodeServiceUnit_scaleIn,DataNodeServiceUnit
Wed Feb 12 19:40:27 UTC 2014,29.9,0.12,0.1866,1,DataNodeServiceUnit_scaleIn,DataNodeServiceUnit
Wed Feb 12 19:40:43 UTC 2014,29.9,0.12,0.1866,1,DataNodeServiceUnit_scaleIn,DataNodeServiceUnit
Wed Feb 12 19:40:56 UTC 2014,29.9,0.12,0.1866,1,DataNodeServiceUnit_scaleIn,DataNodeServiceUnit
Wed Feb 12 19:41:08 UTC 2014,29.9,0.12,0.1866,1,DataNodeServiceUnit_scaleIn,DataNodeServiceUnit
Wed Feb 12 19:41:19 UTC 2014,29.9,0.12,0.1866,1,DataNodeServiceUnit_scaleIn,DataNodeServiceUnit
Wed Feb 12 19:41:30 UTC 2014,22.6,0.12,0.1866,1,DataNodeServiceUnit_scaleIn,DataNodeServiceUnit
Wed Feb 12 19:41:41 UTC 2014,22.6,0.12,0.1866,1,,
Wed Feb 12 19:41:49 UTC 2014,25.4,0.12,0.1866,1,,
Wed Feb 12 19:42:06 UTC 2014,25.4,0.12,0.1866,1,,
Wed Feb 12 19:42:13 UTC 2014,25.4,0.12,0.1866,1,,
Wed Feb 12 19:42:24 UTC 2014,25.4,0.12,0.1866,1,,
Wed Feb 12 19:42:31 UTC 2014,27.5,0.12,0.1866,1,EventProcessingServiceUnit_scaleIn,EventProcessingServiceUnit
Wed Feb 12 19:42:42 UTC 2014,27.5,0.12,0.1866,1,EventProcessingServiceUnit_scaleIn,EventProcessingServiceUnit
Wed Feb 12 19:42:53 UTC 2014,27,0.12,0.1866,1,,
Wed Feb 12 19:43:07 UTC 2014,27,0.12,0.1866,1,,
Wed Feb 12 19:43:17 UTC 2014,27,0.12,0.1866,1,,
Wed Feb 12 19:43:34 UTC 2014,27,0.12,0.1866,1,,
Wed Feb 12 19:43:46 UTC 2014,28.8,0.12,0.1866,1,,
Wed Feb 12 19:44:06 UTC 2014,28.8,0.12,0.1866,1,,
Wed Feb 12 19:44:15 UTC 2014,29.1,0.12,0.1866,1,,
Wed Feb 12 19:44:31 UTC 2014,29.1,0.12,0.1866,1,,
Wed Feb 12 19:44:41 UTC 2014,29.1,0.12,0.1866,1,,
Wed Feb 12 19:44:48 UTC 2014,32.7,0.12,0.1865,1,,
Wed Feb 12 19:44:57 UTC 2014,32.7,0.12,0.1865,1,,
Wed Feb 12 19:45:09 UTC 2014,32.7,0.12,0.1865,1,,
Wed Feb 12 19:45:20 UTC 2014,32.7,0.12,0.1865,1,,
Wed Feb 12 19:45:35 UTC 2014,32.7,0.12,0.1865,1,,
Wed Feb 12 19:45:47 UTC 2014,35.9,0.12,0.1865,1,EventProcessingServiceUnit_scaleOut,EventProcessingServiceUnit
Wed Feb 12 19:46:10 UTC 2014,29.6,0.12,0.1865,1,EventProcessingServiceUnit_scaleOut,EventProcessingServiceUnit
Wed Feb 12 19:46:23 UTC 2014,29.6,0.12,0.1865,1,,
Wed Feb 12 19:46:36 UTC 2014,29.6,0.12,0.1865,1,,
Wed Feb 12 19:46:46 UTC 2014,29.5,0.12,0.1866,1,,
Wed Feb 12 19:46:56 UTC 2014,29.5,0.12,0.1866,1,,
Wed Feb 12 19:47:16 UTC 2014,30.4,0.12,0.1865,1,,
Wed Feb 12 19:47:30 UTC 2014,30.4,0.12,0.1865,1,,
Wed Feb 12 19:47:46 UTC 2014,30.4,0.12,0.1865,1,,
Wed Feb 12 19:48:01 UTC 2014,30.4,0.12,0.1865,1,EventProcessingServiceUnit_scaleOut,EventProcessingServiceUnit
Wed Feb 12 19:48:14 UTC 2014,33.7,0.12,0.1865,1,,
Wed Feb 12 19:48:34 UTC 2014,31.9,0.12,0.1866,1,,
Wed Feb 12 19:48:47 UTC 2014,31.9,0.12,0.1866,1,,
Wed Feb 12 19:49:03 UTC 2014,36.4,0.12,0.1866,1,,
Wed Feb 12 19:49:17 UTC 2014,36.4,0.12,0.1866,1,,
Wed Feb 12 19:49:32 UTC 2014,29.7,0.12,0.1866,1,,
Wed Feb 12 19:49:48 UTC 2014,29.7,0.12,0.1866,1,,
Wed Feb 12 19:50:00 UTC 2014,29.7,0.12,0.1866,1,,
Wed Feb 12 19:50:09 UTC 2014,30.8,0.12,0.1866,1,,
Wed Feb 12 19:50:18 UTC 2014,30.8,0.12,0.1866,1,,
Wed Feb 12 19:50:36 UTC 2014,26.4,0.12,0.1865,1,,
Wed Feb 12 19:50:50 UTC 2014,26.4,0.12,0.1865,1,,
Wed Feb 12 19:51:08 UTC 2014,26.4,0.12,0.1865,1,,
Wed Feb 12 19:51:17 UTC 2014,26.4,0.12,0.1865,1,DataNodeServiceUnit_scaleIn,DataNodeServiceUnit
Wed Feb 12 19:51:35 UTC 2014,26.4,0.12,0.1865,1,DataNodeServiceUnit_scaleIn,DataNodeServiceUnit
Wed Feb 12 19:51:46 UTC 2014,24.8,0.12,0.1865,1,DataNodeServiceUnit_scaleIn,DataNodeServiceUnit
Wed Feb 12 19:51:57 UTC 2014,24.8,0.12,0.1865,1,DataNodeServiceUnit_scaleIn,DataNodeServiceUnit
Wed Feb 12 19:52:14 UTC 2014,27.8,0.12,0.1865,1,DataNodeServiceUnit_scaleIn,DataNodeServiceUnit
Wed Feb 12 19:52:26 UTC 2014,27.8,0.12,0.1865,1,DataNodeServiceUnit_scaleIn,DataNodeServiceUnit
Wed Feb 12 19:52:37 UTC 2014,27.8,0.12,0.1865,1,DataNodeServiceUnit_scaleIn,DataNodeServiceUnit
Wed Feb 12 19:52:47 UTC 2014,35.8,0.12,0.1865,1,DataNodeServiceUnit_scaleIn,DataNodeServiceUnit
Wed Feb 12 19:52:57 UTC 2014,35.8,0.12,0.1865,1,,
Wed Feb 12 19:53:16 UTC 2014,29.2,0.12,0.1865,1,,
Wed Feb 12 19:53:31 UTC 2014,29.2,0.12,0.1865,1,,
Wed Feb 12 19:53:42 UTC 2014,27.5,0.12,0.1865,1,,
Wed Feb 12 19:53:52 UTC 2014,27.5,0.12,0.1865,1,,
Wed Feb 12 19:54:03 UTC 2014,25.2,0.12,0.1866,1,,
Wed Feb 12 19:54:20 UTC 2014,25.2,0.12,0.1866,1,,
Wed Feb 12 19:54:28 UTC 2014,25.2,0.12,0.1866,1,,
Wed Feb 12 19:54:36 UTC 2014,30.2,0.12,0.1865,1,,
Wed Feb 12 19:54:52 UTC 2014,30.2,0.12,0.1865,1,,
Wed Feb 12 19:55:03 UTC 2014,31.3,0.12,0.1865,1,,
Wed Feb 12 19:55:19 UTC 2014,31.3,0.12,0.1865,1,,
Wed Feb 12 19:55:32 UTC 2014,31.3,0.12,0.1865,1,,
Wed Feb 12 19:55:38 UTC 2014,31.3,0.12,0.1865,1,,
Wed Feb 12 19:55:48 UTC 2014,31.3,0.12,0.1865,1,,
Wed Feb 12 19:56:06 UTC 2014,32.8,0.12,0.1865,1,,
Wed Feb 12 19:56:17 UTC 2014,32.8,0.12,0.1865,1,,
