Time ,cost ,responseTime ,throughput ,numberOfVMs , ongoingAction, targetedNodeID
Wed Feb 12 16:02:11 UTC 2014,0.12,6,138,1,EventProcessingServiceUnit_scaleIn,EventProcessingServiceUnit
Wed Feb 12 16:02:28 UTC 2014,0.12,6,145,1,EventProcessingServiceUnit_scaleIn,EventProcessingServiceUnit
Wed Feb 12 16:02:46 UTC 2014,0.12,6,145,1,,
Wed Feb 12 16:02:56 UTC 2014,0.12,6,153,1,,
Wed Feb 12 16:03:07 UTC 2014,0.12,6,153,1,,
Wed Feb 12 16:03:16 UTC 2014,0.12,6,33,1,,
Wed Feb 12 16:03:34 UTC 2014,0.12,6,33,1,,
Wed Feb 12 16:03:40 UTC 2014,0.12,5,82,1,,
Wed Feb 12 16:03:47 UTC 2014,0.12,5,82,1,,
Wed Feb 12 16:03:54 UTC 2014,0.12,7,136,1,,
Wed Feb 12 16:04:02 UTC 2014,0.12,7,136,1,,
Wed Feb 12 16:04:08 UTC 2014,0.12,5,170,1,,
Wed Feb 12 16:04:19 UTC 2014,0.12,7,146,1,,
Wed Feb 12 16:04:34 UTC 2014,0.12,7,146,1,,
Wed Feb 12 16:04:43 UTC 2014,0.12,8,144,1,,
Wed Feb 12 16:04:50 UTC 2014,0.12,6,139,1,,
Wed Feb 12 16:05:06 UTC 2014,0.12,7,125,1,,
Wed Feb 12 16:05:13 UTC 2014,0.12,7,125,1,,
Wed Feb 12 16:05:21 UTC 2014,0.12,6,128,1,,
Wed Feb 12 16:05:27 UTC 2014,0.12,6,128,1,,
Wed Feb 12 16:05:35 UTC 2014,0.12,6,141,1,,
Wed Feb 12 16:05:41 UTC 2014,0.12,6,141,1,,
Wed Feb 12 16:05:49 UTC 2014,0.12,6,171,1,,
Wed Feb 12 16:05:55 UTC 2014,0.12,6,143,1,,
Wed Feb 12 16:06:02 UTC 2014,0.12,6,143,1,,
Wed Feb 12 16:06:21 UTC 2014,0.12,6,151,1,,
Wed Feb 12 16:06:31 UTC 2014,0.12,7,13,1,,
Wed Feb 12 16:06:45 UTC 2014,0.12,6,154,1,,
Wed Feb 12 16:06:56 UTC 2014,0.12,7,1,1,EventProcessingServiceUnit_scaleOut,EventProcessingServiceUnit
Wed Feb 12 16:07:21 UTC 2014,0.12,7,129,1,EventProcessingServiceUnit_scaleOut,EventProcessingServiceUnit
Wed Feb 12 16:07:39 UTC 2014,0.12,6,155,1,EventProcessingServiceUnit_scaleOut,EventProcessingServiceUnit
Wed Feb 12 16:07:54 UTC 2014,0.12,5,0,1,EventProcessingServiceUnit_scaleOut,EventProcessingServiceUnit
Wed Feb 12 16:08:09 UTC 2014,0.12,0,0,1,EventProcessingServiceUnit_scaleOut,EventProcessingServiceUnit
Wed Feb 12 16:08:22 UTC 2014,0.12,7,146,1,EventProcessingServiceUnit_scaleOut,EventProcessingServiceUnit
Wed Feb 12 16:08:37 UTC 2014,0.24,0,0,2,,
Wed Feb 12 16:08:52 UTC 2014,0.24,0,0,2,,
Wed Feb 12 16:09:01 UTC 2014,0.24,-0.5,-1,2,,
Wed Feb 12 16:09:18 UTC 2014,0.24,-0.5,-1,2,,
Wed Feb 12 16:09:25 UTC 2014,0.24,0,0,2,,
Wed Feb 12 16:09:41 UTC 2014,0.24,0,0,2,,
Wed Feb 12 16:09:52 UTC 2014,0.24,0,0,2,,
Wed Feb 12 16:10:05 UTC 2014,0.24,4,13,2,,
Wed Feb 12 16:10:17 UTC 2014,0.24,0,0,2,,
Wed Feb 12 16:10:29 UTC 2014,0.24,0,0,2,,
Wed Feb 12 16:10:42 UTC 2014,0.24,0,0,2,,
Wed Feb 12 16:10:49 UTC 2014,0.24,0,0,2,,
Wed Feb 12 16:10:56 UTC 2014,0.24,0,0,2,,
Wed Feb 12 16:11:12 UTC 2014,0.24,0,0,2,,
Wed Feb 12 16:11:23 UTC 2014,0.24,0,0,2,,
Wed Feb 12 16:11:33 UTC 2014,0.24,0,0,2,DataNodeServiceUnit_scaleOut,DataNodeServiceUnit
Wed Feb 12 16:11:51 UTC 2014,0.24,2.5,42,2,DataNodeServiceUnit_scaleOut,DataNodeServiceUnit
Wed Feb 12 16:12:03 UTC 2014,0.24,6,282,2,DataNodeServiceUnit_scaleOut,DataNodeServiceUnit
Wed Feb 12 16:12:18 UTC 2014,0.24,5,264,2,DataNodeServiceUnit_scaleOut,DataNodeServiceUnit
Wed Feb 12 16:12:34 UTC 2014,0.24,4,150,2,DataNodeServiceUnit_scaleOut,DataNodeServiceUnit
Wed Feb 12 16:12:47 UTC 2014,0.24,4,150,2,,
Wed Feb 12 16:12:54 UTC 2014,0.24,9,171,2,,
Wed Feb 12 16:13:04 UTC 2014,0.24,9,171,2,,
Wed Feb 12 16:13:15 UTC 2014,0.24,9,171,2,,
Wed Feb 12 16:13:22 UTC 2014,0.24,637.5,211,2,,
Wed Feb 12 16:13:30 UTC 2014,0.24,4.5,128,2,,
Wed Feb 12 16:13:45 UTC 2014,0.24,6.5,120,2,EventProcessingServiceUnit_scaleOut,EventProcessingServiceUnit
Wed Feb 12 16:14:10 UTC 2014,0.24,6.5,120,2,EventProcessingServiceUnit_scaleOut,EventProcessingServiceUnit
Wed Feb 12 16:14:22 UTC 2014,0.24,8.5,194,2,EventProcessingServiceUnit_scaleOut,EventProcessingServiceUnit
Wed Feb 12 16:14:34 UTC 2014,0.24,5.5,221,2,EventProcessingServiceUnit_scaleOut,EventProcessingServiceUnit
Wed Feb 12 16:14:47 UTC 2014,0.24,5.5,221,2,EventProcessingServiceUnit_scaleOut,EventProcessingServiceUnit
Wed Feb 12 16:14:58 UTC 2014,0.24,5.5,221,2,EventProcessingServiceUnit_scaleOut,EventProcessingServiceUnit
Wed Feb 12 16:15:10 UTC 2014,0.36,5.5,124,3,,
Wed Feb 12 16:15:20 UTC 2014,0.36,5.5,124,3,,
Wed Feb 12 16:15:27 UTC 2014,0.36,7,188,3,,
Wed Feb 12 16:15:34 UTC 2014,0.36,2.3333,82,3,,
Wed Feb 12 16:15:53 UTC 2014,0.36,2.3333,82,3,,
Wed Feb 12 16:16:03 UTC 2014,0.36,7.6667,99,3,,
Wed Feb 12 16:16:14 UTC 2014,0.36,7.6667,99,3,,
Wed Feb 12 16:16:23 UTC 2014,0.36,7.6667,99,3,,
Wed Feb 12 16:16:33 UTC 2014,0.36,7,201,3,,
Wed Feb 12 16:16:49 UTC 2014,0.36,7,201,3,,
Wed Feb 12 16:16:56 UTC 2014,0.36,8.3333,186,3,EventProcessingServiceUnit_scaleOut,EventProcessingServiceUnit
Wed Feb 12 16:17:12 UTC 2014,0.36,8.3333,186,3,EventProcessingServiceUnit_scaleOut,EventProcessingServiceUnit
Wed Feb 12 16:17:23 UTC 2014,0.36,8.3333,186,3,EventProcessingServiceUnit_scaleOut,EventProcessingServiceUnit
Wed Feb 12 16:17:34 UTC 2014,0.36,8.3333,186,3,EventProcessingServiceUnit_scaleOut,EventProcessingServiceUnit
Wed Feb 12 16:17:46 UTC 2014,0.36,8,194,3,EventProcessingServiceUnit_scaleOut,EventProcessingServiceUnit
Wed Feb 12 16:17:57 UTC 2014,0.36,8,0,3,EventProcessingServiceUnit_scaleOut,EventProcessingServiceUnit
Wed Feb 12 16:18:08 UTC 2014,0.36,0,0,3,EventProcessingServiceUnit_scaleOut,EventProcessingServiceUnit
Wed Feb 12 16:18:20 UTC 2014,0.48,0,0,4,,
Wed Feb 12 16:18:30 UTC 2014,0.48,0,0,4,,
Wed Feb 12 16:18:42 UTC 2014,0.48,1.6667,68,4,,
Wed Feb 12 16:18:55 UTC 2014,0.48,1.6667,68,4,,
Wed Feb 12 16:19:03 UTC 2014,0.48,1.6667,68,4,,
Wed Feb 12 16:19:18 UTC 2014,0.48,1.6667,68,4,,
Wed Feb 12 16:19:26 UTC 2014,0.48,-0.25,-1,4,,
Wed Feb 12 16:19:39 UTC 2014,0.48,-0.25,-1,4,,
Wed Feb 12 16:19:52 UTC 2014,0.48,-0.25,-1,4,,
Wed Feb 12 16:19:58 UTC 2014,0.48,0,0,4,,
Wed Feb 12 16:20:13 UTC 2014,0.48,0,0,4,,
Wed Feb 12 16:20:24 UTC 2014,0.48,3.25,23,4,EventProcessingServiceUnit_scaleIn,EventProcessingServiceUnit
Wed Feb 12 16:20:47 UTC 2014,0.48,3.25,167,4,EventProcessingServiceUnit_scaleIn,EventProcessingServiceUnit
Wed Feb 12 16:20:59 UTC 2014,0.48,5.25,167,4,EventProcessingServiceUnit_scaleIn,EventProcessingServiceUnit
Wed Feb 12 16:21:10 UTC 2014,0.48,5.25,167,4,EventProcessingServiceUnit_scaleIn,EventProcessingServiceUnit
Wed Feb 12 16:21:21 UTC 2014,0.48,0,0,4,EventProcessingServiceUnit_scaleIn,EventProcessingServiceUnit
Wed Feb 12 16:21:33 UTC 2014,0.48,2.5,21,4,EventProcessingServiceUnit_scaleIn,EventProcessingServiceUnit
Wed Feb 12 16:21:51 UTC 2014,0.48,2.5,21,4,EventProcessingServiceUnit_scaleIn,EventProcessingServiceUnit
Wed Feb 12 16:22:05 UTC 2014,0.48,2.5,21,4,EventProcessingServiceUnit_scaleIn,EventProcessingServiceUnit
Wed Feb 12 16:22:23 UTC 2014,0.48,8.75,242,4,EventProcessingServiceUnit_scaleIn,EventProcessingServiceUnit
Wed Feb 12 16:22:37 UTC 2014,0.48,8.75,242,4,EventProcessingServiceUnit_scaleIn,EventProcessingServiceUnit
Wed Feb 12 16:22:48 UTC 2014,0.48,8.25,201,4,EventProcessingServiceUnit_scaleIn,EventProcessingServiceUnit
Wed Feb 12 16:23:08 UTC 2014,0.48,8.25,201,4,EventProcessingServiceUnit_scaleIn,EventProcessingServiceUnit
Wed Feb 12 16:23:17 UTC 2014,0.36,6,185,3,,
Wed Feb 12 16:23:34 UTC 2014,0.36,6,185,3,,
Wed Feb 12 16:23:40 UTC 2014,0.36,7.6667,289,3,,
Wed Feb 12 16:23:57 UTC 2014,0.36,7.6667,289,3,,
Wed Feb 12 16:24:09 UTC 2014,0.36,6.6667,175,3,,
Wed Feb 12 16:24:27 UTC 2014,0.36,6.6667,175,3,,
Wed Feb 12 16:24:33 UTC 2014,0.36,6.6667,175,3,,
Wed Feb 12 16:24:43 UTC 2014,0.36,5.6667,165,3,,
Wed Feb 12 16:24:57 UTC 2014,0.36,5.6667,165,3,,
Wed Feb 12 16:25:07 UTC 2014,0.36,5.3333,238,3,,
Wed Feb 12 16:25:12 UTC 2014,0.36,6.3333,192,3,,
Wed Feb 12 16:25:28 UTC 2014,0.36,6.3333,192,3,,
Wed Feb 12 16:25:37 UTC 2014,0.36,5.3333,216,3,,
Wed Feb 12 16:25:51 UTC 2014,0.36,5.3333,216,3,,
Wed Feb 12 16:25:59 UTC 2014,0.36,5.3333,216,3,,
Wed Feb 12 16:26:09 UTC 2014,0.36,5.3333,216,3,,
Wed Feb 12 16:26:22 UTC 2014,0.36,6,164,3,,
Wed Feb 12 16:26:33 UTC 2014,0.36,6,164,3,,
Wed Feb 12 16:26:41 UTC 2014,0.36,0,0,3,DataNodeServiceUnit_scaleIn,DataNodeServiceUnit
Wed Feb 12 16:27:00 UTC 2014,0.36,0,0,3,DataNodeServiceUnit_scaleIn,DataNodeServiceUnit
Wed Feb 12 16:27:16 UTC 2014,0.36,0,0,3,DataNodeServiceUnit_scaleIn,DataNodeServiceUnit
Wed Feb 12 16:27:28 UTC 2014,0.36,0,0,3,DataNodeServiceUnit_scaleIn,DataNodeServiceUnit
Wed Feb 12 16:27:40 UTC 2014,0.36,0,0,3,DataNodeServiceUnit_scaleIn,DataNodeServiceUnit
Wed Feb 12 16:27:50 UTC 2014,0.36,0,0,3,DataNodeServiceUnit_scaleIn,DataNodeServiceUnit
Wed Feb 12 16:28:05 UTC 2014,0.36,0,0,3,DataNodeServiceUnit_scaleIn,DataNodeServiceUnit
Wed Feb 12 16:28:19 UTC 2014,0.36,0,0,3,DataNodeServiceUnit_scaleIn,DataNodeServiceUnit
Wed Feb 12 16:28:36 UTC 2014,0.36,0,0,3,DataNodeServiceUnit_scaleIn,DataNodeServiceUnit
Wed Feb 12 16:28:48 UTC 2014,0.36,0,0,3,DataNodeServiceUnit_scaleIn,DataNodeServiceUnit
Wed Feb 12 16:29:01 UTC 2014,0.36,0,0,3,DataNodeServiceUnit_scaleIn,DataNodeServiceUnit
Wed Feb 12 16:29:12 UTC 2014,0.36,0,0,3,DataNodeServiceUnit_scaleIn,DataNodeServiceUnit
Wed Feb 12 16:29:24 UTC 2014,0.36,0,0,3,DataNodeServiceUnit_scaleIn,DataNodeServiceUnit
Wed Feb 12 16:29:39 UTC 2014,0.36,0,0,3,DataNodeServiceUnit_scaleIn,DataNodeServiceUnit
Wed Feb 12 16:29:50 UTC 2014,0.36,0,0,3,DataNodeServiceUnit_scaleIn,DataNodeServiceUnit
Wed Feb 12 16:30:03 UTC 2014,0.36,8.6667,178,3,DataNodeServiceUnit_scaleIn,DataNodeServiceUnit
Wed Feb 12 16:30:14 UTC 2014,0.36,8.6667,178,3,DataNodeServiceUnit_scaleIn,DataNodeServiceUnit
Wed Feb 12 16:30:29 UTC 2014,0.36,8.6667,178,3,,
Wed Feb 12 16:30:36 UTC 2014,0.36,9,221,3,,
Wed Feb 12 16:30:53 UTC 2014,0.36,9,221,3,,
Wed Feb 12 16:31:00 UTC 2014,0.36,9,221,3,,
Wed Feb 12 16:31:07 UTC 2014,0.36,7.3333,281,3,,
Wed Feb 12 16:31:14 UTC 2014,0.36,7.3333,281,3,,
Wed Feb 12 16:31:23 UTC 2014,0.36,7.3333,281,3,,
Wed Feb 12 16:31:30 UTC 2014,0.36,6.6667,304,3,,
Wed Feb 12 16:31:36 UTC 2014,0.36,6.6667,304,3,,
Wed Feb 12 16:31:47 UTC 2014,0.36,4,6,3,,
Wed Feb 12 16:32:01 UTC 2014,0.36,6,269,3,,
Wed Feb 12 16:32:10 UTC 2014,0.36,6,269,3,,
Wed Feb 12 16:32:24 UTC 2014,0.36,6,269,3,,
Wed Feb 12 16:32:35 UTC 2014,0.36,4.3333,286,3,,
Wed Feb 12 16:32:47 UTC 2014,0.36,7.6667,230,3,,
Wed Feb 12 16:32:55 UTC 2014,0.36,7.6667,230,3,,
Wed Feb 12 16:33:09 UTC 2014,0.36,6.6667,161,3,,
Wed Feb 12 16:33:19 UTC 2014,0.36,7,330,3,,
Wed Feb 12 16:33:30 UTC 2014,0.36,7,330,3,,
Wed Feb 12 16:33:41 UTC 2014,0.36,4.3333,81,3,,
Wed Feb 12 16:33:52 UTC 2014,0.36,4.3333,81,3,,
Wed Feb 12 16:34:04 UTC 2014,0.36,4.3333,81,3,,
Wed Feb 12 16:34:14 UTC 2014,0.36,7.3333,31,3,,
Wed Feb 12 16:34:32 UTC 2014,0.36,6.6667,320,3,,
Wed Feb 12 16:34:43 UTC 2014,0.36,4.3333,260,3,EventProcessingServiceUnit_scaleOut,EventProcessingServiceUnit
Wed Feb 12 16:35:01 UTC 2014,0.36,4.3333,260,3,EventProcessingServiceUnit_scaleOut,EventProcessingServiceUnit
Wed Feb 12 16:35:10 UTC 2014,0.36,4.3333,260,3,EventProcessingServiceUnit_scaleOut,EventProcessingServiceUnit
Wed Feb 12 16:35:26 UTC 2014,0.36,12.6667,244,3,EventProcessingServiceUnit_scaleOut,EventProcessingServiceUnit
Wed Feb 12 16:35:38 UTC 2014,0.36,6,176,3,EventProcessingServiceUnit_scaleOut,EventProcessingServiceUnit
Wed Feb 12 16:35:53 UTC 2014,0.36,6,176,3,EventProcessingServiceUnit_scaleOut,EventProcessingServiceUnit
Wed Feb 12 16:36:06 UTC 2014,0.36,6,176,3,EventProcessingServiceUnit_scaleOut,EventProcessingServiceUnit
Wed Feb 12 16:36:17 UTC 2014,0.48,4,159,4,,
Wed Feb 12 16:36:27 UTC 2014,0.48,5.6667,96,4,,
Wed Feb 12 16:36:42 UTC 2014,0.48,5.6667,96,4,,
Wed Feb 12 16:36:54 UTC 2014,0.48,1.75,17,4,,
Wed Feb 12 16:37:05 UTC 2014,0.48,1.75,17,4,,
Wed Feb 12 16:37:25 UTC 2014,0.48,-0.25,-1,4,,
Wed Feb 12 16:37:44 UTC 2014,0.48,-0.25,-1,4,,
Wed Feb 12 16:37:52 UTC 2014,0.48,4.5,98,4,EventProcessingServiceUnit_scaleOut,EventProcessingServiceUnit
Wed Feb 12 16:38:16 UTC 2014,0.48,5.75,230,4,EventProcessingServiceUnit_scaleOut,EventProcessingServiceUnit
Wed Feb 12 16:38:27 UTC 2014,0.48,5.75,230,4,EventProcessingServiceUnit_scaleOut,EventProcessingServiceUnit
Wed Feb 12 16:38:37 UTC 2014,0.48,5.75,230,4,EventProcessingServiceUnit_scaleOut,EventProcessingServiceUnit
Wed Feb 12 16:38:50 UTC 2014,0.48,7.5,272,4,EventProcessingServiceUnit_scaleOut,EventProcessingServiceUnit
Wed Feb 12 16:39:02 UTC 2014,0.6,7,277,5,,
Wed Feb 12 16:39:15 UTC 2014,0.6,7,277,5,,
Wed Feb 12 16:39:31 UTC 2014,0.6,7,277,5,,
Wed Feb 12 16:39:41 UTC 2014,0.6,7.5,4,5,,
Wed Feb 12 16:39:56 UTC 2014,0.6,7.8,347,5,,
Wed Feb 12 16:40:12 UTC 2014,0.6,7.8,347,5,,
Wed Feb 12 16:40:19 UTC 2014,0.6,7.8,347,5,,
Wed Feb 12 16:40:27 UTC 2014,0.6,6.8,202,5,,
Wed Feb 12 16:40:34 UTC 2014,0.6,6.8,202,5,,
Wed Feb 12 16:40:45 UTC 2014,0.6,6.8,202,5,,
Wed Feb 12 16:40:55 UTC 2014,0.6,6.8,202,5,,
Wed Feb 12 16:41:04 UTC 2014,0.6,6.8,202,5,,
Wed Feb 12 16:41:10 UTC 2014,0.6,8.6,335,5,,
Wed Feb 12 16:41:17 UTC 2014,0.6,8.6,335,5,,
Wed Feb 12 16:41:31 UTC 2014,0.6,7.4,339,5,,
Wed Feb 12 16:41:44 UTC 2014,0.6,7.4,339,5,,
Wed Feb 12 16:42:01 UTC 2014,0.6,1.4,1,5,,
Wed Feb 12 16:42:11 UTC 2014,0.6,1.4,1,5,,
Wed Feb 12 16:42:23 UTC 2014,0.6,1.4,1,5,,
Wed Feb 12 16:42:36 UTC 2014,0.6,3.2,56,5,,
Wed Feb 12 16:42:50 UTC 2014,0.6,7.2,258,5,,
Wed Feb 12 16:43:04 UTC 2014,0.6,7.2,258,5,,
Wed Feb 12 16:43:15 UTC 2014,0.6,7.2,258,5,,
Wed Feb 12 16:43:38 UTC 2014,0.6,127,55,5,,
Wed Feb 12 16:43:52 UTC 2014,0.6,127,55,5,,
Wed Feb 12 16:43:59 UTC 2014,0.6,5.8,89,5,,
Wed Feb 12 16:44:07 UTC 2014,0.6,6.6,77,5,,
Wed Feb 12 16:44:24 UTC 2014,0.6,6.6,77,5,,
Wed Feb 12 16:44:36 UTC 2014,0.6,7.6,245,5,,
Wed Feb 12 16:44:54 UTC 2014,0.6,7.6,245,5,,
Wed Feb 12 16:45:01 UTC 2014,0.6,7.6,245,5,EventProcessingServiceUnit_scaleOut,EventProcessingServiceUnit
Wed Feb 12 16:45:24 UTC 2014,0.6,7.6,152,5,EventProcessingServiceUnit_scaleOut,EventProcessingServiceUnit
Wed Feb 12 16:45:33 UTC 2014,0.6,6.8,152,5,EventProcessingServiceUnit_scaleOut,EventProcessingServiceUnit
Wed Feb 12 16:45:52 UTC 2014,0.6,9.2,167,5,EventProcessingServiceUnit_scaleOut,EventProcessingServiceUnit
Wed Feb 12 16:46:05 UTC 2014,0.6,9.2,167,5,EventProcessingServiceUnit_scaleOut,EventProcessingServiceUnit
Wed Feb 12 16:46:18 UTC 2014,0.72,7,224,6,,
Wed Feb 12 16:46:33 UTC 2014,0.72,7,224,6,,
Wed Feb 12 16:46:44 UTC 2014,0.72,6,440,6,,
Wed Feb 12 16:46:53 UTC 2014,0.72,6,440,6,,
Wed Feb 12 16:47:08 UTC 2014,0.72,7,248,6,,
Wed Feb 12 16:47:18 UTC 2014,0.72,7,248,6,,
Wed Feb 12 16:47:28 UTC 2014,0.72,-0.1667,-1,6,EventProcessingServiceUnit_scaleIn,EventProcessingServiceUnit
Wed Feb 12 16:47:43 UTC 2014,0.72,-0.1667,-1,6,EventProcessingServiceUnit_scaleIn,EventProcessingServiceUnit
Wed Feb 12 16:47:55 UTC 2014,0.72,9.6667,257,6,EventProcessingServiceUnit_scaleIn,EventProcessingServiceUnit
Wed Feb 12 16:48:06 UTC 2014,0.72,9.6667,257,6,EventProcessingServiceUnit_scaleIn,EventProcessingServiceUnit
Wed Feb 12 16:48:16 UTC 2014,0.72,9.6667,257,6,EventProcessingServiceUnit_scaleIn,EventProcessingServiceUnit
Wed Feb 12 16:48:26 UTC 2014,0.72,9.6667,257,6,EventProcessingServiceUnit_scaleIn,EventProcessingServiceUnit
Wed Feb 12 16:48:40 UTC 2014,0.72,7.6667,255,6,EventProcessingServiceUnit_scaleIn,EventProcessingServiceUnit
Wed Feb 12 16:48:56 UTC 2014,0.72,7.6667,255,6,EventProcessingServiceUnit_scaleIn,EventProcessingServiceUnit
Wed Feb 12 16:49:07 UTC 2014,0.72,7.6667,255,6,EventProcessingServiceUnit_scaleIn,EventProcessingServiceUnit
Wed Feb 12 16:49:20 UTC 2014,0.72,4.1667,155,6,EventProcessingServiceUnit_scaleIn,EventProcessingServiceUnit
Wed Feb 12 16:49:30 UTC 2014,0.72,4.1667,155,6,EventProcessingServiceUnit_scaleIn,EventProcessingServiceUnit
Wed Feb 12 16:49:44 UTC 2014,0.72,2.5,26,6,EventProcessingServiceUnit_scaleIn,EventProcessingServiceUnit
Wed Feb 12 16:49:56 UTC 2014,0.72,2.5,26,6,EventProcessingServiceUnit_scaleIn,EventProcessingServiceUnit
Wed Feb 12 16:50:11 UTC 2014,0.72,5.6,69,6,,
Wed Feb 12 16:50:22 UTC 2014,0.72,5.6,69,6,,
Wed Feb 12 16:50:29 UTC 2014,0.6,2,21,5,,
Wed Feb 12 16:50:38 UTC 2014,0.6,2,21,5,,
Wed Feb 12 16:50:50 UTC 2014,0.6,2,21,5,,
Wed Feb 12 16:51:09 UTC 2014,0.6,2.2,51,5,,
Wed Feb 12 16:51:16 UTC 2014,0.6,2.2,51,5,,
Wed Feb 12 16:51:30 UTC 2014,0.6,2.2,3,5,,
Wed Feb 12 16:51:48 UTC 2014,0.6,2.2,3,5,,
Wed Feb 12 16:51:56 UTC 2014,0.6,2.8,66,5,,
Wed Feb 12 16:52:08 UTC 2014,0.6,2.8,66,5,,
Wed Feb 12 16:52:14 UTC 2014,0.6,2.8,66,5,,
Wed Feb 12 16:52:21 UTC 2014,0.6,2.8,66,5,,
Wed Feb 12 16:52:37 UTC 2014,0.6,2.8,66,5,,
Wed Feb 12 16:52:47 UTC 2014,0.6,7.8,167,5,,
Wed Feb 12 16:53:04 UTC 2014,0.6,8.6,405,5,,
Wed Feb 12 16:53:13 UTC 2014,0.6,8.6,405,5,,
Wed Feb 12 16:53:30 UTC 2014,0.6,8,67,5,,
Wed Feb 12 16:53:39 UTC 2014,0.6,8,67,5,,
Wed Feb 12 16:53:54 UTC 2014,0.6,8,67,5,,
Wed Feb 12 16:54:03 UTC 2014,0.6,8,67,5,,
Wed Feb 12 16:54:20 UTC 2014,0.6,8.6,162,5,,
Wed Feb 12 16:54:26 UTC 2014,0.6,8.6,162,5,,
Wed Feb 12 16:54:34 UTC 2014,0.6,8.6,162,5,,
Wed Feb 12 16:54:43 UTC 2014,0.6,7.4,306,5,,
Wed Feb 12 16:54:50 UTC 2014,0.6,7.4,306,5,,
Wed Feb 12 16:55:08 UTC 2014,0.6,6.4,137,5,,
Wed Feb 12 16:55:15 UTC 2014,0.6,6.4,137,5,,
Wed Feb 12 16:55:30 UTC 2014,0.6,6.4,137,5,,
Wed Feb 12 16:55:45 UTC 2014,0.6,6.4,137,5,DataNodeServiceUnit_scaleOut,DataNodeServiceUnit
Wed Feb 12 16:55:59 UTC 2014,0.6,5.4,31,5,DataNodeServiceUnit_scaleOut,DataNodeServiceUnit
Wed Feb 12 16:56:15 UTC 2014,0.6,6.4,39,5,DataNodeServiceUnit_scaleOut,DataNodeServiceUnit
Wed Feb 12 16:56:33 UTC 2014,0.6,6.4,39,5,DataNodeServiceUnit_scaleOut,DataNodeServiceUnit
Wed Feb 12 16:56:45 UTC 2014,0.6,7.6,287,5,DataNodeServiceUnit_scaleOut,DataNodeServiceUnit
Wed Feb 12 16:56:57 UTC 2014,0.6,7.6,287,5,DataNodeServiceUnit_scaleOut,DataNodeServiceUnit
Wed Feb 12 16:57:10 UTC 2014,0.6,0,0,5,,
Wed Feb 12 16:57:28 UTC 2014,0.6,0,0,5,,
Wed Feb 12 16:57:34 UTC 2014,0.6,0,0,5,,
Wed Feb 12 16:57:41 UTC 2014,0.6,0,0,5,,
Wed Feb 12 16:57:49 UTC 2014,0.6,0,0,5,,
Wed Feb 12 16:57:56 UTC 2014,0.6,0,0,5,,
Wed Feb 12 16:58:02 UTC 2014,0.6,0,0,5,,
Wed Feb 12 16:58:22 UTC 2014,0.6,0,0,5,,
Wed Feb 12 16:58:40 UTC 2014,0.6,0,0,5,,
Wed Feb 12 16:58:54 UTC 2014,0.6,0,0,5,,
Wed Feb 12 16:59:09 UTC 2014,0.6,0,0,5,,
Wed Feb 12 16:59:23 UTC 2014,0.6,0,0,5,,
Wed Feb 12 16:59:32 UTC 2014,0.6,0,0,5,,
Wed Feb 12 16:59:50 UTC 2014,0.6,0,0,5,,
Wed Feb 12 16:59:56 UTC 2014,0.6,0,0,5,,
Wed Feb 12 17:00:03 UTC 2014,0.6,0,0,5,,
Wed Feb 12 17:00:17 UTC 2014,0.6,0,0,5,,
Wed Feb 12 17:00:24 UTC 2014,0.6,0,0,5,,
Wed Feb 12 17:00:32 UTC 2014,0.6,0,0,5,,
Wed Feb 12 17:00:43 UTC 2014,0.6,0,0,5,EventProcessingServiceUnit_scaleIn,EventProcessingServiceUnit
Wed Feb 12 17:01:02 UTC 2014,0.6,0,0,5,EventProcessingServiceUnit_scaleIn,EventProcessingServiceUnit
Wed Feb 12 17:01:14 UTC 2014,0.6,0,0,5,EventProcessingServiceUnit_scaleIn,EventProcessingServiceUnit
Wed Feb 12 17:01:28 UTC 2014,0.6,0,0,5,EventProcessingServiceUnit_scaleIn,EventProcessingServiceUnit
Wed Feb 12 17:01:42 UTC 2014,0.6,0,0,5,EventProcessingServiceUnit_scaleIn,EventProcessingServiceUnit
Wed Feb 12 17:01:53 UTC 2014,0.6,0,0,5,EventProcessingServiceUnit_scaleIn,EventProcessingServiceUnit
Wed Feb 12 17:02:05 UTC 2014,0.6,-0.2,-1,5,EventProcessingServiceUnit_scaleIn,EventProcessingServiceUnit
Wed Feb 12 17:02:16 UTC 2014,0.6,-0.2,-1,5,EventProcessingServiceUnit_scaleIn,EventProcessingServiceUnit
Wed Feb 12 17:02:27 UTC 2014,0.6,5,4,5,EventProcessingServiceUnit_scaleIn,EventProcessingServiceUnit
Wed Feb 12 17:02:39 UTC 2014,0.6,5,4,5,EventProcessingServiceUnit_scaleIn,EventProcessingServiceUnit
Wed Feb 12 17:02:53 UTC 2014,0.6,10.75,62,5,EventProcessingServiceUnit_scaleIn,EventProcessingServiceUnit
Wed Feb 12 17:03:07 UTC 2014,0.6,10.75,62,5,EventProcessingServiceUnit_scaleIn,EventProcessingServiceUnit
Wed Feb 12 17:03:18 UTC 2014,0.6,10.75,62,5,EventProcessingServiceUnit_scaleIn,EventProcessingServiceUnit
Wed Feb 12 17:03:32 UTC 2014,0.48,11.5,75,4,,
Wed Feb 12 17:03:49 UTC 2014,0.48,11.5,75,4,,
Wed Feb 12 17:03:59 UTC 2014,0.48,7.5,74,4,,
Wed Feb 12 17:04:10 UTC 2014,0.48,7.5,74,4,,
Wed Feb 12 17:04:22 UTC 2014,0.48,7.5,74,4,,
Wed Feb 12 17:04:34 UTC 2014,0.48,9.5,65,4,EventProcessingServiceUnit_scaleOut,EventProcessingServiceUnit
Wed Feb 12 17:04:58 UTC 2014,0.48,8.75,147,4,EventProcessingServiceUnit_scaleOut,EventProcessingServiceUnit
Wed Feb 12 17:05:11 UTC 2014,0.48,8.75,147,4,EventProcessingServiceUnit_scaleOut,EventProcessingServiceUnit
Wed Feb 12 17:05:23 UTC 2014,0.48,8.75,147,4,EventProcessingServiceUnit_scaleOut,EventProcessingServiceUnit
Wed Feb 12 17:05:34 UTC 2014,0.48,8.75,147,4,EventProcessingServiceUnit_scaleOut,EventProcessingServiceUnit
Wed Feb 12 17:05:45 UTC 2014,0.48,8.5,179,4,EventProcessingServiceUnit_scaleOut,EventProcessingServiceUnit
Wed Feb 12 17:06:00 UTC 2014,0.6,8,244,5,,
Wed Feb 12 17:06:08 UTC 2014,0.6,8,244,5,,
Wed Feb 12 17:06:16 UTC 2014,0.6,8,244,5,,
Wed Feb 12 17:06:32 UTC 2014,0.6,8,244,5,,
Wed Feb 12 17:06:39 UTC 2014,0.6,8,244,5,,
Wed Feb 12 17:06:47 UTC 2014,0.6,8,244,5,,
Wed Feb 12 17:06:55 UTC 2014,0.6,8.75,203,5,,
Wed Feb 12 17:07:02 UTC 2014,0.6,8.75,203,5,,
Wed Feb 12 17:07:09 UTC 2014,0.6,-0.2,-1,5,,
Wed Feb 12 17:07:25 UTC 2014,0.6,-0.2,-1,5,,
Wed Feb 12 17:07:36 UTC 2014,0.6,7.6,234,5,,
Wed Feb 12 17:07:44 UTC 2014,0.6,7.6,234,5,,
Wed Feb 12 17:07:53 UTC 2014,0.6,7.6,234,5,,
Wed Feb 12 17:08:02 UTC 2014,0.6,4.4,167,5,,
Wed Feb 12 17:08:11 UTC 2014,0.6,4.4,167,5,,
Wed Feb 12 17:08:22 UTC 2014,0.6,7.8,246,5,,
Wed Feb 12 17:08:31 UTC 2014,0.6,7.8,246,5,,
Wed Feb 12 17:08:37 UTC 2014,0.6,7.8,246,5,,
Wed Feb 12 17:08:47 UTC 2014,0.6,8.8,233,5,,
Wed Feb 12 17:08:56 UTC 2014,0.6,8.8,233,5,,
Wed Feb 12 17:09:10 UTC 2014,0.6,8.8,233,5,,
Wed Feb 12 17:09:22 UTC 2014,0.6,8.8,233,5,,
Wed Feb 12 17:09:35 UTC 2014,0.6,8.8,233,5,,
Wed Feb 12 17:09:42 UTC 2014,0.6,7,132,5,,
Wed Feb 12 17:09:59 UTC 2014,0.6,7,132,5,,
Wed Feb 12 17:10:09 UTC 2014,0.6,6.4,158,5,,
Wed Feb 12 17:10:19 UTC 2014,0.6,6.4,158,5,,
Wed Feb 12 17:10:28 UTC 2014,0.6,6.4,158,5,,
Wed Feb 12 17:10:35 UTC 2014,0.6,7.2,316,5,,
Wed Feb 12 17:10:45 UTC 2014,0.6,7.2,316,5,,
Wed Feb 12 17:11:02 UTC 2014,0.6,7.2,316,5,,
Wed Feb 12 17:11:12 UTC 2014,0.6,7.2,316,5,,
Wed Feb 12 17:11:18 UTC 2014,0.6,8.2,103,5,,
Wed Feb 12 17:11:32 UTC 2014,0.6,8.2,103,5,EventProcessingServiceUnit_scaleIn,EventProcessingServiceUnit
Wed Feb 12 17:11:47 UTC 2014,0.6,8.2,103,5,EventProcessingServiceUnit_scaleIn,EventProcessingServiceUnit
Wed Feb 12 17:11:57 UTC 2014,0.6,6.2,161,5,EventProcessingServiceUnit_scaleIn,EventProcessingServiceUnit
Wed Feb 12 17:12:09 UTC 2014,0.6,6.2,161,5,EventProcessingServiceUnit_scaleIn,EventProcessingServiceUnit
Wed Feb 12 17:12:21 UTC 2014,0.6,7.2,144,5,EventProcessingServiceUnit_scaleIn,EventProcessingServiceUnit
Wed Feb 12 17:12:31 UTC 2014,0.6,7.2,144,5,EventProcessingServiceUnit_scaleIn,EventProcessingServiceUnit
Wed Feb 12 17:12:42 UTC 2014,0.6,7.2,144,5,EventProcessingServiceUnit_scaleIn,EventProcessingServiceUnit
Wed Feb 12 17:12:53 UTC 2014,0.6,4.8,179,5,EventProcessingServiceUnit_scaleIn,EventProcessingServiceUnit
Wed Feb 12 17:13:04 UTC 2014,0.6,4.8,179,5,EventProcessingServiceUnit_scaleIn,EventProcessingServiceUnit
Wed Feb 12 17:13:14 UTC 2014,0.6,4.8,179,5,EventProcessingServiceUnit_scaleIn,EventProcessingServiceUnit
Wed Feb 12 17:13:25 UTC 2014,0.6,4.8,184,5,EventProcessingServiceUnit_scaleIn,EventProcessingServiceUnit
Wed Feb 12 17:13:41 UTC 2014,0.6,5,184,5,EventProcessingServiceUnit_scaleIn,EventProcessingServiceUnit
Wed Feb 12 17:13:52 UTC 2014,0.6,5,184,5,EventProcessingServiceUnit_scaleIn,EventProcessingServiceUnit
Wed Feb 12 17:14:04 UTC 2014,0.6,0,0,5,EventProcessingServiceUnit_scaleIn,EventProcessingServiceUnit
Wed Feb 12 17:14:16 UTC 2014,0.6,0,0,5,,
Wed Feb 12 17:14:25 UTC 2014,0.48,6.25,164,4,,
Wed Feb 12 17:14:37 UTC 2014,0.48,6.25,164,4,,
Wed Feb 12 17:14:44 UTC 2014,0.48,6.25,164,4,,
Wed Feb 12 17:14:58 UTC 2014,0.48,6.25,164,4,,
Wed Feb 12 17:15:11 UTC 2014,0.48,8.5,41,4,,
Wed Feb 12 17:15:20 UTC 2014,0.48,8.5,41,4,,
Wed Feb 12 17:15:27 UTC 2014,0.48,8.5,41,4,,
Wed Feb 12 17:15:35 UTC 2014,0.48,7,151,4,,
Wed Feb 12 17:15:52 UTC 2014,0.48,0,0,4,,
Wed Feb 12 17:16:04 UTC 2014,0.48,0,0,4,,
Wed Feb 12 17:16:11 UTC 2014,0.48,0,0,4,,
Wed Feb 12 17:16:22 UTC 2014,0.48,0,0,4,,
Wed Feb 12 17:16:36 UTC 2014,0.48,0,0,4,,
Wed Feb 12 17:16:46 UTC 2014,0.48,7.25,311,4,,
Wed Feb 12 17:17:01 UTC 2014,0.48,7.25,311,4,,
Wed Feb 12 17:17:07 UTC 2014,0.48,7.25,311,4,,
Wed Feb 12 17:17:13 UTC 2014,0.48,6,245,4,,
Wed Feb 12 17:17:21 UTC 2014,0.48,6,245,4,,
Wed Feb 12 17:17:34 UTC 2014,0.48,6.75,289,4,,
Wed Feb 12 17:17:41 UTC 2014,0.48,6.75,289,4,,
Wed Feb 12 17:17:47 UTC 2014,0.48,6.75,289,4,,
Wed Feb 12 17:17:54 UTC 2014,0.48,6.75,168,4,,
Wed Feb 12 17:18:02 UTC 2014,0.48,6.75,168,4,,
Wed Feb 12 17:18:12 UTC 2014,0.48,6.25,121,4,,
Wed Feb 12 17:18:27 UTC 2014,0.48,6.25,121,4,,
Wed Feb 12 17:18:45 UTC 2014,0.48,6.25,121,4,,
Wed Feb 12 17:18:53 UTC 2014,0.48,6.25,121,4,EventProcessingServiceUnit_scaleOut,EventProcessingServiceUnit
Wed Feb 12 17:19:13 UTC 2014,0.48,6.5,245,4,EventProcessingServiceUnit_scaleOut,EventProcessingServiceUnit
Wed Feb 12 17:19:26 UTC 2014,0.48,6.5,245,4,EventProcessingServiceUnit_scaleOut,EventProcessingServiceUnit
Wed Feb 12 17:19:40 UTC 2014,0.48,6.25,239,4,EventProcessingServiceUnit_scaleOut,EventProcessingServiceUnit
Wed Feb 12 17:19:51 UTC 2014,0.48,6.25,239,4,EventProcessingServiceUnit_scaleOut,EventProcessingServiceUnit
Wed Feb 12 17:20:02 UTC 2014,0.48,6.25,277,4,EventProcessingServiceUnit_scaleOut,EventProcessingServiceUnit
Wed Feb 12 17:20:18 UTC 2014,0.48,6.25,277,4,,
Wed Feb 12 17:20:26 UTC 2014,0.6,5,54,5,,
Wed Feb 12 17:20:35 UTC 2014,0.6,5,54,5,,
Wed Feb 12 17:20:47 UTC 2014,0.6,5,54,5,,
Wed Feb 12 17:20:55 UTC 2014,0.6,5,54,5,,
Wed Feb 12 17:21:02 UTC 2014,0.6,5,54,5,,
Wed Feb 12 17:21:14 UTC 2014,0.6,-0.2,-1,5,,
Wed Feb 12 17:21:22 UTC 2014,0.6,-0.2,-1,5,,
Wed Feb 12 17:21:31 UTC 2014,0.6,6.2,105,5,,
Wed Feb 12 17:21:47 UTC 2014,0.6,6.2,105,5,,
Wed Feb 12 17:21:52 UTC 2014,0.6,6.2,105,5,,
Wed Feb 12 17:22:02 UTC 2014,0.6,6.2,105,5,,
Wed Feb 12 17:22:16 UTC 2014,0.6,7,189,5,,
Wed Feb 12 17:22:30 UTC 2014,0.6,7,189,5,,
Wed Feb 12 17:22:38 UTC 2014,0.6,2,70,5,,
Wed Feb 12 17:22:49 UTC 2014,0.6,2,70,5,,
Wed Feb 12 17:22:56 UTC 2014,0.6,2,70,5,,
Wed Feb 12 17:23:03 UTC 2014,0.6,2,70,5,,
Wed Feb 12 17:23:10 UTC 2014,0.6,1,9,5,,
Wed Feb 12 17:23:23 UTC 2014,0.6,1,9,5,,
Wed Feb 12 17:23:30 UTC 2014,0.6,1,9,5,,
Wed Feb 12 17:23:38 UTC 2014,0.6,1,9,5,,
Wed Feb 12 17:23:45 UTC 2014,0.6,1,9,5,,
Wed Feb 12 17:23:52 UTC 2014,0.6,1,9,5,,
Wed Feb 12 17:23:57 UTC 2014,0.6,0.8,21,5,,
Wed Feb 12 17:24:08 UTC 2014,0.6,0.8,21,5,,
Wed Feb 12 17:24:15 UTC 2014,0.6,0.8,21,5,,
Wed Feb 12 17:24:28 UTC 2014,0.6,0,0,5,,
Wed Feb 12 17:24:37 UTC 2014,0.6,0,0,5,,
Wed Feb 12 17:24:46 UTC 2014,0.6,0,0,5,,
Wed Feb 12 17:25:01 UTC 2014,0.6,2.2,36,5,,
Wed Feb 12 17:25:17 UTC 2014,0.6,2.2,36,5,,
Wed Feb 12 17:25:29 UTC 2014,0.6,1.4,4,5,EventProcessingServiceUnit_scaleIn,EventProcessingServiceUnit
Wed Feb 12 17:25:42 UTC 2014,0.6,1.4,4,5,EventProcessingServiceUnit_scaleIn,EventProcessingServiceUnit
Wed Feb 12 17:25:59 UTC 2014,0.6,1.4,4,5,EventProcessingServiceUnit_scaleIn,EventProcessingServiceUnit
Wed Feb 12 17:26:10 UTC 2014,0.6,1.4,4,5,EventProcessingServiceUnit_scaleIn,EventProcessingServiceUnit
Wed Feb 12 17:26:22 UTC 2014,0.6,6.8,258,5,EventProcessingServiceUnit_scaleIn,EventProcessingServiceUnit
Wed Feb 12 17:26:33 UTC 2014,0.6,6.8,258,5,EventProcessingServiceUnit_scaleIn,EventProcessingServiceUnit
Wed Feb 12 17:26:44 UTC 2014,0.6,6.8,258,5,EventProcessingServiceUnit_scaleIn,EventProcessingServiceUnit
Wed Feb 12 17:26:54 UTC 2014,0.6,6,223,5,EventProcessingServiceUnit_scaleIn,EventProcessingServiceUnit
Wed Feb 12 17:27:06 UTC 2014,0.6,6,223,5,EventProcessingServiceUnit_scaleIn,EventProcessingServiceUnit
Wed Feb 12 17:27:17 UTC 2014,0.6,1,0,5,EventProcessingServiceUnit_scaleIn,EventProcessingServiceUnit
Wed Feb 12 17:27:30 UTC 2014,0.6,1,0,5,EventProcessingServiceUnit_scaleIn,EventProcessingServiceUnit
Wed Feb 12 17:27:42 UTC 2014,0.6,4,232,5,EventProcessingServiceUnit_scaleIn,EventProcessingServiceUnit
Wed Feb 12 17:27:56 UTC 2014,0.6,4,232,5,EventProcessingServiceUnit_scaleIn,EventProcessingServiceUnit
Wed Feb 12 17:28:07 UTC 2014,0.6,4,232,5,EventProcessingServiceUnit_scaleIn,EventProcessingServiceUnit
Wed Feb 12 17:28:22 UTC 2014,0.6,4,232,5,EventProcessingServiceUnit_scaleIn,EventProcessingServiceUnit
Wed Feb 12 17:28:34 UTC 2014,0.6,4,233,5,,
Wed Feb 12 17:28:41 UTC 2014,0.6,4,233,5,,
Wed Feb 12 17:29:00 UTC 2014,0.48,5.75,235,4,,
Wed Feb 12 17:29:12 UTC 2014,0.48,5.75,235,4,,
Wed Feb 12 17:29:22 UTC 2014,0.48,4.25,113,4,,
Wed Feb 12 17:29:32 UTC 2014,0.48,4.25,113,4,,
Wed Feb 12 17:29:41 UTC 2014,0.48,4.25,113,4,,
Wed Feb 12 17:29:56 UTC 2014,0.48,4.25,113,4,,
Wed Feb 12 17:30:03 UTC 2014,0.48,5.25,254,4,,
Wed Feb 12 17:30:17 UTC 2014,0.48,5.25,254,4,,
Wed Feb 12 17:30:26 UTC 2014,0.48,5.25,254,4,,
Wed Feb 12 17:30:36 UTC 2014,0.48,3,110,4,,
Wed Feb 12 17:30:51 UTC 2014,0.48,3,110,4,,
Wed Feb 12 17:31:00 UTC 2014,0.48,2.25,30,4,,
Wed Feb 12 17:31:11 UTC 2014,0.48,2.25,30,4,EventProcessingServiceUnit_scaleIn,EventProcessingServiceUnit
Wed Feb 12 17:31:25 UTC 2014,0.48,2,20,4,EventProcessingServiceUnit_scaleIn,EventProcessingServiceUnit
Wed Feb 12 17:31:36 UTC 2014,0.48,2,20,4,EventProcessingServiceUnit_scaleIn,EventProcessingServiceUnit
Wed Feb 12 17:31:50 UTC 2014,0.48,1.5,4,4,EventProcessingServiceUnit_scaleIn,EventProcessingServiceUnit
Wed Feb 12 17:32:01 UTC 2014,0.48,1.5,4,4,EventProcessingServiceUnit_scaleIn,EventProcessingServiceUnit
Wed Feb 12 17:32:17 UTC 2014,0.48,0,0,4,EventProcessingServiceUnit_scaleIn,EventProcessingServiceUnit
Wed Feb 12 17:32:30 UTC 2014,0.48,0,0,4,EventProcessingServiceUnit_scaleIn,EventProcessingServiceUnit
Wed Feb 12 17:32:47 UTC 2014,0.48,0,0,4,EventProcessingServiceUnit_scaleIn,EventProcessingServiceUnit
Wed Feb 12 17:32:59 UTC 2014,0.48,4.3333,30,4,EventProcessingServiceUnit_scaleIn,EventProcessingServiceUnit
Wed Feb 12 17:33:12 UTC 2014,0.48,4.3333,30,4,EventProcessingServiceUnit_scaleIn,EventProcessingServiceUnit
Wed Feb 12 17:33:24 UTC 2014,0.48,1.3333,80,4,EventProcessingServiceUnit_scaleIn,EventProcessingServiceUnit
Wed Feb 12 17:33:35 UTC 2014,0.48,1.3333,25,4,EventProcessingServiceUnit_scaleIn,EventProcessingServiceUnit
Wed Feb 12 17:33:45 UTC 2014,0.48,1.6667,25,4,EventProcessingServiceUnit_scaleIn,EventProcessingServiceUnit
Wed Feb 12 17:33:59 UTC 2014,0.36,1.6667,25,3,,
Wed Feb 12 17:34:07 UTC 2014,0.36,1.6667,25,3,,
Wed Feb 12 17:34:16 UTC 2014,0.36,1.6667,20,3,,
Wed Feb 12 17:34:30 UTC 2014,0.36,1.6667,20,3,,
Wed Feb 12 17:34:41 UTC 2014,0.36,3,102,3,,
Wed Feb 12 17:34:46 UTC 2014,0.36,3,102,3,,
Wed Feb 12 17:34:57 UTC 2014,0.36,5.3333,303,3,,
Wed Feb 12 17:35:16 UTC 2014,0.36,5.3333,303,3,,
Wed Feb 12 17:35:30 UTC 2014,0.36,5.3333,303,3,,
Wed Feb 12 17:35:42 UTC 2014,0.36,5.6667,265,3,,
Wed Feb 12 17:35:53 UTC 2014,0.36,5.6667,265,3,,
Wed Feb 12 17:36:08 UTC 2014,0.36,6,207,3,,
Wed Feb 12 17:36:29 UTC 2014,0.36,4.6667,186,3,,
Wed Feb 12 17:36:45 UTC 2014,0.36,5.3333,267,3,,
Wed Feb 12 17:36:55 UTC 2014,0.36,5.3333,267,3,,
Wed Feb 12 17:37:08 UTC 2014,0.36,12.3333,211,3,,
Wed Feb 12 17:37:23 UTC 2014,0.36,12.3333,211,3,,
Wed Feb 12 17:37:32 UTC 2014,0.36,12.3333,211,3,EventProcessingServiceUnit_scaleOut,EventProcessingServiceUnit
Wed Feb 12 17:37:50 UTC 2014,0.36,4.6667,135,3,EventProcessingServiceUnit_scaleOut,EventProcessingServiceUnit
Wed Feb 12 17:38:04 UTC 2014,0.36,4.6667,135,3,EventProcessingServiceUnit_scaleOut,EventProcessingServiceUnit
Wed Feb 12 17:38:16 UTC 2014,0.36,5.3333,200,3,EventProcessingServiceUnit_scaleOut,EventProcessingServiceUnit
Wed Feb 12 17:38:27 UTC 2014,0.36,5.3333,200,3,EventProcessingServiceUnit_scaleOut,EventProcessingServiceUnit
Wed Feb 12 17:38:37 UTC 2014,0.36,5.6667,129,3,EventProcessingServiceUnit_scaleOut,EventProcessingServiceUnit
Wed Feb 12 17:38:51 UTC 2014,0.36,5.6667,129,3,EventProcessingServiceUnit_scaleOut,EventProcessingServiceUnit
Wed Feb 12 17:39:02 UTC 2014,0.36,5,268,3,,
Wed Feb 12 17:39:13 UTC 2014,0.48,5,268,4,,
Wed Feb 12 17:39:23 UTC 2014,0.48,5,268,4,,
Wed Feb 12 17:39:32 UTC 2014,0.48,2.6667,191,4,,
Wed Feb 12 17:39:46 UTC 2014,0.48,2.6667,191,4,,
Wed Feb 12 17:39:57 UTC 2014,0.48,1.75,9,4,,
Wed Feb 12 17:40:06 UTC 2014,0.48,1.75,9,4,,
Wed Feb 12 17:40:22 UTC 2014,0.48,4,231,4,,
Wed Feb 12 17:40:32 UTC 2014,0.48,4,231,4,,
Wed Feb 12 17:40:42 UTC 2014,0.48,2,8,4,,
Wed Feb 12 17:40:56 UTC 2014,0.48,2,8,4,,
Wed Feb 12 17:41:03 UTC 2014,0.48,2,8,4,,
Wed Feb 12 17:41:14 UTC 2014,0.48,2,8,4,,
Wed Feb 12 17:41:23 UTC 2014,0.48,0,0,4,,
Wed Feb 12 17:41:40 UTC 2014,0.48,0,0,4,,
Wed Feb 12 17:41:52 UTC 2014,0.48,0,0,4,,
Wed Feb 12 17:41:59 UTC 2014,0.48,0,0,4,,
Wed Feb 12 17:42:14 UTC 2014,0.48,0,0,4,,
Wed Feb 12 17:42:29 UTC 2014,0.48,0,0,4,,
Wed Feb 12 17:42:36 UTC 2014,0.48,1.5,14,4,,
Wed Feb 12 17:42:50 UTC 2014,0.48,1.5,14,4,,
Wed Feb 12 17:42:59 UTC 2014,0.48,1.75,1,4,,
Wed Feb 12 17:43:06 UTC 2014,0.48,1.75,1,4,,
Wed Feb 12 17:43:20 UTC 2014,0.48,1.75,1,4,,
Wed Feb 12 17:43:27 UTC 2014,0.48,4,202,4,,
Wed Feb 12 17:43:39 UTC 2014,0.48,4,202,4,,
Wed Feb 12 17:43:50 UTC 2014,0.48,5.75,281,4,DataNodeServiceUnit_scaleOut,DataNodeServiceUnit
Wed Feb 12 17:44:13 UTC 2014,0.48,5.75,281,4,DataNodeServiceUnit_scaleOut,DataNodeServiceUnit
Wed Feb 12 17:44:23 UTC 2014,0.48,6.5,290,4,DataNodeServiceUnit_scaleOut,DataNodeServiceUnit
Wed Feb 12 17:44:36 UTC 2014,0.48,6.5,290,4,DataNodeServiceUnit_scaleOut,DataNodeServiceUnit
Wed Feb 12 17:44:47 UTC 2014,0.48,6,245,4,DataNodeServiceUnit_scaleOut,DataNodeServiceUnit
Wed Feb 12 17:44:58 UTC 2014,0.48,6,245,4,DataNodeServiceUnit_scaleOut,DataNodeServiceUnit
Wed Feb 12 17:45:09 UTC 2014,0.48,5.75,230,4,,
Wed Feb 12 17:45:18 UTC 2014,0.48,5.75,230,4,,
Wed Feb 12 17:45:27 UTC 2014,0.48,5.75,230,4,,
Wed Feb 12 17:45:38 UTC 2014,0.48,2.25,47,4,,
Wed Feb 12 17:45:54 UTC 2014,0.48,2.25,47,4,,
Wed Feb 12 17:46:02 UTC 2014,0.48,2.25,47,4,,
Wed Feb 12 17:46:13 UTC 2014,0.48,2.25,47,4,,
Wed Feb 12 17:46:25 UTC 2014,0.48,6.25,293,4,,
Wed Feb 12 17:46:35 UTC 2014,0.48,6.25,293,4,,
Wed Feb 12 17:46:50 UTC 2014,0.48,6.25,293,4,,
Wed Feb 12 17:47:00 UTC 2014,0.48,12.25,297,4,,
Wed Feb 12 17:47:08 UTC 2014,0.48,12.25,297,4,,
Wed Feb 12 17:47:18 UTC 2014,0.48,7.5,272,4,,
Wed Feb 12 17:47:32 UTC 2014,0.48,7.5,272,4,,
Wed Feb 12 17:47:42 UTC 2014,0.48,7.5,272,4,,
Wed Feb 12 17:47:51 UTC 2014,0.48,14,128,4,,
Wed Feb 12 17:47:58 UTC 2014,0.48,14,128,4,,
Wed Feb 12 17:48:10 UTC 2014,0.48,14,128,4,,
Wed Feb 12 17:48:19 UTC 2014,0.48,14,128,4,,
Wed Feb 12 17:48:33 UTC 2014,0.48,14,128,4,,
Wed Feb 12 17:48:45 UTC 2014,0.48,11,298,4,,
Wed Feb 12 17:48:58 UTC 2014,0.48,11,298,4,,
Wed Feb 12 17:49:12 UTC 2014,0.48,0,0,4,,
Wed Feb 12 17:49:20 UTC 2014,0.48,0,0,4,,
Wed Feb 12 17:49:26 UTC 2014,0.48,0,0,4,,
Wed Feb 12 17:49:42 UTC 2014,0.48,0,0,4,,
Wed Feb 12 17:49:51 UTC 2014,0.48,2.75,73,4,EventProcessingServiceUnit_scaleIn,EventProcessingServiceUnit
Wed Feb 12 17:50:06 UTC 2014,0.48,2.75,73,4,EventProcessingServiceUnit_scaleIn,EventProcessingServiceUnit
Wed Feb 12 17:50:16 UTC 2014,0.48,0,0,4,EventProcessingServiceUnit_scaleIn,EventProcessingServiceUnit
Wed Feb 12 17:50:29 UTC 2014,0.48,0,0,4,EventProcessingServiceUnit_scaleIn,EventProcessingServiceUnit
Wed Feb 12 17:50:45 UTC 2014,0.48,0,0,4,EventProcessingServiceUnit_scaleIn,EventProcessingServiceUnit
Wed Feb 12 17:51:00 UTC 2014,0.48,0,0,4,EventProcessingServiceUnit_scaleIn,EventProcessingServiceUnit
Wed Feb 12 17:51:11 UTC 2014,0.48,0,0,4,EventProcessingServiceUnit_scaleIn,EventProcessingServiceUnit
Wed Feb 12 17:51:25 UTC 2014,0.48,5,140,4,EventProcessingServiceUnit_scaleIn,EventProcessingServiceUnit
Wed Feb 12 17:51:36 UTC 2014,0.48,5,140,4,EventProcessingServiceUnit_scaleIn,EventProcessingServiceUnit
Wed Feb 12 17:51:47 UTC 2014,0.48,6.6667,46,4,EventProcessingServiceUnit_scaleIn,EventProcessingServiceUnit
Wed Feb 12 17:51:59 UTC 2014,0.48,6.6667,46,4,EventProcessingServiceUnit_scaleIn,EventProcessingServiceUnit
Wed Feb 12 17:52:14 UTC 2014,0.48,0,0,4,EventProcessingServiceUnit_scaleIn,EventProcessingServiceUnit
Wed Feb 12 17:52:27 UTC 2014,0.48,0,0,4,EventProcessingServiceUnit_scaleIn,EventProcessingServiceUnit
Wed Feb 12 17:52:43 UTC 2014,0.48,7.6667,171,4,EventProcessingServiceUnit_scaleIn,EventProcessingServiceUnit
Wed Feb 12 17:52:53 UTC 2014,0.48,7.6667,171,4,EventProcessingServiceUnit_scaleIn,EventProcessingServiceUnit
Wed Feb 12 17:53:05 UTC 2014,0.36,7.6667,171,3,,
Wed Feb 12 17:53:21 UTC 2014,0.36,6,135,3,,
Wed Feb 12 17:53:35 UTC 2014,0.36,6,135,3,,
Wed Feb 12 17:53:51 UTC 2014,0.36,5,19,3,,
Wed Feb 12 17:54:01 UTC 2014,0.36,5,19,3,,
Wed Feb 12 17:54:16 UTC 2014,0.36,7,125,3,,
Wed Feb 12 17:54:24 UTC 2014,0.36,7,125,3,,
Wed Feb 12 17:54:31 UTC 2014,0.36,7,125,3,,
Wed Feb 12 17:54:38 UTC 2014,0.36,7,125,3,,
Wed Feb 12 17:54:49 UTC 2014,0.36,7,125,3,,
Wed Feb 12 17:54:59 UTC 2014,0.36,7,125,3,,
Wed Feb 12 17:55:08 UTC 2014,0.36,6.3333,195,3,,
Wed Feb 12 17:55:17 UTC 2014,0.36,6.3333,195,3,,
Wed Feb 12 17:55:24 UTC 2014,0.36,6.6667,207,3,,
Wed Feb 12 17:55:37 UTC 2014,0.36,6.6667,207,3,,
Wed Feb 12 17:55:45 UTC 2014,0.36,6.6667,207,3,,
Wed Feb 12 17:55:54 UTC 2014,0.36,6.3333,153,3,,
Wed Feb 12 17:56:04 UTC 2014,0.36,6.3333,153,3,,
Wed Feb 12 17:56:16 UTC 2014,0.36,6.3333,153,3,,
Wed Feb 12 17:56:24 UTC 2014,0.36,5.6667,144,3,,
Wed Feb 12 17:56:30 UTC 2014,0.36,5.6667,144,3,,
Wed Feb 12 17:56:42 UTC 2014,0.36,2.3333,75,3,,
Wed Feb 12 17:56:53 UTC 2014,0.36,2.3333,75,3,,
Wed Feb 12 17:57:06 UTC 2014,0.36,5.6667,242,3,,
Wed Feb 12 17:57:18 UTC 2014,0.36,5.6667,242,3,,
Wed Feb 12 17:57:24 UTC 2014,0.36,5.6667,242,3,,
Wed Feb 12 17:57:35 UTC 2014,0.36,5.6667,242,3,EventProcessingServiceUnit_scaleOut,EventProcessingServiceUnit
Wed Feb 12 17:57:57 UTC 2014,0.36,5.6667,242,3,EventProcessingServiceUnit_scaleOut,EventProcessingServiceUnit
Wed Feb 12 17:58:09 UTC 2014,0.36,4,141,3,EventProcessingServiceUnit_scaleOut,EventProcessingServiceUnit
Wed Feb 12 17:58:23 UTC 2014,0.36,4,0,3,EventProcessingServiceUnit_scaleOut,EventProcessingServiceUnit
Wed Feb 12 17:58:34 UTC 2014,0.36,0,0,3,EventProcessingServiceUnit_scaleOut,EventProcessingServiceUnit
Wed Feb 12 17:58:46 UTC 2014,0.36,0,0,3,EventProcessingServiceUnit_scaleOut,EventProcessingServiceUnit
Wed Feb 12 17:58:57 UTC 2014,0.36,0,0,3,,
Wed Feb 12 17:59:06 UTC 2014,0.36,0,0,3,,
Wed Feb 12 17:59:14 UTC 2014,0.36,0,0,3,,
Wed Feb 12 17:59:20 UTC 2014,0.48,0,0,4,,
Wed Feb 12 17:59:31 UTC 2014,0.48,0,0,4,,
Wed Feb 12 17:59:49 UTC 2014,0.48,0,0,4,,
Wed Feb 12 18:00:01 UTC 2014,0.48,0,0,4,,
Wed Feb 12 18:00:12 UTC 2014,0.48,0.75,39,4,,
Wed Feb 12 18:00:20 UTC 2014,0.48,0.75,39,4,,
Wed Feb 12 18:00:33 UTC 2014,0.48,0.75,39,4,,
Wed Feb 12 18:00:40 UTC 2014,0.48,0,0,4,,
Wed Feb 12 18:00:48 UTC 2014,0.48,0,0,4,,
Wed Feb 12 18:00:55 UTC 2014,0.48,0,0,4,,
Wed Feb 12 18:01:05 UTC 2014,0.48,4.25,97,4,,
Wed Feb 12 18:01:19 UTC 2014,0.48,4.25,97,4,,
Wed Feb 12 18:01:33 UTC 2014,0.48,3.5,86,4,,
Wed Feb 12 18:01:46 UTC 2014,0.48,3.5,86,4,,
Wed Feb 12 18:01:54 UTC 2014,0.48,3.5,86,4,,
Wed Feb 12 18:02:01 UTC 2014,0.48,3.5,86,4,,
Wed Feb 12 18:02:09 UTC 2014,0.48,5.5,194,4,DataNodeServiceUnit_scaleIn,DataNodeServiceUnit
Wed Feb 12 18:02:26 UTC 2014,0.48,5.5,194,4,DataNodeServiceUnit_scaleIn,DataNodeServiceUnit
Wed Feb 12 18:02:43 UTC 2014,0.48,6,272,4,DataNodeServiceUnit_scaleIn,DataNodeServiceUnit
Wed Feb 12 18:03:00 UTC 2014,0.48,6,272,4,DataNodeServiceUnit_scaleIn,DataNodeServiceUnit
Wed Feb 12 18:03:11 UTC 2014,0.48,7.5,353,4,DataNodeServiceUnit_scaleIn,DataNodeServiceUnit
Wed Feb 12 18:03:22 UTC 2014,0.48,7.5,353,4,DataNodeServiceUnit_scaleIn,DataNodeServiceUnit
Wed Feb 12 18:03:32 UTC 2014,0.48,7.5,93,4,DataNodeServiceUnit_scaleIn,DataNodeServiceUnit
Wed Feb 12 18:03:43 UTC 2014,0.48,25.25,93,4,DataNodeServiceUnit_scaleIn,DataNodeServiceUnit
Wed Feb 12 18:03:54 UTC 2014,0.48,25.25,93,4,DataNodeServiceUnit_scaleIn,DataNodeServiceUnit
Wed Feb 12 18:04:03 UTC 2014,0.48,4.5,22,4,DataNodeServiceUnit_scaleIn,DataNodeServiceUnit
Wed Feb 12 18:04:14 UTC 2014,0.48,4.5,22,4,DataNodeServiceUnit_scaleIn,DataNodeServiceUnit
Wed Feb 12 18:04:26 UTC 2014,0.48,5.75,275,4,DataNodeServiceUnit_scaleIn,DataNodeServiceUnit
Wed Feb 12 18:04:37 UTC 2014,0.48,5.75,275,4,DataNodeServiceUnit_scaleIn,DataNodeServiceUnit
Wed Feb 12 18:04:48 UTC 2014,0.48,6.25,345,4,DataNodeServiceUnit_scaleIn,DataNodeServiceUnit
Wed Feb 12 18:05:01 UTC 2014,0.48,6.25,345,4,DataNodeServiceUnit_scaleIn,DataNodeServiceUnit
Wed Feb 12 18:05:17 UTC 2014,0.48,5.25,188,4,DataNodeServiceUnit_scaleIn,DataNodeServiceUnit
Wed Feb 12 18:05:30 UTC 2014,0.48,5.25,188,4,DataNodeServiceUnit_scaleIn,DataNodeServiceUnit
Wed Feb 12 18:05:41 UTC 2014,0.48,5.5,148,4,DataNodeServiceUnit_scaleIn,DataNodeServiceUnit
Wed Feb 12 18:05:56 UTC 2014,0.48,5.5,148,4,DataNodeServiceUnit_scaleIn,DataNodeServiceUnit
Wed Feb 12 18:06:10 UTC 2014,0.48,0,0,4,DataNodeServiceUnit_scaleIn,DataNodeServiceUnit
Wed Feb 12 18:06:28 UTC 2014,0.48,0,0,4,DataNodeServiceUnit_scaleIn,DataNodeServiceUnit
Wed Feb 12 18:06:38 UTC 2014,0.48,0,0,4,,
Wed Feb 12 18:06:45 UTC 2014,0.48,0,0,4,,
Wed Feb 12 18:06:53 UTC 2014,0.48,0,0,4,,
Wed Feb 12 18:07:02 UTC 2014,0.48,0,0,4,,
Wed Feb 12 18:07:14 UTC 2014,0.48,1.25,1,4,DataNodeServiceUnit_scaleIn,DataNodeServiceUnit
Wed Feb 12 18:07:28 UTC 2014,0.48,1.25,1,4,DataNodeServiceUnit_scaleIn,DataNodeServiceUnit
Wed Feb 12 18:07:39 UTC 2014,0.48,1.25,1,4,DataNodeServiceUnit_scaleIn,DataNodeServiceUnit
Wed Feb 12 18:07:54 UTC 2014,0.48,2.25,50,4,DataNodeServiceUnit_scaleIn,DataNodeServiceUnit
Wed Feb 12 18:08:05 UTC 2014,0.48,2.25,50,4,DataNodeServiceUnit_scaleIn,DataNodeServiceUnit
Wed Feb 12 18:08:17 UTC 2014,0.48,0,0,4,DataNodeServiceUnit_scaleIn,DataNodeServiceUnit
Wed Feb 12 18:08:28 UTC 2014,0.48,0,0,4,DataNodeServiceUnit_scaleIn,DataNodeServiceUnit
Wed Feb 12 18:08:39 UTC 2014,0.48,0,0,4,DataNodeServiceUnit_scaleIn,DataNodeServiceUnit
Wed Feb 12 18:08:52 UTC 2014,0.48,0,0,4,DataNodeServiceUnit_scaleIn,DataNodeServiceUnit
Wed Feb 12 18:09:03 UTC 2014,0.48,0,0,4,DataNodeServiceUnit_scaleIn,DataNodeServiceUnit
Wed Feb 12 18:09:12 UTC 2014,0.48,1.5,23,4,DataNodeServiceUnit_scaleIn,DataNodeServiceUnit
Wed Feb 12 18:09:25 UTC 2014,0.48,1.5,23,4,DataNodeServiceUnit_scaleIn,DataNodeServiceUnit
Wed Feb 12 18:09:35 UTC 2014,0.48,0,0,4,DataNodeServiceUnit_scaleIn,DataNodeServiceUnit
Wed Feb 12 18:09:46 UTC 2014,0.48,0,0,4,DataNodeServiceUnit_scaleIn,DataNodeServiceUnit
Wed Feb 12 18:10:03 UTC 2014,0.48,0,0,4,DataNodeServiceUnit_scaleIn,DataNodeServiceUnit
Wed Feb 12 18:10:16 UTC 2014,0.48,5.25,195,4,DataNodeServiceUnit_scaleIn,DataNodeServiceUnit
Wed Feb 12 18:10:30 UTC 2014,0.48,3.5,148,4,DataNodeServiceUnit_scaleIn,DataNodeServiceUnit
Wed Feb 12 18:10:44 UTC 2014,0.48,3.5,148,4,DataNodeServiceUnit_scaleIn,DataNodeServiceUnit
Wed Feb 12 18:10:55 UTC 2014,0.48,6,125,4,DataNodeServiceUnit_scaleIn,DataNodeServiceUnit
Wed Feb 12 18:11:06 UTC 2014,0.48,6,125,4,DataNodeServiceUnit_scaleIn,DataNodeServiceUnit
Wed Feb 12 18:11:18 UTC 2014,0.48,6,125,4,,
Wed Feb 12 18:11:30 UTC 2014,0.48,6,125,4,,
Wed Feb 12 18:11:36 UTC 2014,0.48,3.5,154,4,,
Wed Feb 12 18:11:43 UTC 2014,0.48,4.75,150,4,,
Wed Feb 12 18:12:03 UTC 2014,0.48,4.75,150,4,,
Wed Feb 12 18:12:10 UTC 2014,0.48,4.75,150,4,,
Wed Feb 12 18:12:32 UTC 2014,0.48,4.75,249,4,,
Wed Feb 12 18:12:45 UTC 2014,0.48,4.75,249,4,,
Wed Feb 12 18:12:51 UTC 2014,0.48,4.5,170,4,,
Wed Feb 12 18:13:09 UTC 2014,0.48,4.5,170,4,,
Wed Feb 12 18:13:19 UTC 2014,0.48,4.5,170,4,,
Wed Feb 12 18:13:30 UTC 2014,0.48,4.5,170,4,,
Wed Feb 12 18:13:36 UTC 2014,0.48,4.5,170,4,,
Wed Feb 12 18:13:44 UTC 2014,0.48,4.5,123,4,,
Wed Feb 12 18:13:56 UTC 2014,0.48,4.5,123,4,,
Wed Feb 12 18:14:05 UTC 2014,0.48,3.25,149,4,,
Wed Feb 12 18:14:16 UTC 2014,0.48,3.25,149,4,,
Wed Feb 12 18:14:23 UTC 2014,0.48,3.25,149,4,,
Wed Feb 12 18:14:30 UTC 2014,0.48,4.5,208,4,,
Wed Feb 12 18:14:42 UTC 2014,0.48,4.5,208,4,DataNodeServiceUnit_scaleOut,DataNodeServiceUnit
Wed Feb 12 18:14:56 UTC 2014,0.48,2.25,23,4,DataNodeServiceUnit_scaleOut,DataNodeServiceUnit
Wed Feb 12 18:15:08 UTC 2014,0.48,2.25,0,4,DataNodeServiceUnit_scaleOut,DataNodeServiceUnit
Wed Feb 12 18:15:23 UTC 2014,0.48,0,0,4,DataNodeServiceUnit_scaleOut,DataNodeServiceUnit
Wed Feb 12 18:15:34 UTC 2014,0.48,0,0,4,DataNodeServiceUnit_scaleOut,DataNodeServiceUnit
Wed Feb 12 18:15:51 UTC 2014,0.48,0,0,4,,
Wed Feb 12 18:15:59 UTC 2014,0.48,0,0,4,,
Wed Feb 12 18:16:14 UTC 2014,0.48,0,0,4,,
Wed Feb 12 18:16:27 UTC 2014,0.48,0,0,4,,
Wed Feb 12 18:16:35 UTC 2014,0.48,0,0,4,,
Wed Feb 12 18:16:50 UTC 2014,0.48,0,0,4,,
Wed Feb 12 18:16:57 UTC 2014,0.48,0,0,4,,
Wed Feb 12 18:17:09 UTC 2014,0.48,0,0,4,,
Wed Feb 12 18:17:19 UTC 2014,0.48,0,0,4,,
Wed Feb 12 18:17:32 UTC 2014,0.48,0,0,4,,
Wed Feb 12 18:17:43 UTC 2014,0.48,0,0,4,,
Wed Feb 12 18:17:52 UTC 2014,0.48,4,104,4,,
Wed Feb 12 18:18:05 UTC 2014,0.48,4,104,4,,
Wed Feb 12 18:18:17 UTC 2014,0.48,0,0,4,,
Wed Feb 12 18:18:29 UTC 2014,0.48,6.25,257,4,,
Wed Feb 12 18:18:43 UTC 2014,0.48,6.25,257,4,,
Wed Feb 12 18:18:54 UTC 2014,0.48,6.25,257,4,,
Wed Feb 12 18:19:09 UTC 2014,0.48,6.25,257,4,,
Wed Feb 12 18:19:24 UTC 2014,0.48,6.25,257,4,,
Wed Feb 12 18:19:31 UTC 2014,0.48,8.25,188,4,,
Wed Feb 12 18:19:41 UTC 2014,0.48,8.25,188,4,,
Wed Feb 12 18:19:53 UTC 2014,0.48,8,217,4,,
Wed Feb 12 18:20:00 UTC 2014,0.48,8,217,4,,
Wed Feb 12 18:20:20 UTC 2014,0.48,8.25,172,4,,
Wed Feb 12 18:20:32 UTC 2014,0.48,8.25,172,4,,
Wed Feb 12 18:20:40 UTC 2014,0.48,17.25,192,4,,
Wed Feb 12 18:21:02 UTC 2014,0.48,17.25,192,4,,
Wed Feb 12 18:21:09 UTC 2014,0.48,17.25,209,4,EventProcessingServiceUnit_scaleIn,EventProcessingServiceUnit
Wed Feb 12 18:21:37 UTC 2014,0.48,4.75,209,4,EventProcessingServiceUnit_scaleIn,EventProcessingServiceUnit
Wed Feb 12 18:21:49 UTC 2014,0.48,4.75,209,4,EventProcessingServiceUnit_scaleIn,EventProcessingServiceUnit
Wed Feb 12 18:22:00 UTC 2014,0.48,4.75,209,4,EventProcessingServiceUnit_scaleIn,EventProcessingServiceUnit
Wed Feb 12 18:22:12 UTC 2014,0.48,4.75,209,4,EventProcessingServiceUnit_scaleIn,EventProcessingServiceUnit
Wed Feb 12 18:22:22 UTC 2014,0.48,1.25,96,4,EventProcessingServiceUnit_scaleIn,EventProcessingServiceUnit
Wed Feb 12 18:22:33 UTC 2014,0.48,1.25,96,4,EventProcessingServiceUnit_scaleIn,EventProcessingServiceUnit
Wed Feb 12 18:22:48 UTC 2014,0.48,1.25,96,4,EventProcessingServiceUnit_scaleIn,EventProcessingServiceUnit
Wed Feb 12 18:23:05 UTC 2014,0.48,1.25,96,4,EventProcessingServiceUnit_scaleIn,EventProcessingServiceUnit
Wed Feb 12 18:23:17 UTC 2014,0.48,5.5,282,4,EventProcessingServiceUnit_scaleIn,EventProcessingServiceUnit
Wed Feb 12 18:23:32 UTC 2014,0.48,5.5,282,4,EventProcessingServiceUnit_scaleIn,EventProcessingServiceUnit
Wed Feb 12 18:23:45 UTC 2014,0.48,5.3333,258,4,EventProcessingServiceUnit_scaleIn,EventProcessingServiceUnit
Wed Feb 12 18:24:01 UTC 2014,0.48,5.3333,0,3,EventProcessingServiceUnit_scaleIn,EventProcessingServiceUnit
Wed Feb 12 18:24:16 UTC 2014,0.36,0,0,3,,
Wed Feb 12 18:24:23 UTC 2014,0.36,0,0,3,,
Wed Feb 12 18:24:32 UTC 2014,0.36,0,0,3,,
Wed Feb 12 18:24:41 UTC 2014,0.36,0,0,3,,
Wed Feb 12 18:24:46 UTC 2014,0.36,0,0,3,,
Wed Feb 12 18:25:00 UTC 2014,0.36,0,0,3,,
Wed Feb 12 18:25:12 UTC 2014,0.36,0,0,3,,
Wed Feb 12 18:25:30 UTC 2014,0.36,0,0,3,,
Wed Feb 12 18:25:36 UTC 2014,0.36,0,0,3,,
Wed Feb 12 18:25:48 UTC 2014,0.36,0,0,3,,
Wed Feb 12 18:26:01 UTC 2014,0.36,0,0,3,,
Wed Feb 12 18:26:08 UTC 2014,0.36,0,0,3,,
Wed Feb 12 18:26:15 UTC 2014,0.36,8,78,3,,
Wed Feb 12 18:26:24 UTC 2014,0.36,8,78,3,,
Wed Feb 12 18:26:34 UTC 2014,0.36,8,78,3,DataNodeServiceUnit_scaleOut,DataNodeServiceUnit
Wed Feb 12 18:26:45 UTC 2014,0.36,2,38,3,DataNodeServiceUnit_scaleOut,DataNodeServiceUnit
Wed Feb 12 18:27:05 UTC 2014,0.36,0,0,3,DataNodeServiceUnit_scaleOut,DataNodeServiceUnit
Wed Feb 12 18:27:20 UTC 2014,0.36,5.3333,324,3,DataNodeServiceUnit_scaleOut,DataNodeServiceUnit
Wed Feb 12 18:27:34 UTC 2014,0.36,5.3333,324,3,DataNodeServiceUnit_scaleOut,DataNodeServiceUnit
Wed Feb 12 18:27:50 UTC 2014,0.36,5.3333,324,3,,
Wed Feb 12 18:28:01 UTC 2014,0.36,4.6667,275,3,,
Wed Feb 12 18:28:14 UTC 2014,0.36,4.6667,275,3,,
Wed Feb 12 18:28:25 UTC 2014,0.36,5.3333,208,3,,
Wed Feb 12 18:28:33 UTC 2014,0.36,5.3333,208,3,,
Wed Feb 12 18:28:53 UTC 2014,0.36,5.6667,126,3,,
Wed Feb 12 18:29:04 UTC 2014,0.36,5.6667,126,3,,
Wed Feb 12 18:29:19 UTC 2014,0.36,5.6667,126,3,,
Wed Feb 12 18:29:32 UTC 2014,0.36,5.6667,126,3,,
Wed Feb 12 18:29:45 UTC 2014,0.36,7.6667,168,3,,
Wed Feb 12 18:29:56 UTC 2014,0.36,7.6667,168,3,,
Wed Feb 12 18:30:07 UTC 2014,0.36,6.6667,131,3,EventProcessingServiceUnit_scaleOut,EventProcessingServiceUnit
Wed Feb 12 18:30:22 UTC 2014,0.36,7.6667,213,3,EventProcessingServiceUnit_scaleOut,EventProcessingServiceUnit
Wed Feb 12 18:30:39 UTC 2014,0.36,7.6667,213,3,EventProcessingServiceUnit_scaleOut,EventProcessingServiceUnit
Wed Feb 12 18:30:50 UTC 2014,0.36,7.6667,213,3,EventProcessingServiceUnit_scaleOut,EventProcessingServiceUnit
Wed Feb 12 18:31:04 UTC 2014,0.36,5.6667,285,3,EventProcessingServiceUnit_scaleOut,EventProcessingServiceUnit
Wed Feb 12 18:31:17 UTC 2014,0.36,5.6667,285,3,EventProcessingServiceUnit_scaleOut,EventProcessingServiceUnit
Wed Feb 12 18:31:28 UTC 2014,0.48,5.6667,285,4,,
Wed Feb 12 18:31:39 UTC 2014,0.48,5.6667,285,4,,
Wed Feb 12 18:31:49 UTC 2014,0.48,7.3333,78,4,,
Wed Feb 12 18:32:06 UTC 2014,0.48,7.3333,78,4,,
Wed Feb 12 18:32:15 UTC 2014,0.48,7.3333,78,4,,
Wed Feb 12 18:32:24 UTC 2014,0.48,0,0,4,,
Wed Feb 12 18:32:39 UTC 2014,0.48,0,0,4,,
Wed Feb 12 18:32:52 UTC 2014,0.48,0,0,4,,
Wed Feb 12 18:33:05 UTC 2014,0.48,0,0,4,,
Wed Feb 12 18:33:11 UTC 2014,0.48,0,0,4,,
Wed Feb 12 18:33:25 UTC 2014,0.48,0,0,4,,
Wed Feb 12 18:33:32 UTC 2014,0.48,0,0,4,DataNodeServiceUnit_scaleIn,DataNodeServiceUnit
Wed Feb 12 18:33:52 UTC 2014,0.48,0,0,4,DataNodeServiceUnit_scaleIn,DataNodeServiceUnit
Wed Feb 12 18:34:07 UTC 2014,0.48,0,0,4,DataNodeServiceUnit_scaleIn,DataNodeServiceUnit
Wed Feb 12 18:34:20 UTC 2014,0.48,0,0,4,DataNodeServiceUnit_scaleIn,DataNodeServiceUnit
Wed Feb 12 18:34:33 UTC 2014,0.48,0,0,4,DataNodeServiceUnit_scaleIn,DataNodeServiceUnit
Wed Feb 12 18:34:47 UTC 2014,0.48,0,0,4,DataNodeServiceUnit_scaleIn,DataNodeServiceUnit
Wed Feb 12 18:34:57 UTC 2014,0.48,5,77,4,DataNodeServiceUnit_scaleIn,DataNodeServiceUnit
Wed Feb 12 18:35:09 UTC 2014,0.48,5,77,4,DataNodeServiceUnit_scaleIn,DataNodeServiceUnit
Wed Feb 12 18:35:22 UTC 2014,0.48,5,77,4,DataNodeServiceUnit_scaleIn,DataNodeServiceUnit
Wed Feb 12 18:35:32 UTC 2014,0.48,0,0,4,DataNodeServiceUnit_scaleIn,DataNodeServiceUnit
Wed Feb 12 18:35:44 UTC 2014,0.48,0,0,4,DataNodeServiceUnit_scaleIn,DataNodeServiceUnit
Wed Feb 12 18:36:00 UTC 2014,0.48,0,0,4,DataNodeServiceUnit_scaleIn,DataNodeServiceUnit
Wed Feb 12 18:36:10 UTC 2014,0.48,0,0,4,DataNodeServiceUnit_scaleIn,DataNodeServiceUnit
Wed Feb 12 18:36:22 UTC 2014,0.48,7.5,216,4,DataNodeServiceUnit_scaleIn,DataNodeServiceUnit
Wed Feb 12 18:36:36 UTC 2014,0.48,7.5,216,4,DataNodeServiceUnit_scaleIn,DataNodeServiceUnit
Wed Feb 12 18:36:52 UTC 2014,0.48,6,343,4,DataNodeServiceUnit_scaleIn,DataNodeServiceUnit
Wed Feb 12 18:37:03 UTC 2014,0.48,4.25,87,4,DataNodeServiceUnit_scaleIn,DataNodeServiceUnit
Wed Feb 12 18:37:19 UTC 2014,0.48,4.25,87,4,DataNodeServiceUnit_scaleIn,DataNodeServiceUnit
Wed Feb 12 18:37:30 UTC 2014,0.48,4.25,87,4,DataNodeServiceUnit_scaleIn,DataNodeServiceUnit
Wed Feb 12 18:37:45 UTC 2014,0.48,4.25,87,4,DataNodeServiceUnit_scaleIn,DataNodeServiceUnit
Wed Feb 12 18:37:58 UTC 2014,0.48,9,324,4,,
Wed Feb 12 18:38:06 UTC 2014,0.48,9,324,4,,
Wed Feb 12 18:38:21 UTC 2014,0.48,5.75,187,4,,
Wed Feb 12 18:38:29 UTC 2014,0.48,5.75,187,4,,
Wed Feb 12 18:38:47 UTC 2014,0.48,5,188,4,,
Wed Feb 12 18:38:58 UTC 2014,0.48,5,188,4,,
Wed Feb 12 18:39:13 UTC 2014,0.48,5.25,112,4,,
Wed Feb 12 18:39:24 UTC 2014,0.48,5.25,112,4,,
Wed Feb 12 18:39:37 UTC 2014,0.48,6,109,4,,
Wed Feb 12 18:39:44 UTC 2014,0.48,6,109,4,,
Wed Feb 12 18:40:00 UTC 2014,0.48,5.5,153,4,,
Wed Feb 12 18:40:10 UTC 2014,0.48,5.5,153,4,,
Wed Feb 12 18:40:28 UTC 2014,0.48,5.5,153,4,,
Wed Feb 12 18:40:45 UTC 2014,0.48,5.5,153,4,,
Wed Feb 12 18:40:56 UTC 2014,0.48,9,144,4,,
Wed Feb 12 18:41:12 UTC 2014,0.48,9,144,4,,
Wed Feb 12 18:41:20 UTC 2014,0.48,9,144,4,,
Wed Feb 12 18:41:36 UTC 2014,0.48,4.25,91,4,,
Wed Feb 12 18:41:46 UTC 2014,0.48,4.25,91,4,EventProcessingServiceUnit_scaleIn,EventProcessingServiceUnit
Wed Feb 12 18:42:01 UTC 2014,0.48,0,0,4,EventProcessingServiceUnit_scaleIn,EventProcessingServiceUnit
Wed Feb 12 18:42:13 UTC 2014,0.48,0,0,4,EventProcessingServiceUnit_scaleIn,EventProcessingServiceUnit
Wed Feb 12 18:42:30 UTC 2014,0.48,0,0,4,EventProcessingServiceUnit_scaleIn,EventProcessingServiceUnit
Wed Feb 12 18:42:40 UTC 2014,0.48,0,0,4,EventProcessingServiceUnit_scaleIn,EventProcessingServiceUnit
Wed Feb 12 18:42:52 UTC 2014,0.48,0,0,4,EventProcessingServiceUnit_scaleIn,EventProcessingServiceUnit
Wed Feb 12 18:43:04 UTC 2014,0.48,0,0,4,EventProcessingServiceUnit_scaleIn,EventProcessingServiceUnit
Wed Feb 12 18:43:25 UTC 2014,0.48,0,0,4,EventProcessingServiceUnit_scaleIn,EventProcessingServiceUnit
Wed Feb 12 18:43:37 UTC 2014,0.48,0,0,4,EventProcessingServiceUnit_scaleIn,EventProcessingServiceUnit
Wed Feb 12 18:43:48 UTC 2014,0.48,0,0,4,EventProcessingServiceUnit_scaleIn,EventProcessingServiceUnit
Wed Feb 12 18:44:03 UTC 2014,0.48,0,0,4,EventProcessingServiceUnit_scaleIn,EventProcessingServiceUnit
Wed Feb 12 18:44:14 UTC 2014,0.48,0,0,4,EventProcessingServiceUnit_scaleIn,EventProcessingServiceUnit
Wed Feb 12 18:44:29 UTC 2014,0.48,1.3333,87,4,EventProcessingServiceUnit_scaleIn,EventProcessingServiceUnit
Wed Feb 12 18:44:39 UTC 2014,0.36,5,179,3,,
Wed Feb 12 18:44:57 UTC 2014,0.36,5,179,3,,
Wed Feb 12 18:45:10 UTC 2014,0.36,5.3333,149,3,,
Wed Feb 12 18:45:26 UTC 2014,0.36,5.3333,149,3,,
Wed Feb 12 18:45:37 UTC 2014,0.36,5.3333,149,3,,
Wed Feb 12 18:45:51 UTC 2014,0.36,5.3333,149,3,,
Wed Feb 12 18:46:05 UTC 2014,0.36,4,161,3,,
Wed Feb 12 18:46:21 UTC 2014,0.36,3,16,3,,
Wed Feb 12 18:46:31 UTC 2014,0.36,3,16,3,,
Wed Feb 12 18:46:39 UTC 2014,0.36,3,16,3,,
Wed Feb 12 18:46:47 UTC 2014,0.36,4.6667,173,3,,
Wed Feb 12 18:47:00 UTC 2014,0.36,4.6667,173,3,,
Wed Feb 12 18:47:09 UTC 2014,0.36,4.6667,303,3,,
Wed Feb 12 18:47:27 UTC 2014,0.36,4.3333,185,3,,
Wed Feb 12 18:47:38 UTC 2014,0.36,4.3333,185,3,DataNodeServiceUnit_scaleIn,DataNodeServiceUnit
Wed Feb 12 18:47:53 UTC 2014,0.36,5.3333,282,3,DataNodeServiceUnit_scaleIn,DataNodeServiceUnit
Wed Feb 12 18:48:05 UTC 2014,0.36,5.3333,282,3,DataNodeServiceUnit_scaleIn,DataNodeServiceUnit
Wed Feb 12 18:48:17 UTC 2014,0.36,0,0,3,DataNodeServiceUnit_scaleIn,DataNodeServiceUnit
Wed Feb 12 18:48:33 UTC 2014,0.36,0,0,3,DataNodeServiceUnit_scaleIn,DataNodeServiceUnit
Wed Feb 12 18:48:45 UTC 2014,0.36,0,0,3,DataNodeServiceUnit_scaleIn,DataNodeServiceUnit
Wed Feb 12 18:49:00 UTC 2014,0.36,0,0,3,DataNodeServiceUnit_scaleIn,DataNodeServiceUnit
Wed Feb 12 18:49:16 UTC 2014,0.36,0,0,3,DataNodeServiceUnit_scaleIn,DataNodeServiceUnit
Wed Feb 12 18:49:30 UTC 2014,0.36,0,0,3,DataNodeServiceUnit_scaleIn,DataNodeServiceUnit
Wed Feb 12 18:49:42 UTC 2014,0.36,0,0,3,DataNodeServiceUnit_scaleIn,DataNodeServiceUnit
Wed Feb 12 18:49:54 UTC 2014,0.36,0,0,3,DataNodeServiceUnit_scaleIn,DataNodeServiceUnit
Wed Feb 12 18:50:05 UTC 2014,0.36,1.6667,3,3,DataNodeServiceUnit_scaleIn,DataNodeServiceUnit
Wed Feb 12 18:50:16 UTC 2014,0.36,1.6667,3,3,DataNodeServiceUnit_scaleIn,DataNodeServiceUnit
Wed Feb 12 18:50:30 UTC 2014,0.36,1.6667,29,3,DataNodeServiceUnit_scaleIn,DataNodeServiceUnit
Wed Feb 12 18:50:41 UTC 2014,0.36,1.6667,0,3,DataNodeServiceUnit_scaleIn,DataNodeServiceUnit
Wed Feb 12 18:50:56 UTC 2014,0.36,0,0,3,DataNodeServiceUnit_scaleIn,DataNodeServiceUnit
Wed Feb 12 18:51:10 UTC 2014,0.36,0,0,3,DataNodeServiceUnit_scaleIn,DataNodeServiceUnit
Wed Feb 12 18:51:24 UTC 2014,0.36,0,0,3,,
Wed Feb 12 18:51:33 UTC 2014,0.36,0,0,3,,
Wed Feb 12 18:51:42 UTC 2014,0.36,0,0,3,,
Wed Feb 12 18:51:58 UTC 2014,0.36,1.6667,103,3,,
Wed Feb 12 18:52:05 UTC 2014,0.36,1.6667,103,3,,
Wed Feb 12 18:52:13 UTC 2014,0.36,1.6667,103,3,,
Wed Feb 12 18:52:20 UTC 2014,0.36,0,0,3,,
Wed Feb 12 18:52:36 UTC 2014,0.36,3.3333,137,3,,
Wed Feb 12 18:52:45 UTC 2014,0.36,3.3333,137,3,,
Wed Feb 12 18:52:56 UTC 2014,0.36,3.3333,137,3,,
Wed Feb 12 18:53:08 UTC 2014,0.36,4.6667,261,3,,
Wed Feb 12 18:53:24 UTC 2014,0.36,4.3333,241,3,EventProcessingServiceUnit_scaleIn,EventProcessingServiceUnit
Wed Feb 12 18:53:45 UTC 2014,0.36,4.3333,241,3,EventProcessingServiceUnit_scaleIn,EventProcessingServiceUnit
Wed Feb 12 18:53:59 UTC 2014,0.36,4,210,3,EventProcessingServiceUnit_scaleIn,EventProcessingServiceUnit
Wed Feb 12 18:54:14 UTC 2014,0.36,4.3333,228,3,EventProcessingServiceUnit_scaleIn,EventProcessingServiceUnit
Wed Feb 12 18:54:30 UTC 2014,0.36,4.3333,100,3,EventProcessingServiceUnit_scaleIn,EventProcessingServiceUnit
Wed Feb 12 18:54:42 UTC 2014,0.36,5.3333,100,3,EventProcessingServiceUnit_scaleIn,EventProcessingServiceUnit
Wed Feb 12 18:54:53 UTC 2014,0.36,5.3333,100,3,EventProcessingServiceUnit_scaleIn,EventProcessingServiceUnit
Wed Feb 12 18:55:07 UTC 2014,0.36,3.6667,2,3,EventProcessingServiceUnit_scaleIn,EventProcessingServiceUnit
Wed Feb 12 18:55:21 UTC 2014,0.36,3.6667,2,3,EventProcessingServiceUnit_scaleIn,EventProcessingServiceUnit
Wed Feb 12 18:55:36 UTC 2014,0.36,5,215,3,EventProcessingServiceUnit_scaleIn,EventProcessingServiceUnit
Wed Feb 12 18:55:48 UTC 2014,0.36,4.5,206,3,EventProcessingServiceUnit_scaleIn,EventProcessingServiceUnit
Wed Feb 12 18:56:04 UTC 2014,0.36,4.5,217,3,EventProcessingServiceUnit_scaleIn,EventProcessingServiceUnit
Wed Feb 12 18:56:15 UTC 2014,0.36,3.5,232,3,EventProcessingServiceUnit_scaleIn,EventProcessingServiceUnit
Wed Feb 12 18:56:27 UTC 2014,0.36,3.5,145,2,EventProcessingServiceUnit_scaleIn,EventProcessingServiceUnit
Wed Feb 12 18:56:42 UTC 2014,0.24,4,145,2,,
Wed Feb 12 18:56:53 UTC 2014,0.24,4,145,2,,
Wed Feb 12 18:57:12 UTC 2014,0.24,4.5,254,2,,
Wed Feb 12 18:57:25 UTC 2014,0.24,4.5,260,2,,
Wed Feb 12 18:57:36 UTC 2014,0.24,4.5,260,2,DataNodeServiceUnit_scaleOut,DataNodeServiceUnit
Wed Feb 12 18:57:55 UTC 2014,0.24,0,0,2,DataNodeServiceUnit_scaleOut,DataNodeServiceUnit
Wed Feb 12 18:58:12 UTC 2014,0.24,2.5,61,2,DataNodeServiceUnit_scaleOut,DataNodeServiceUnit
Wed Feb 12 18:58:25 UTC 2014,0.24,2.5,61,2,DataNodeServiceUnit_scaleOut,DataNodeServiceUnit
Wed Feb 12 18:58:36 UTC 2014,0.24,0,0,2,DataNodeServiceUnit_scaleOut,DataNodeServiceUnit
Wed Feb 12 18:58:48 UTC 2014,0.24,0,0,2,DataNodeServiceUnit_scaleOut,DataNodeServiceUnit
Wed Feb 12 18:59:05 UTC 2014,0.24,0,0,2,,
Wed Feb 12 18:59:19 UTC 2014,0.24,0,0,2,,
Wed Feb 12 18:59:26 UTC 2014,0.24,0,0,2,,
Wed Feb 12 18:59:34 UTC 2014,0.24,0,0,2,,
Wed Feb 12 18:59:45 UTC 2014,0.24,0,0,2,,
Wed Feb 12 18:59:58 UTC 2014,0.24,0,0,2,,
Wed Feb 12 19:00:14 UTC 2014,0.24,0,0,2,,
Wed Feb 12 19:00:26 UTC 2014,0.24,0,0,2,,
Wed Feb 12 19:00:38 UTC 2014,0.24,0,0,2,,
Wed Feb 12 19:00:51 UTC 2014,0.24,0,0,2,,
Wed Feb 12 19:01:00 UTC 2014,0.24,6,39,2,,
Wed Feb 12 19:01:14 UTC 2014,0.24,6,39,2,,
Wed Feb 12 19:01:26 UTC 2014,0.24,9.5,198,2,,
Wed Feb 12 19:01:38 UTC 2014,0.24,11,171,2,,
Wed Feb 12 19:01:57 UTC 2014,0.24,5.5,143,2,,
Wed Feb 12 19:02:15 UTC 2014,0.24,5.5,143,2,,
Wed Feb 12 19:02:31 UTC 2014,0.24,8,242,2,,
Wed Feb 12 19:02:39 UTC 2014,0.24,8,242,2,,
Wed Feb 12 19:02:46 UTC 2014,0.24,7,145,2,EventProcessingServiceUnit_scaleIn,EventProcessingServiceUnit
Wed Feb 12 19:02:57 UTC 2014,0.24,7,145,2,EventProcessingServiceUnit_scaleIn,EventProcessingServiceUnit
Wed Feb 12 19:03:13 UTC 2014,0.24,7,145,2,EventProcessingServiceUnit_scaleIn,EventProcessingServiceUnit
Wed Feb 12 19:03:27 UTC 2014,0.24,5,303,2,EventProcessingServiceUnit_scaleIn,EventProcessingServiceUnit
Wed Feb 12 19:03:38 UTC 2014,0.24,5,303,2,EventProcessingServiceUnit_scaleIn,EventProcessingServiceUnit
Wed Feb 12 19:03:53 UTC 2014,0.24,4.5,24,2,EventProcessingServiceUnit_scaleIn,EventProcessingServiceUnit
Wed Feb 12 19:04:03 UTC 2014,0.24,-0.5,-1,2,EventProcessingServiceUnit_scaleIn,EventProcessingServiceUnit
Wed Feb 12 19:04:15 UTC 2014,0.24,-0.5,-1,2,EventProcessingServiceUnit_scaleIn,EventProcessingServiceUnit
Wed Feb 12 19:04:27 UTC 2014,0.24,3,239,2,EventProcessingServiceUnit_scaleIn,EventProcessingServiceUnit
Wed Feb 12 19:04:38 UTC 2014,0.24,3,239,2,EventProcessingServiceUnit_scaleIn,EventProcessingServiceUnit
Wed Feb 12 19:04:53 UTC 2014,0.24,4,66,2,EventProcessingServiceUnit_scaleIn,EventProcessingServiceUnit
Wed Feb 12 19:05:10 UTC 2014,0.24,0,0,2,EventProcessingServiceUnit_scaleIn,EventProcessingServiceUnit
Wed Feb 12 19:05:25 UTC 2014,0.24,4,167,2,EventProcessingServiceUnit_scaleIn,EventProcessingServiceUnit
Wed Feb 12 19:05:38 UTC 2014,0.12,4,188,1,,
Wed Feb 12 19:05:48 UTC 2014,0.12,4,188,1,,
Wed Feb 12 19:06:07 UTC 2014,0.12,4,188,1,,
Wed Feb 12 19:06:16 UTC 2014,0.12,5,165,1,,
Wed Feb 12 19:06:30 UTC 2014,0.12,5,158,1,,
Wed Feb 12 19:06:48 UTC 2014,0.12,5,158,1,,
Wed Feb 12 19:07:04 UTC 2014,0.12,5,6,1,,
Wed Feb 12 19:07:16 UTC 2014,0.12,4,156,1,,
Wed Feb 12 19:07:33 UTC 2014,0.12,4,156,1,,
Wed Feb 12 19:07:45 UTC 2014,0.12,4,197,1,,
Wed Feb 12 19:07:52 UTC 2014,0.12,4,197,1,,
Wed Feb 12 19:08:02 UTC 2014,0.12,5,212,1,,
Wed Feb 12 19:08:18 UTC 2014,0.12,5,212,1,,
Wed Feb 12 19:08:27 UTC 2014,0.12,4,165,1,EventProcessingServiceUnit_scaleIn,EventProcessingServiceUnit
Wed Feb 12 19:08:47 UTC 2014,0.12,0,0,1,,
Wed Feb 12 19:09:00 UTC 2014,0.12,0,0,1,,
Wed Feb 12 19:09:07 UTC 2014,0.12,4,46,1,,
Wed Feb 12 19:09:25 UTC 2014,0.12,0,0,1,,
Wed Feb 12 19:09:33 UTC 2014,0.12,0,0,1,,
Wed Feb 12 19:09:40 UTC 2014,0.12,0,0,1,,
Wed Feb 12 19:09:56 UTC 2014,0.12,0,0,1,,
Wed Feb 12 19:10:04 UTC 2014,0.12,0,0,1,,
Wed Feb 12 19:10:11 UTC 2014,0.12,0,0,1,,
Wed Feb 12 19:10:19 UTC 2014,0.12,0,0,1,,
Wed Feb 12 19:10:27 UTC 2014,0.12,0,0,1,,
Wed Feb 12 19:10:43 UTC 2014,0.12,0,0,1,,
Wed Feb 12 19:10:51 UTC 2014,0.12,0,0,1,,
Wed Feb 12 19:10:58 UTC 2014,0.12,0,0,1,,
Wed Feb 12 19:11:15 UTC 2014,0.12,0,0,1,,
Wed Feb 12 19:11:27 UTC 2014,0.12,0,0,1,,
Wed Feb 12 19:11:44 UTC 2014,0.12,0,0,1,,
Wed Feb 12 19:12:00 UTC 2014,0.12,0,0,1,,
Wed Feb 12 19:12:16 UTC 2014,0.12,3,275,1,,
Wed Feb 12 19:12:28 UTC 2014,0.12,3,275,1,,
Wed Feb 12 19:12:35 UTC 2014,0.12,27,35,1,,
Wed Feb 12 19:12:45 UTC 2014,0.12,0,0,1,,
Wed Feb 12 19:13:03 UTC 2014,0.12,0,0,1,,
Wed Feb 12 19:13:16 UTC 2014,0.12,2,336,1,,
Wed Feb 12 19:13:33 UTC 2014,0.12,3,28,1,DataNodeServiceUnit_scaleOut,DataNodeServiceUnit
Wed Feb 12 19:13:48 UTC 2014,0.12,43,58,1,DataNodeServiceUnit_scaleOut,DataNodeServiceUnit
Wed Feb 12 19:14:00 UTC 2014,0.12,43,58,1,DataNodeServiceUnit_scaleOut,DataNodeServiceUnit
Wed Feb 12 19:14:11 UTC 2014,0.12,3,18,1,DataNodeServiceUnit_scaleOut,DataNodeServiceUnit
Wed Feb 12 19:14:28 UTC 2014,0.12,4,10,1,DataNodeServiceUnit_scaleOut,DataNodeServiceUnit
Wed Feb 12 19:14:38 UTC 2014,0.12,4,246,1,,
Wed Feb 12 19:14:51 UTC 2014,0.12,3,246,1,,
Wed Feb 12 19:14:58 UTC 2014,0.12,3,188,1,,
Wed Feb 12 19:15:12 UTC 2014,0.12,3,188,1,,
Wed Feb 12 19:15:19 UTC 2014,0.12,6,32,1,,
Wed Feb 12 19:15:31 UTC 2014,0.12,410,4,1,,
Wed Feb 12 19:15:48 UTC 2014,0.12,410,4,1,,
Wed Feb 12 19:16:00 UTC 2014,0.12,5,169,1,,
Wed Feb 12 19:16:08 UTC 2014,0.12,5,169,1,,
Wed Feb 12 19:16:17 UTC 2014,0.12,5,169,1,,
Wed Feb 12 19:16:26 UTC 2014,0.12,4,167,1,,
Wed Feb 12 19:16:40 UTC 2014,0.12,7,123,1,,
Wed Feb 12 19:16:46 UTC 2014,0.12,7,123,1,,
Wed Feb 12 19:16:59 UTC 2014,0.12,8,0,1,,
Wed Feb 12 19:17:19 UTC 2014,0.12,8,0,1,,
Wed Feb 12 19:17:26 UTC 2014,0.12,7,171,1,,
Wed Feb 12 19:17:31 UTC 2014,0.12,7,171,1,,
Wed Feb 12 19:17:45 UTC 2014,0.12,8,154,1,EventProcessingServiceUnit_scaleOut,EventProcessingServiceUnit
Wed Feb 12 19:17:57 UTC 2014,0.12,7,121,1,EventProcessingServiceUnit_scaleOut,EventProcessingServiceUnit
Wed Feb 12 19:18:13 UTC 2014,0.12,7,121,1,EventProcessingServiceUnit_scaleOut,EventProcessingServiceUnit
Wed Feb 12 19:18:31 UTC 2014,0.12,6,131,1,EventProcessingServiceUnit_scaleOut,EventProcessingServiceUnit
Wed Feb 12 19:18:46 UTC 2014,0.12,65,163,2,EventProcessingServiceUnit_scaleOut,EventProcessingServiceUnit
Wed Feb 12 19:18:59 UTC 2014,0.24,65,163,2,,
Wed Feb 12 19:19:09 UTC 2014,0.24,6,151,2,,
Wed Feb 12 19:19:21 UTC 2014,0.24,6,151,2,,
Wed Feb 12 19:19:33 UTC 2014,0.24,-0.5,128,2,,
Wed Feb 12 19:19:47 UTC 2014,0.24,-0.5,128,2,,
Wed Feb 12 19:20:02 UTC 2014,0.24,8.5,205,2,,
Wed Feb 12 19:20:12 UTC 2014,0.24,8.5,205,2,,
Wed Feb 12 19:20:19 UTC 2014,0.24,8.5,205,2,,
Wed Feb 12 19:20:27 UTC 2014,0.24,6,286,2,,
Wed Feb 12 19:20:41 UTC 2014,0.24,6,286,2,,
Wed Feb 12 19:20:52 UTC 2014,0.24,3,30,2,,
Wed Feb 12 19:21:07 UTC 2014,0.24,0,0,2,,
Wed Feb 12 19:21:21 UTC 2014,0.24,0,0,2,,
Wed Feb 12 19:21:34 UTC 2014,0.24,0,0,2,,
Wed Feb 12 19:21:50 UTC 2014,0.24,0,0,2,,
Wed Feb 12 19:22:00 UTC 2014,0.24,0,0,2,,
Wed Feb 12 19:22:18 UTC 2014,0.24,0,0,2,,
Wed Feb 12 19:22:29 UTC 2014,0.24,0,0,2,,
Wed Feb 12 19:22:42 UTC 2014,0.24,7,72,2,DataNodeServiceUnit_scaleOut,DataNodeServiceUnit
Wed Feb 12 19:22:59 UTC 2014,0.24,7,72,2,DataNodeServiceUnit_scaleOut,DataNodeServiceUnit
Wed Feb 12 19:23:09 UTC 2014,0.24,0,0,2,DataNodeServiceUnit_scaleOut,DataNodeServiceUnit
Wed Feb 12 19:23:20 UTC 2014,0.24,0,0,2,DataNodeServiceUnit_scaleOut,DataNodeServiceUnit
Wed Feb 12 19:23:35 UTC 2014,0.24,0,0,2,DataNodeServiceUnit_scaleOut,DataNodeServiceUnit
Wed Feb 12 19:23:46 UTC 2014,0.24,0,0,2,DataNodeServiceUnit_scaleOut,DataNodeServiceUnit
Wed Feb 12 19:24:00 UTC 2014,0.24,0,0,2,,
Wed Feb 12 19:24:13 UTC 2014,0.24,0,0,2,,
Wed Feb 12 19:24:27 UTC 2014,0.24,5.5,231,2,,
Wed Feb 12 19:24:42 UTC 2014,0.24,5.5,231,2,,
Wed Feb 12 19:24:53 UTC 2014,0.24,5.5,231,2,,
Wed Feb 12 19:25:13 UTC 2014,0.24,5,248,2,,
Wed Feb 12 19:25:25 UTC 2014,0.24,5,248,2,,
Wed Feb 12 19:25:37 UTC 2014,0.24,7,238,2,,
Wed Feb 12 19:25:47 UTC 2014,0.24,7,238,2,,
Wed Feb 12 19:25:59 UTC 2014,0.24,7.5,221,2,,
Wed Feb 12 19:26:16 UTC 2014,0.24,7.5,221,2,,
Wed Feb 12 19:26:27 UTC 2014,0.24,7.5,221,2,,
Wed Feb 12 19:26:34 UTC 2014,0.24,6.5,294,2,DataNodeServiceUnit_scaleOut,DataNodeServiceUnit
Wed Feb 12 19:26:46 UTC 2014,0.24,6.5,294,2,DataNodeServiceUnit_scaleOut,DataNodeServiceUnit
Wed Feb 12 19:27:05 UTC 2014,0.24,5,334,2,DataNodeServiceUnit_scaleOut,DataNodeServiceUnit
Wed Feb 12 19:27:25 UTC 2014,0.24,5,175,2,DataNodeServiceUnit_scaleOut,DataNodeServiceUnit
Wed Feb 12 19:27:43 UTC 2014,0.24,5,175,2,DataNodeServiceUnit_scaleOut,DataNodeServiceUnit
Wed Feb 12 19:27:53 UTC 2014,0.24,5,175,2,,
Wed Feb 12 19:28:05 UTC 2014,0.24,6,210,2,,
Wed Feb 12 19:28:20 UTC 2014,0.24,6,227,2,,
Wed Feb 12 19:28:34 UTC 2014,0.24,6,227,2,,
Wed Feb 12 19:28:45 UTC 2014,0.24,6,227,2,,
Wed Feb 12 19:28:59 UTC 2014,0.24,15,68,2,,
Wed Feb 12 19:29:16 UTC 2014,0.24,15,68,2,,
Wed Feb 12 19:29:27 UTC 2014,0.24,0,0,2,,
Wed Feb 12 19:29:45 UTC 2014,0.24,0,0,2,,
Wed Feb 12 19:30:02 UTC 2014,0.24,5,122,2,,
Wed Feb 12 19:30:17 UTC 2014,0.24,5,122,2,,
Wed Feb 12 19:30:24 UTC 2014,0.24,5,122,2,,
Wed Feb 12 19:30:35 UTC 2014,0.24,5,122,2,,
Wed Feb 12 19:30:47 UTC 2014,0.24,0,0,2,,
Wed Feb 12 19:31:07 UTC 2014,0.24,0,0,2,,
Wed Feb 12 19:31:14 UTC 2014,0.24,0,0,2,DataNodeServiceUnit_scaleOut,DataNodeServiceUnit
Wed Feb 12 19:31:27 UTC 2014,0.24,0,0,2,DataNodeServiceUnit_scaleOut,DataNodeServiceUnit
Wed Feb 12 19:31:44 UTC 2014,0.24,0,0,2,DataNodeServiceUnit_scaleOut,DataNodeServiceUnit
Wed Feb 12 19:31:56 UTC 2014,0.24,0,0,2,DataNodeServiceUnit_scaleOut,DataNodeServiceUnit
Wed Feb 12 19:32:12 UTC 2014,0.24,0,0,2,,
Wed Feb 12 19:32:19 UTC 2014,0.24,0,0,2,,
Wed Feb 12 19:32:27 UTC 2014,0.24,0,0,2,,
Wed Feb 12 19:32:39 UTC 2014,0.24,0,0,2,,
Wed Feb 12 19:32:49 UTC 2014,0.24,0,0,2,,
Wed Feb 12 19:32:56 UTC 2014,0.24,0,0,2,,
Wed Feb 12 19:33:13 UTC 2014,0.24,0,0,2,,
Wed Feb 12 19:33:30 UTC 2014,0.24,6.5,174,2,EventProcessingServiceUnit_scaleIn,EventProcessingServiceUnit
Wed Feb 12 19:33:43 UTC 2014,0.24,6.5,174,2,EventProcessingServiceUnit_scaleIn,EventProcessingServiceUnit
Wed Feb 12 19:33:56 UTC 2014,0.24,6.5,174,2,EventProcessingServiceUnit_scaleIn,EventProcessingServiceUnit
Wed Feb 12 19:34:07 UTC 2014,0.24,5.5,108,2,EventProcessingServiceUnit_scaleIn,EventProcessingServiceUnit
Wed Feb 12 19:34:19 UTC 2014,0.24,5.5,108,2,EventProcessingServiceUnit_scaleIn,EventProcessingServiceUnit
Wed Feb 12 19:34:37 UTC 2014,0.24,3,74,2,EventProcessingServiceUnit_scaleIn,EventProcessingServiceUnit
Wed Feb 12 19:34:49 UTC 2014,0.24,3,74,2,EventProcessingServiceUnit_scaleIn,EventProcessingServiceUnit
Wed Feb 12 19:35:09 UTC 2014,0.24,3,65,2,EventProcessingServiceUnit_scaleIn,EventProcessingServiceUnit
Wed Feb 12 19:35:19 UTC 2014,0.24,3,65,2,EventProcessingServiceUnit_scaleIn,EventProcessingServiceUnit
Wed Feb 12 19:35:31 UTC 2014,0.24,3,65,2,EventProcessingServiceUnit_scaleIn,EventProcessingServiceUnit
Wed Feb 12 19:35:48 UTC 2014,0.24,3.5,126,2,EventProcessingServiceUnit_scaleIn,EventProcessingServiceUnit
Wed Feb 12 19:35:59 UTC 2014,0.24,3.5,126,2,EventProcessingServiceUnit_scaleIn,EventProcessingServiceUnit
Wed Feb 12 19:36:12 UTC 2014,0.12,6,141,1,,
Wed Feb 12 19:36:26 UTC 2014,0.12,6,141,1,,
Wed Feb 12 19:36:38 UTC 2014,0.12,6,141,1,,
Wed Feb 12 19:36:45 UTC 2014,0.12,8,130,1,,
Wed Feb 12 19:36:59 UTC 2014,0.12,8,130,1,,
Wed Feb 12 19:37:12 UTC 2014,0.12,8,130,1,,
Wed Feb 12 19:37:21 UTC 2014,0.12,8,130,1,,
Wed Feb 12 19:37:27 UTC 2014,0.12,8,130,1,,
Wed Feb 12 19:37:40 UTC 2014,0.12,8,130,1,,
Wed Feb 12 19:37:48 UTC 2014,0.12,7,118,1,,
Wed Feb 12 19:37:53 UTC 2014,0.12,7,118,1,,
Wed Feb 12 19:38:01 UTC 2014,0.12,7,118,1,DataNodeServiceUnit_scaleIn,DataNodeServiceUnit
Wed Feb 12 19:38:25 UTC 2014,0.12,7,126,1,DataNodeServiceUnit_scaleIn,DataNodeServiceUnit
Wed Feb 12 19:38:37 UTC 2014,0.12,7,126,1,DataNodeServiceUnit_scaleIn,DataNodeServiceUnit
Wed Feb 12 19:38:49 UTC 2014,0.12,7,151,1,DataNodeServiceUnit_scaleIn,DataNodeServiceUnit
Wed Feb 12 19:39:01 UTC 2014,0.12,7,151,1,DataNodeServiceUnit_scaleIn,DataNodeServiceUnit
Wed Feb 12 19:39:13 UTC 2014,0.12,7,151,1,DataNodeServiceUnit_scaleIn,DataNodeServiceUnit
Wed Feb 12 19:39:24 UTC 2014,0.12,8,117,1,DataNodeServiceUnit_scaleIn,DataNodeServiceUnit
Wed Feb 12 19:39:37 UTC 2014,0.12,8,117,1,DataNodeServiceUnit_scaleIn,DataNodeServiceUnit
Wed Feb 12 19:39:53 UTC 2014,0.12,7,127,1,DataNodeServiceUnit_scaleIn,DataNodeServiceUnit
Wed Feb 12 19:40:09 UTC 2014,0.12,7,127,1,DataNodeServiceUnit_scaleIn,DataNodeServiceUnit
Wed Feb 12 19:40:21 UTC 2014,0.12,7,0,1,DataNodeServiceUnit_scaleIn,DataNodeServiceUnit
Wed Feb 12 19:40:33 UTC 2014,0.12,0,0,1,DataNodeServiceUnit_scaleIn,DataNodeServiceUnit
Wed Feb 12 19:40:43 UTC 2014,0.12,0,0,1,DataNodeServiceUnit_scaleIn,DataNodeServiceUnit
Wed Feb 12 19:40:54 UTC 2014,0.12,0,0,1,DataNodeServiceUnit_scaleIn,DataNodeServiceUnit
Wed Feb 12 19:41:10 UTC 2014,0.12,0,0,1,DataNodeServiceUnit_scaleIn,DataNodeServiceUnit
Wed Feb 12 19:41:20 UTC 2014,0.12,0,0,1,DataNodeServiceUnit_scaleIn,DataNodeServiceUnit
Wed Feb 12 19:41:39 UTC 2014,0.12,0,0,1,,
Wed Feb 12 19:41:51 UTC 2014,0.12,0,0,1,,
Wed Feb 12 19:42:04 UTC 2014,0.12,0,0,1,,
Wed Feb 12 19:42:14 UTC 2014,0.12,0,0,1,,
Wed Feb 12 19:42:23 UTC 2014,0.12,0,0,1,,
Wed Feb 12 19:42:33 UTC 2014,0.12,0,0,1,EventProcessingServiceUnit_scaleIn,EventProcessingServiceUnit
Wed Feb 12 19:42:50 UTC 2014,0.12,0,0,1,,
Wed Feb 12 19:43:07 UTC 2014,0.12,0,0,1,,
Wed Feb 12 19:43:18 UTC 2014,0.12,0,0,1,,
Wed Feb 12 19:43:32 UTC 2014,0.12,0,0,1,,
Wed Feb 12 19:43:48 UTC 2014,0.12,7,152,1,,
Wed Feb 12 19:44:04 UTC 2014,0.12,7,152,1,,
Wed Feb 12 19:44:17 UTC 2014,0.12,7,141,1,,
Wed Feb 12 19:44:31 UTC 2014,0.12,7,141,1,,
Wed Feb 12 19:44:43 UTC 2014,0.12,6,154,1,,
Wed Feb 12 19:45:00 UTC 2014,0.12,6,154,1,,
Wed Feb 12 19:45:16 UTC 2014,0.12,6,154,1,,
Wed Feb 12 19:45:26 UTC 2014,0.12,6,154,1,,
Wed Feb 12 19:45:32 UTC 2014,0.12,6,154,1,,
Wed Feb 12 19:45:40 UTC 2014,0.12,6,152,1,,
Wed Feb 12 19:45:59 UTC 2014,0.12,6,152,1,EventProcessingServiceUnit_scaleOut,EventProcessingServiceUnit
Wed Feb 12 19:46:16 UTC 2014,0.12,6,157,1,,
Wed Feb 12 19:46:24 UTC 2014,0.12,6,157,1,,
Wed Feb 12 19:46:34 UTC 2014,0.12,6,154,1,,
Wed Feb 12 19:46:46 UTC 2014,0.12,6,154,1,,
Wed Feb 12 19:46:54 UTC 2014,0.12,6,154,1,,
Wed Feb 12 19:47:03 UTC 2014,0.12,6,154,1,,
Wed Feb 12 19:47:10 UTC 2014,0.12,6,154,1,,
Wed Feb 12 19:47:18 UTC 2014,0.12,6,155,1,,
Wed Feb 12 19:47:29 UTC 2014,0.12,6,155,1,,
Wed Feb 12 19:47:48 UTC 2014,0.12,6,155,1,,
Wed Feb 12 19:47:59 UTC 2014,0.12,7,165,1,EventProcessingServiceUnit_scaleOut,EventProcessingServiceUnit
Wed Feb 12 19:48:16 UTC 2014,0.12,7,165,1,EventProcessingServiceUnit_scaleOut,EventProcessingServiceUnit
Wed Feb 12 19:48:32 UTC 2014,0.12,7,165,1,,
Wed Feb 12 19:48:40 UTC 2014,0.12,6,151,1,,
Wed Feb 12 19:48:55 UTC 2014,0.12,6,151,1,,
Wed Feb 12 19:49:10 UTC 2014,0.12,6,151,1,,
Wed Feb 12 19:49:25 UTC 2014,0.12,6,151,1,,
Wed Feb 12 19:49:35 UTC 2014,0.12,6,154,1,,
Wed Feb 12 19:49:46 UTC 2014,0.12,6,154,1,,
Wed Feb 12 19:49:52 UTC 2014,0.12,6,154,1,,
Wed Feb 12 19:50:04 UTC 2014,0.12,0,0,1,,
Wed Feb 12 19:50:21 UTC 2014,0.12,0,0,1,,
Wed Feb 12 19:50:31 UTC 2014,0.12,0,0,1,,
Wed Feb 12 19:50:37 UTC 2014,0.12,0,0,1,,
Wed Feb 12 19:50:47 UTC 2014,0.12,0,0,1,,
Wed Feb 12 19:50:54 UTC 2014,0.12,0,0,1,,
Wed Feb 12 19:51:03 UTC 2014,0.12,0,0,1,,
Wed Feb 12 19:51:21 UTC 2014,0.12,0,0,1,DataNodeServiceUnit_scaleIn,DataNodeServiceUnit
Wed Feb 12 19:51:42 UTC 2014,0.12,0,0,1,DataNodeServiceUnit_scaleIn,DataNodeServiceUnit
Wed Feb 12 19:51:59 UTC 2014,0.12,0,0,1,DataNodeServiceUnit_scaleIn,DataNodeServiceUnit
Wed Feb 12 19:52:10 UTC 2014,0.12,0,0,1,DataNodeServiceUnit_scaleIn,DataNodeServiceUnit
Wed Feb 12 19:52:23 UTC 2014,0.12,0,0,1,DataNodeServiceUnit_scaleIn,DataNodeServiceUnit
Wed Feb 12 19:52:38 UTC 2014,0.12,0,0,1,DataNodeServiceUnit_scaleIn,DataNodeServiceUnit
Wed Feb 12 19:52:51 UTC 2014,0.12,0,0,1,DataNodeServiceUnit_scaleIn,DataNodeServiceUnit
Wed Feb 12 19:53:06 UTC 2014,0.12,0,0,1,,
Wed Feb 12 19:53:17 UTC 2014,0.12,0,0,1,,
Wed Feb 12 19:53:27 UTC 2014,0.12,0,0,1,,
Wed Feb 12 19:53:48 UTC 2014,0.12,0,0,1,,
Wed Feb 12 19:54:07 UTC 2014,0.12,6,157,1,,
Wed Feb 12 19:54:18 UTC 2014,0.12,6,157,1,,
Wed Feb 12 19:54:31 UTC 2014,0.12,5,141,1,,
Wed Feb 12 19:54:45 UTC 2014,0.12,5,141,1,,
Wed Feb 12 19:54:59 UTC 2014,0.12,5,141,1,,
Wed Feb 12 19:55:12 UTC 2014,0.12,4,199,1,,
Wed Feb 12 19:55:27 UTC 2014,0.12,4,199,1,,
Wed Feb 12 19:55:42 UTC 2014,0.12,6,159,1,,
Wed Feb 12 19:55:58 UTC 2014,0.12,5,163,1,,
