Time ,cost ,responseTime ,throughput ,activeConnections,numberOfVMs , ongoingAction,actionTarget
Wed Feb 12 16:02:19 UTC 2014,0.24,6,138,165,2,EventProcessingServiceUnit_scaleIn,
Wed Feb 12 16:02:31 UTC 2014,0.24,6,145,57,2,EventProcessingServiceUnit_scaleIn,
Wed Feb 12 16:02:46 UTC 2014,0.24,6,145,57,2,,
Wed Feb 12 16:02:57 UTC 2014,0.24,6,145,57,2,,
Wed Feb 12 16:03:06 UTC 2014,0.24,6,153,17,2,,
Wed Feb 12 16:03:18 UTC 2014,0.24,6,33,181,2,,
Wed Feb 12 16:03:34 UTC 2014,0.24,6,33,181,2,,
Wed Feb 12 16:03:42 UTC 2014,0.24,7,136,110,2,,
Wed Feb 12 16:04:00 UTC 2014,0.24,7,136,110,2,,
Wed Feb 12 16:04:09 UTC 2014,0.24,5,170,70,2,,
Wed Feb 12 16:04:17 UTC 2014,0.24,7,146,34,2,,
Wed Feb 12 16:04:25 UTC 2014,0.24,7,146,34,2,,
Wed Feb 12 16:04:41 UTC 2014,0.24,8,144,183,2,,
Wed Feb 12 16:04:51 UTC 2014,0.24,6,139,310,2,,
Wed Feb 12 16:05:04 UTC 2014,0.24,7,125,61,2,,
Wed Feb 12 16:05:17 UTC 2014,0.24,6,128,0,2,,
Wed Feb 12 16:05:31 UTC 2014,0.24,6,141,205,2,,
Wed Feb 12 16:05:43 UTC 2014,0.24,6,171,322,2,,
Wed Feb 12 16:05:59 UTC 2014,0.24,6,143,63,2,,
Wed Feb 12 16:06:07 UTC 2014,0.24,6,143,63,2,,
Wed Feb 12 16:06:15 UTC 2014,0.24,6,143,63,2,,
Wed Feb 12 16:06:22 UTC 2014,0.24,6,151,23,2,,
Wed Feb 12 16:06:29 UTC 2014,0.24,7,13,184,2,,
Wed Feb 12 16:06:46 UTC 2014,0.24,6,154,180,2,,
Wed Feb 12 16:06:55 UTC 2014,0.24,6,154,180,2,,
Wed Feb 12 16:07:02 UTC 2014,0.24,6,146,188,2,EventProcessingServiceUnit_scaleOut,
Wed Feb 12 16:07:17 UTC 2014,0.24,7,129,208,2,EventProcessingServiceUnit_scaleOut,
Wed Feb 12 16:07:34 UTC 2014,0.24,6,155,290,2,EventProcessingServiceUnit_scaleOut,
Wed Feb 12 16:07:48 UTC 2014,0.24,5,89,80,2,EventProcessingServiceUnit_scaleOut,
Wed Feb 12 16:08:00 UTC 2014,0.24,0,0,30,2,EventProcessingServiceUnit_scaleOut,
Wed Feb 12 16:08:11 UTC 2014,0.24,0,0,30,2,EventProcessingServiceUnit_scaleOut,
Wed Feb 12 16:08:23 UTC 2014,0.24,7,146,0,2,EventProcessingServiceUnit_scaleOut,
Wed Feb 12 16:08:35 UTC 2014,0.24,0,0,0,2,,
Wed Feb 12 16:08:42 UTC 2014,0.36,0,0,0,3,,
Wed Feb 12 16:08:57 UTC 2014,0.36,0,0,0,3,,
Wed Feb 12 16:09:08 UTC 2014,0.36,-0.5,-1,0,3,,
Wed Feb 12 16:09:24 UTC 2014,0.36,0,0,0,3,,
Wed Feb 12 16:09:31 UTC 2014,0.36,0,0,0,3,,
Wed Feb 12 16:09:48 UTC 2014,0.36,0,0,0,3,,
Wed Feb 12 16:09:56 UTC 2014,0.36,4,13,0,3,,
Wed Feb 12 16:10:12 UTC 2014,0.36,0,0,0,3,,
Wed Feb 12 16:10:24 UTC 2014,0.36,0,0,0,3,,
Wed Feb 12 16:10:36 UTC 2014,0.36,0,0,0,3,,
Wed Feb 12 16:10:47 UTC 2014,0.36,0,0,0,3,,
Wed Feb 12 16:10:59 UTC 2014,0.36,0,0,0,3,,
Wed Feb 12 16:11:08 UTC 2014,0.36,0,0,0,3,,
Wed Feb 12 16:11:19 UTC 2014,0.36,0,0,0,3,,
Wed Feb 12 16:11:25 UTC 2014,0.36,0,0,0,3,,
Wed Feb 12 16:11:31 UTC 2014,0.36,0,0,0,3,DataNodeServiceUnit_scaleOut,
Wed Feb 12 16:11:44 UTC 2014,0.36,0,0,0,3,DataNodeServiceUnit_scaleOut,
Wed Feb 12 16:11:59 UTC 2014,0.36,2.5,42,0,3,DataNodeServiceUnit_scaleOut,
Wed Feb 12 16:12:13 UTC 2014,0.36,6,282,59,3,DataNodeServiceUnit_scaleOut,
Wed Feb 12 16:12:26 UTC 2014,0.36,5,264,128,3,DataNodeServiceUnit_scaleOut,
Wed Feb 12 16:12:38 UTC 2014,0.36,4,150,81,3,DataNodeServiceUnit_scaleOut,
Wed Feb 12 16:12:52 UTC 2014,0.36,9,171,98,3,,
Wed Feb 12 16:13:01 UTC 2014,0.36,9,171,98,3,,
Wed Feb 12 16:13:10 UTC 2014,0.36,9,171,98,3,,
Wed Feb 12 16:13:16 UTC 2014,0.36,637.5,211,32,3,,
Wed Feb 12 16:13:28 UTC 2014,0.36,4.5,128,63,3,,
Wed Feb 12 16:13:45 UTC 2014,0.36,4.5,120,184,3,EventProcessingServiceUnit_scaleOut,
Wed Feb 12 16:14:10 UTC 2014,0.36,6.5,120,184,3,EventProcessingServiceUnit_scaleOut,
Wed Feb 12 16:14:25 UTC 2014,0.36,8.5,194,23,3,EventProcessingServiceUnit_scaleOut,
Wed Feb 12 16:14:40 UTC 2014,0.36,5.5,221,208,3,EventProcessingServiceUnit_scaleOut,
Wed Feb 12 16:14:56 UTC 2014,0.36,5.5,221,208,3,EventProcessingServiceUnit_scaleOut,
Wed Feb 12 16:15:08 UTC 2014,0.48,5.5,124,262,4,,
Wed Feb 12 16:15:19 UTC 2014,0.48,5.5,124,262,4,,
Wed Feb 12 16:15:29 UTC 2014,0.48,7,188,77,4,,
Wed Feb 12 16:15:35 UTC 2014,0.48,2.3333,82,96,4,,
Wed Feb 12 16:15:49 UTC 2014,0.48,2.3333,82,96,4,,
Wed Feb 12 16:15:59 UTC 2014,0.48,7.6667,99,26,4,,
Wed Feb 12 16:16:16 UTC 2014,0.48,7.6667,99,26,4,,
Wed Feb 12 16:16:30 UTC 2014,0.48,7.6667,99,26,4,,
Wed Feb 12 16:16:40 UTC 2014,0.48,7,201,39,4,,
Wed Feb 12 16:16:52 UTC 2014,0.48,8.3333,186,194,4,EventProcessingServiceUnit_scaleOut,
Wed Feb 12 16:17:15 UTC 2014,0.48,8.3333,186,194,4,EventProcessingServiceUnit_scaleOut,
Wed Feb 12 16:17:29 UTC 2014,0.48,8.3333,186,194,4,EventProcessingServiceUnit_scaleOut,
Wed Feb 12 16:17:40 UTC 2014,0.48,8,194,190,4,EventProcessingServiceUnit_scaleOut,
Wed Feb 12 16:17:52 UTC 2014,0.48,8,194,0,4,EventProcessingServiceUnit_scaleOut,
Wed Feb 12 16:18:08 UTC 2014,0.48,0,0,0,4,EventProcessingServiceUnit_scaleOut,
Wed Feb 12 16:18:24 UTC 2014,0.6,0,0,0,5,,
Wed Feb 12 16:18:30 UTC 2014,0.6,0,0,0,5,,
Wed Feb 12 16:18:40 UTC 2014,0.6,1.6667,68,0,5,,
Wed Feb 12 16:18:56 UTC 2014,0.6,1.6667,68,0,5,,
Wed Feb 12 16:19:03 UTC 2014,0.6,1.6667,68,0,5,,
Wed Feb 12 16:19:18 UTC 2014,0.6,1.6667,68,0,5,,
Wed Feb 12 16:19:25 UTC 2014,0.6,-0.25,-1,0,5,,
Wed Feb 12 16:19:40 UTC 2014,0.6,-0.25,-1,0,5,,
Wed Feb 12 16:19:50 UTC 2014,0.6,-0.25,-1,0,5,,
Wed Feb 12 16:20:00 UTC 2014,0.6,0,0,0,5,,
Wed Feb 12 16:20:11 UTC 2014,0.6,0,0,0,5,,
Wed Feb 12 16:20:25 UTC 2014,0.6,3.25,23,107,5,EventProcessingServiceUnit_scaleIn,
Wed Feb 12 16:20:46 UTC 2014,0.6,3.25,23,0,5,EventProcessingServiceUnit_scaleIn,
Wed Feb 12 16:20:58 UTC 2014,0.6,5.25,167,0,5,EventProcessingServiceUnit_scaleIn,
Wed Feb 12 16:21:12 UTC 2014,0.6,0,0,0,5,EventProcessingServiceUnit_scaleIn,
Wed Feb 12 16:21:26 UTC 2014,0.6,0,0,0,5,EventProcessingServiceUnit_scaleIn,
Wed Feb 12 16:21:39 UTC 2014,0.6,2.5,21,0,5,EventProcessingServiceUnit_scaleIn,
Wed Feb 12 16:21:56 UTC 2014,0.6,2.5,21,0,5,EventProcessingServiceUnit_scaleIn,
Wed Feb 12 16:22:07 UTC 2014,0.6,2.5,21,0,5,EventProcessingServiceUnit_scaleIn,
Wed Feb 12 16:22:20 UTC 2014,0.6,2.5,21,37,5,EventProcessingServiceUnit_scaleIn,
Wed Feb 12 16:22:32 UTC 2014,0.6,8.75,242,37,5,EventProcessingServiceUnit_scaleIn,
Wed Feb 12 16:22:49 UTC 2014,0.6,8.25,201,197,5,EventProcessingServiceUnit_scaleIn,
Wed Feb 12 16:23:08 UTC 2014,0.6,8.25,201,197,5,EventProcessingServiceUnit_scaleIn,
Wed Feb 12 16:23:19 UTC 2014,0.6,8.25,201,197,4,EventProcessingServiceUnit_scaleIn,
Wed Feb 12 16:23:33 UTC 2014,0.48,6,185,350,4,,
Wed Feb 12 16:23:43 UTC 2014,0.48,7.6667,289,33,4,,
Wed Feb 12 16:23:56 UTC 2014,0.48,6.6667,175,273,4,,
Wed Feb 12 16:24:11 UTC 2014,0.48,6.6667,175,273,4,,
Wed Feb 12 16:24:24 UTC 2014,0.48,6.6667,175,273,4,,
Wed Feb 12 16:24:34 UTC 2014,0.48,6.6667,175,273,4,,
Wed Feb 12 16:24:42 UTC 2014,0.48,6.6667,175,273,4,,
Wed Feb 12 16:24:48 UTC 2014,0.48,5.6667,165,269,4,,
Wed Feb 12 16:25:04 UTC 2014,0.48,5.3333,238,166,4,,
Wed Feb 12 16:25:14 UTC 2014,0.48,5.3333,238,166,4,,
Wed Feb 12 16:25:25 UTC 2014,0.48,6.3333,192,78,4,,
Wed Feb 12 16:25:40 UTC 2014,0.48,5.3333,216,139,4,,
Wed Feb 12 16:25:49 UTC 2014,0.48,5.3333,216,139,4,,
Wed Feb 12 16:26:01 UTC 2014,0.48,5.3333,216,139,4,,
Wed Feb 12 16:26:18 UTC 2014,0.48,6,164,32,4,,
Wed Feb 12 16:26:29 UTC 2014,0.48,6,164,32,4,,
Wed Feb 12 16:26:37 UTC 2014,0.48,0,0,0,4,,
Wed Feb 12 16:26:51 UTC 2014,0.48,0,0,0,4,DataNodeServiceUnit_scaleIn,
Wed Feb 12 16:27:05 UTC 2014,0.48,0,0,0,4,DataNodeServiceUnit_scaleIn,
Wed Feb 12 16:27:20 UTC 2014,0.48,0,0,0,4,DataNodeServiceUnit_scaleIn,
Wed Feb 12 16:27:31 UTC 2014,0.48,0,0,0,4,DataNodeServiceUnit_scaleIn,
Wed Feb 12 16:27:48 UTC 2014,0.48,0,0,0,4,DataNodeServiceUnit_scaleIn,
Wed Feb 12 16:28:03 UTC 2014,0.48,0,0,0,4,DataNodeServiceUnit_scaleIn,
Wed Feb 12 16:28:15 UTC 2014,0.48,0,0,0,4,DataNodeServiceUnit_scaleIn,
Wed Feb 12 16:28:32 UTC 2014,0.48,0,0,0,4,DataNodeServiceUnit_scaleIn,
Wed Feb 12 16:28:44 UTC 2014,0.48,0,0,0,4,DataNodeServiceUnit_scaleIn,
Wed Feb 12 16:28:58 UTC 2014,0.48,0,0,0,4,DataNodeServiceUnit_scaleIn,
Wed Feb 12 16:29:10 UTC 2014,0.48,0,0,0,4,DataNodeServiceUnit_scaleIn,
Wed Feb 12 16:29:22 UTC 2014,0.48,0,0,0,4,DataNodeServiceUnit_scaleIn,
Wed Feb 12 16:29:36 UTC 2014,0.48,0,0,0,4,DataNodeServiceUnit_scaleIn,
Wed Feb 12 16:29:48 UTC 2014,0.48,0,0,0,4,DataNodeServiceUnit_scaleIn,
Wed Feb 12 16:30:07 UTC 2014,0.48,8.6667,178,30,4,DataNodeServiceUnit_scaleIn,
Wed Feb 12 16:30:18 UTC 2014,0.48,8.6667,178,30,4,,
Wed Feb 12 16:30:32 UTC 2014,0.48,9,221,51,4,,
Wed Feb 12 16:30:42 UTC 2014,0.48,9,221,51,4,,
Wed Feb 12 16:30:58 UTC 2014,0.48,9,221,51,4,,
Wed Feb 12 16:31:09 UTC 2014,0.48,7.3333,281,332,4,,
Wed Feb 12 16:31:14 UTC 2014,0.48,7.3333,281,332,4,,
Wed Feb 12 16:31:25 UTC 2014,0.48,6.6667,304,444,4,,
Wed Feb 12 16:31:39 UTC 2014,0.48,4,6,29,4,,
Wed Feb 12 16:31:55 UTC 2014,0.48,4,6,29,4,,
Wed Feb 12 16:32:04 UTC 2014,0.48,6,269,182,4,,
Wed Feb 12 16:32:16 UTC 2014,0.48,6,269,182,4,,
Wed Feb 12 16:32:27 UTC 2014,0.48,6,269,182,4,,
Wed Feb 12 16:32:33 UTC 2014,0.48,4.3333,286,214,4,,
Wed Feb 12 16:32:50 UTC 2014,0.48,7.6667,230,186,4,,
Wed Feb 12 16:33:04 UTC 2014,0.48,6.6667,161,305,4,,
Wed Feb 12 16:33:13 UTC 2014,0.48,6.6667,161,305,4,,
Wed Feb 12 16:33:24 UTC 2014,0.48,7,330,464,4,,
Wed Feb 12 16:33:37 UTC 2014,0.48,7,330,464,4,,
Wed Feb 12 16:33:44 UTC 2014,0.48,4.3333,81,226,4,,
Wed Feb 12 16:34:00 UTC 2014,0.48,4.3333,81,226,4,,
Wed Feb 12 16:34:07 UTC 2014,0.48,7.3333,31,154,4,,
Wed Feb 12 16:34:24 UTC 2014,0.48,7.3333,31,154,4,,
Wed Feb 12 16:34:37 UTC 2014,0.48,6.6667,320,29,4,EventProcessingServiceUnit_scaleOut,
Wed Feb 12 16:34:54 UTC 2014,0.48,4.3333,260,79,4,EventProcessingServiceUnit_scaleOut,
Wed Feb 12 16:35:08 UTC 2014,0.48,4.3333,260,79,4,EventProcessingServiceUnit_scaleOut,
Wed Feb 12 16:35:20 UTC 2014,0.48,12.6667,244,37,4,EventProcessingServiceUnit_scaleOut,
Wed Feb 12 16:35:33 UTC 2014,0.48,12.6667,244,37,4,EventProcessingServiceUnit_scaleOut,
Wed Feb 12 16:35:46 UTC 2014,0.48,6,176,219,4,EventProcessingServiceUnit_scaleOut,
Wed Feb 12 16:35:58 UTC 2014,0.48,6,176,219,4,EventProcessingServiceUnit_scaleOut,
Wed Feb 12 16:36:11 UTC 2014,0.6,4,159,212,5,,
Wed Feb 12 16:36:24 UTC 2014,0.6,4,159,212,5,,
Wed Feb 12 16:36:34 UTC 2014,0.6,5.6667,96,10,5,,
Wed Feb 12 16:36:47 UTC 2014,0.6,1.75,17,0,5,,
Wed Feb 12 16:37:00 UTC 2014,0.6,1.75,17,0,5,,
Wed Feb 12 16:37:14 UTC 2014,0.6,1.75,17,0,5,,
Wed Feb 12 16:37:29 UTC 2014,0.6,1.75,17,0,5,,
Wed Feb 12 16:37:36 UTC 2014,0.6,-0.25,-1,0,5,,
Wed Feb 12 16:37:48 UTC 2014,0.6,4.5,98,171,5,,
Wed Feb 12 16:38:00 UTC 2014,0.6,5.75,230,12,5,EventProcessingServiceUnit_scaleOut,
Wed Feb 12 16:38:21 UTC 2014,0.6,5.75,230,12,5,EventProcessingServiceUnit_scaleOut,
Wed Feb 12 16:38:33 UTC 2014,0.6,5.75,230,12,5,EventProcessingServiceUnit_scaleOut,
Wed Feb 12 16:38:45 UTC 2014,0.6,7.5,272,291,5,EventProcessingServiceUnit_scaleOut,
Wed Feb 12 16:38:59 UTC 2014,0.6,7.5,277,106,6,EventProcessingServiceUnit_scaleOut,
Wed Feb 12 16:39:14 UTC 2014,0.72,7,277,106,6,,
Wed Feb 12 16:39:22 UTC 2014,0.72,7,277,106,6,,
Wed Feb 12 16:39:35 UTC 2014,0.72,7,277,106,6,,
Wed Feb 12 16:39:51 UTC 2014,0.72,7.5,4,49,6,,
Wed Feb 12 16:40:06 UTC 2014,0.72,7.8,347,331,6,,
Wed Feb 12 16:40:14 UTC 2014,0.72,7.8,347,331,6,,
Wed Feb 12 16:40:24 UTC 2014,0.72,6.8,202,310,6,,
Wed Feb 12 16:40:36 UTC 2014,0.72,6.8,202,310,6,,
Wed Feb 12 16:40:52 UTC 2014,0.72,6.8,202,310,6,,
Wed Feb 12 16:41:08 UTC 2014,0.72,8.6,335,335,6,,
Wed Feb 12 16:41:20 UTC 2014,0.72,8.6,335,335,6,,
Wed Feb 12 16:41:27 UTC 2014,0.72,8.6,335,335,6,,
Wed Feb 12 16:41:34 UTC 2014,0.72,7.4,339,452,6,,
Wed Feb 12 16:41:43 UTC 2014,0.72,7.4,339,452,6,,
Wed Feb 12 16:41:50 UTC 2014,0.72,1.4,1,16,6,,
Wed Feb 12 16:42:07 UTC 2014,0.72,1.4,1,16,6,,
Wed Feb 12 16:42:18 UTC 2014,0.72,1.4,1,16,6,,
Wed Feb 12 16:42:27 UTC 2014,0.72,1.4,1,16,6,,
Wed Feb 12 16:42:33 UTC 2014,0.72,3.2,56,244,6,,
Wed Feb 12 16:42:41 UTC 2014,0.72,3.2,56,244,6,,
Wed Feb 12 16:42:48 UTC 2014,0.72,7.2,258,55,6,,
Wed Feb 12 16:43:07 UTC 2014,0.72,7.2,258,55,6,,
Wed Feb 12 16:43:14 UTC 2014,0.72,7.2,258,55,6,,
Wed Feb 12 16:43:24 UTC 2014,0.72,7.2,258,55,6,,
Wed Feb 12 16:43:31 UTC 2014,0.72,7.2,258,55,6,,
Wed Feb 12 16:43:38 UTC 2014,0.72,127,55,7,6,,
Wed Feb 12 16:43:50 UTC 2014,0.72,127,55,7,6,,
Wed Feb 12 16:43:59 UTC 2014,0.72,5.8,89,0,6,,
Wed Feb 12 16:44:05 UTC 2014,0.72,5.8,89,0,6,,
Wed Feb 12 16:44:12 UTC 2014,0.72,5.8,89,0,6,,
Wed Feb 12 16:44:19 UTC 2014,0.72,6.6,77,184,6,,
Wed Feb 12 16:44:30 UTC 2014,0.72,7.6,245,492,6,,
Wed Feb 12 16:44:47 UTC 2014,0.72,7.6,245,492,6,,
Wed Feb 12 16:44:55 UTC 2014,0.72,7.6,245,492,6,EventProcessingServiceUnit_scaleOut,
Wed Feb 12 16:45:20 UTC 2014,0.72,7.6,245,492,6,EventProcessingServiceUnit_scaleOut,
Wed Feb 12 16:45:32 UTC 2014,0.72,6.8,152,176,6,EventProcessingServiceUnit_scaleOut,
Wed Feb 12 16:45:48 UTC 2014,0.72,9.2,167,223,6,EventProcessingServiceUnit_scaleOut,
Wed Feb 12 16:46:03 UTC 2014,0.72,9.2,167,223,7,EventProcessingServiceUnit_scaleOut,
Wed Feb 12 16:46:22 UTC 2014,0.84,7,224,75,7,,
Wed Feb 12 16:46:33 UTC 2014,0.84,7,224,75,7,,
Wed Feb 12 16:46:41 UTC 2014,0.84,6,440,100,7,,
Wed Feb 12 16:46:48 UTC 2014,0.84,6,440,100,7,,
Wed Feb 12 16:47:01 UTC 2014,0.84,7,248,112,7,,
Wed Feb 12 16:47:16 UTC 2014,0.84,7,248,112,7,,
Wed Feb 12 16:47:34 UTC 2014,0.84,-0.1667,-1,0,7,EventProcessingServiceUnit_scaleIn,
Wed Feb 12 16:47:52 UTC 2014,0.84,9.6667,257,255,7,EventProcessingServiceUnit_scaleIn,
Wed Feb 12 16:48:04 UTC 2014,0.84,9.6667,257,255,7,EventProcessingServiceUnit_scaleIn,
Wed Feb 12 16:48:20 UTC 2014,0.84,9.6667,257,255,7,EventProcessingServiceUnit_scaleIn,
Wed Feb 12 16:48:35 UTC 2014,0.84,9.6667,257,255,7,EventProcessingServiceUnit_scaleIn,
Wed Feb 12 16:48:50 UTC 2014,0.84,7.6667,255,376,7,EventProcessingServiceUnit_scaleIn,
Wed Feb 12 16:49:02 UTC 2014,0.84,7.6667,255,376,7,EventProcessingServiceUnit_scaleIn,
Wed Feb 12 16:49:14 UTC 2014,0.84,4.1667,155,0,7,EventProcessingServiceUnit_scaleIn,
Wed Feb 12 16:49:26 UTC 2014,0.84,4.1667,155,0,7,EventProcessingServiceUnit_scaleIn,
Wed Feb 12 16:49:37 UTC 2014,0.84,2.5,26,0,7,EventProcessingServiceUnit_scaleIn,
Wed Feb 12 16:49:53 UTC 2014,0.84,2.5,26,0,7,EventProcessingServiceUnit_scaleIn,
Wed Feb 12 16:50:06 UTC 2014,0.84,5.6,69,18,7,EventProcessingServiceUnit_scaleIn,
Wed Feb 12 16:50:19 UTC 2014,0.84,5.6,69,18,7,,
Wed Feb 12 16:50:26 UTC 2014,0.72,2,21,0,6,,
Wed Feb 12 16:50:40 UTC 2014,0.72,2,21,0,6,,
Wed Feb 12 16:50:47 UTC 2014,0.72,2,21,0,6,,
Wed Feb 12 16:50:58 UTC 2014,0.72,2,21,0,6,,
Wed Feb 12 16:51:13 UTC 2014,0.72,2.2,51,218,6,,
Wed Feb 12 16:51:21 UTC 2014,0.72,2.2,3,73,6,,
Wed Feb 12 16:51:43 UTC 2014,0.72,2.8,66,6,6,,
Wed Feb 12 16:52:03 UTC 2014,0.72,2.8,66,6,6,,
Wed Feb 12 16:52:16 UTC 2014,0.72,2.8,66,6,6,,
Wed Feb 12 16:52:29 UTC 2014,0.72,2.8,66,6,6,,
Wed Feb 12 16:52:42 UTC 2014,0.72,7.8,167,221,6,,
Wed Feb 12 16:52:57 UTC 2014,0.72,7.8,167,221,6,,
Wed Feb 12 16:53:10 UTC 2014,0.72,8.6,405,514,6,,
Wed Feb 12 16:53:19 UTC 2014,0.72,8.6,405,514,6,,
Wed Feb 12 16:53:34 UTC 2014,0.72,8,67,6,6,,
Wed Feb 12 16:53:47 UTC 2014,0.72,8,67,6,6,,
Wed Feb 12 16:53:59 UTC 2014,0.72,8,67,6,6,,
Wed Feb 12 16:54:13 UTC 2014,0.72,8.6,162,209,6,,
Wed Feb 12 16:54:23 UTC 2014,0.72,8.6,162,209,6,,
Wed Feb 12 16:54:37 UTC 2014,0.72,7.4,306,412,6,,
Wed Feb 12 16:54:53 UTC 2014,0.72,7.4,306,412,6,,
Wed Feb 12 16:55:04 UTC 2014,0.72,7.4,306,412,6,,
Wed Feb 12 16:55:10 UTC 2014,0.72,6.4,137,55,6,,
Wed Feb 12 16:55:26 UTC 2014,0.72,6.4,137,55,6,,
Wed Feb 12 16:55:36 UTC 2014,0.72,6.4,137,55,6,,
Wed Feb 12 16:55:53 UTC 2014,0.72,5.4,31,109,6,DataNodeServiceUnit_scaleOut,
Wed Feb 12 16:56:17 UTC 2014,0.72,5.4,31,8,6,DataNodeServiceUnit_scaleOut,
Wed Feb 12 16:56:28 UTC 2014,0.72,6.4,39,8,6,DataNodeServiceUnit_scaleOut,
Wed Feb 12 16:56:44 UTC 2014,0.72,7.6,287,225,6,DataNodeServiceUnit_scaleOut,
Wed Feb 12 16:57:01 UTC 2014,0.72,7.6,287,225,6,DataNodeServiceUnit_scaleOut,
Wed Feb 12 16:57:12 UTC 2014,0.72,0,0,90,6,DataNodeServiceUnit_scaleOut,
Wed Feb 12 16:57:27 UTC 2014,0.72,0,0,90,6,,
Wed Feb 12 16:57:34 UTC 2014,0.72,0,0,90,6,,
Wed Feb 12 16:57:41 UTC 2014,0.72,0,0,90,6,,
Wed Feb 12 16:57:51 UTC 2014,0.72,0,0,0,6,,
Wed Feb 12 16:58:02 UTC 2014,0.72,0,0,0,6,,
Wed Feb 12 16:58:08 UTC 2014,0.72,0,0,0,6,,
Wed Feb 12 16:58:17 UTC 2014,0.72,0,0,0,6,,
Wed Feb 12 16:58:23 UTC 2014,0.72,0,0,0,6,,
Wed Feb 12 16:58:39 UTC 2014,0.72,0,0,0,6,,
Wed Feb 12 16:58:55 UTC 2014,0.72,0,0,0,6,,
Wed Feb 12 16:59:08 UTC 2014,0.72,0,0,0,6,,
Wed Feb 12 16:59:23 UTC 2014,0.72,0,0,0,6,,
Wed Feb 12 16:59:31 UTC 2014,0.72,0,0,0,6,,
Wed Feb 12 16:59:38 UTC 2014,0.72,0,0,0,6,,
Wed Feb 12 16:59:45 UTC 2014,0.72,0,0,0,6,,
Wed Feb 12 16:59:52 UTC 2014,0.72,0,0,0,6,,
Wed Feb 12 17:00:06 UTC 2014,0.72,0,0,0,6,,
Wed Feb 12 17:00:21 UTC 2014,0.72,0,0,0,6,,
Wed Feb 12 17:00:28 UTC 2014,0.72,0,0,0,6,,
Wed Feb 12 17:00:35 UTC 2014,0.72,0,0,0,6,EventProcessingServiceUnit_scaleIn,
Wed Feb 12 17:00:58 UTC 2014,0.72,0,0,0,6,EventProcessingServiceUnit_scaleIn,
Wed Feb 12 17:01:10 UTC 2014,0.72,0,0,0,6,EventProcessingServiceUnit_scaleIn,
Wed Feb 12 17:01:25 UTC 2014,0.72,0,0,0,6,EventProcessingServiceUnit_scaleIn,
Wed Feb 12 17:01:37 UTC 2014,0.72,0,0,0,6,EventProcessingServiceUnit_scaleIn,
Wed Feb 12 17:01:49 UTC 2014,0.72,0,0,0,6,EventProcessingServiceUnit_scaleIn,
Wed Feb 12 17:02:04 UTC 2014,0.72,-0.2,-1,0,6,EventProcessingServiceUnit_scaleIn,
Wed Feb 12 17:02:15 UTC 2014,0.72,-0.2,-1,0,6,EventProcessingServiceUnit_scaleIn,
Wed Feb 12 17:02:30 UTC 2014,0.72,5,4,49,6,EventProcessingServiceUnit_scaleIn,
Wed Feb 12 17:02:45 UTC 2014,0.72,5,4,49,6,EventProcessingServiceUnit_scaleIn,
Wed Feb 12 17:02:58 UTC 2014,0.72,10.75,62,66,6,EventProcessingServiceUnit_scaleIn,
Wed Feb 12 17:03:11 UTC 2014,0.72,10.75,62,66,6,EventProcessingServiceUnit_scaleIn,
Wed Feb 12 17:03:29 UTC 2014,0.72,10.75,62,66,6,,
Wed Feb 12 17:03:41 UTC 2014,0.6,11.5,75,109,5,,
Wed Feb 12 17:03:54 UTC 2014,0.6,11.5,75,109,5,,
Wed Feb 12 17:04:05 UTC 2014,0.6,7.5,74,140,5,,
Wed Feb 12 17:04:15 UTC 2014,0.6,7.5,74,140,5,,
Wed Feb 12 17:04:26 UTC 2014,0.6,9.5,65,108,5,,
Wed Feb 12 17:04:42 UTC 2014,0.6,8.75,147,198,5,EventProcessingServiceUnit_scaleOut,
Wed Feb 12 17:05:05 UTC 2014,0.6,8.75,147,198,5,EventProcessingServiceUnit_scaleOut,
Wed Feb 12 17:05:17 UTC 2014,0.6,8.75,147,198,5,EventProcessingServiceUnit_scaleOut,
Wed Feb 12 17:05:29 UTC 2014,0.6,8.75,147,198,5,EventProcessingServiceUnit_scaleOut,
Wed Feb 12 17:05:39 UTC 2014,0.6,8.5,179,42,5,EventProcessingServiceUnit_scaleOut,
Wed Feb 12 17:05:57 UTC 2014,0.6,8.5,179,42,5,,
Wed Feb 12 17:06:04 UTC 2014,0.72,8,244,303,6,,
Wed Feb 12 17:06:11 UTC 2014,0.72,8,244,303,6,,
Wed Feb 12 17:06:24 UTC 2014,0.72,8,244,303,6,,
Wed Feb 12 17:06:34 UTC 2014,0.72,8,244,303,6,,
Wed Feb 12 17:06:40 UTC 2014,0.72,8,244,303,6,,
Wed Feb 12 17:06:51 UTC 2014,0.72,8.75,203,164,6,,
Wed Feb 12 17:07:06 UTC 2014,0.72,8.75,203,164,6,,
Wed Feb 12 17:07:14 UTC 2014,0.72,-0.2,-1,0,6,,
Wed Feb 12 17:07:21 UTC 2014,0.72,-0.2,-1,0,6,,
Wed Feb 12 17:07:32 UTC 2014,0.72,-0.2,-1,0,6,,
Wed Feb 12 17:07:42 UTC 2014,0.72,7.6,234,182,6,,
Wed Feb 12 17:07:50 UTC 2014,0.72,7.6,234,182,6,,
Wed Feb 12 17:07:57 UTC 2014,0.72,7.6,234,182,6,,
Wed Feb 12 17:08:07 UTC 2014,0.72,4.4,167,165,6,,
Wed Feb 12 17:08:13 UTC 2014,0.72,4.4,167,165,6,,
Wed Feb 12 17:08:20 UTC 2014,0.72,7.8,246,242,6,,
Wed Feb 12 17:08:32 UTC 2014,0.72,7.8,246,242,6,,
Wed Feb 12 17:08:37 UTC 2014,0.72,7.8,246,242,6,,
Wed Feb 12 17:08:45 UTC 2014,0.72,8.8,233,484,6,,
Wed Feb 12 17:08:59 UTC 2014,0.72,8.8,233,484,6,,
Wed Feb 12 17:09:08 UTC 2014,0.72,8.8,233,484,6,,
Wed Feb 12 17:09:24 UTC 2014,0.72,8.8,233,484,6,,
Wed Feb 12 17:09:34 UTC 2014,0.72,8.8,233,484,6,,
Wed Feb 12 17:09:44 UTC 2014,0.72,7,132,183,6,,
Wed Feb 12 17:09:58 UTC 2014,0.72,7,132,183,6,,
Wed Feb 12 17:10:10 UTC 2014,0.72,6.4,158,29,6,,
Wed Feb 12 17:10:21 UTC 2014,0.72,6.4,158,29,6,,
Wed Feb 12 17:10:31 UTC 2014,0.72,6.4,158,29,6,,
Wed Feb 12 17:10:36 UTC 2014,0.72,7.2,316,180,6,,
Wed Feb 12 17:10:43 UTC 2014,0.72,7.2,316,180,6,,
Wed Feb 12 17:10:54 UTC 2014,0.72,7.2,316,180,6,,
Wed Feb 12 17:11:06 UTC 2014,0.72,7.2,316,180,6,,
Wed Feb 12 17:11:14 UTC 2014,0.72,7.2,316,180,6,,
Wed Feb 12 17:11:25 UTC 2014,0.72,8.2,103,21,6,,
Wed Feb 12 17:11:38 UTC 2014,0.72,8.2,103,21,6,EventProcessingServiceUnit_scaleIn,
Wed Feb 12 17:11:52 UTC 2014,0.72,6.2,161,51,6,EventProcessingServiceUnit_scaleIn,
Wed Feb 12 17:12:06 UTC 2014,0.72,6.2,161,51,6,EventProcessingServiceUnit_scaleIn,
Wed Feb 12 17:12:20 UTC 2014,0.72,7.2,144,44,6,EventProcessingServiceUnit_scaleIn,
Wed Feb 12 17:12:33 UTC 2014,0.72,7.2,144,44,6,EventProcessingServiceUnit_scaleIn,
Wed Feb 12 17:12:45 UTC 2014,0.72,4.8,179,91,6,EventProcessingServiceUnit_scaleIn,
Wed Feb 12 17:12:57 UTC 2014,0.72,4.8,179,91,6,EventProcessingServiceUnit_scaleIn,
Wed Feb 12 17:13:11 UTC 2014,0.72,4.8,179,91,6,EventProcessingServiceUnit_scaleIn,
Wed Feb 12 17:13:23 UTC 2014,0.72,4.8,179,91,6,EventProcessingServiceUnit_scaleIn,
Wed Feb 12 17:13:37 UTC 2014,0.72,5,184,19,6,EventProcessingServiceUnit_scaleIn,
Wed Feb 12 17:13:49 UTC 2014,0.72,5,184,19,6,EventProcessingServiceUnit_scaleIn,
Wed Feb 12 17:14:00 UTC 2014,0.72,0,0,0,6,EventProcessingServiceUnit_scaleIn,
Wed Feb 12 17:14:14 UTC 2014,0.72,0,0,0,6,,
Wed Feb 12 17:14:22 UTC 2014,0.6,6.25,164,38,5,,
Wed Feb 12 17:14:33 UTC 2014,0.6,6.25,164,38,5,,
Wed Feb 12 17:14:48 UTC 2014,0.6,6.25,164,38,5,,
Wed Feb 12 17:14:56 UTC 2014,0.6,6.25,164,38,5,,
Wed Feb 12 17:15:04 UTC 2014,0.6,8.5,41,69,5,,
Wed Feb 12 17:15:17 UTC 2014,0.6,8.5,41,69,5,,
Wed Feb 12 17:15:24 UTC 2014,0.6,8.5,41,69,5,,
Wed Feb 12 17:15:32 UTC 2014,0.6,8.5,41,69,5,,
Wed Feb 12 17:15:39 UTC 2014,0.6,7,151,189,5,,
Wed Feb 12 17:15:48 UTC 2014,0.6,7,151,189,5,,
Wed Feb 12 17:16:00 UTC 2014,0.6,0,0,0,5,,
Wed Feb 12 17:16:17 UTC 2014,0.6,0,0,0,5,,
Wed Feb 12 17:16:26 UTC 2014,0.6,0,0,0,5,,
Wed Feb 12 17:16:36 UTC 2014,0.6,7.25,311,12,5,,
Wed Feb 12 17:16:56 UTC 2014,0.6,7.25,311,12,5,,
Wed Feb 12 17:17:05 UTC 2014,0.6,6,245,364,5,,
Wed Feb 12 17:17:20 UTC 2014,0.6,6,245,364,5,,
Wed Feb 12 17:17:27 UTC 2014,0.6,6.75,289,129,5,,
Wed Feb 12 17:17:39 UTC 2014,0.6,6.75,289,129,5,,
Wed Feb 12 17:17:49 UTC 2014,0.6,6.75,168,0,5,,
Wed Feb 12 17:18:06 UTC 2014,0.6,6.75,168,0,5,,
Wed Feb 12 17:18:18 UTC 2014,0.6,6.25,121,359,5,,
Wed Feb 12 17:18:31 UTC 2014,0.6,6.25,121,359,5,,
Wed Feb 12 17:18:40 UTC 2014,0.6,6.25,121,359,5,,
Wed Feb 12 17:18:57 UTC 2014,0.6,6.25,121,359,5,,
Wed Feb 12 17:19:03 UTC 2014,0.6,6.25,245,143,5,EventProcessingServiceUnit_scaleOut,
Wed Feb 12 17:19:16 UTC 2014,0.6,6.5,245,143,5,EventProcessingServiceUnit_scaleOut,
Wed Feb 12 17:19:26 UTC 2014,0.6,6.5,245,143,5,EventProcessingServiceUnit_scaleOut,
Wed Feb 12 17:19:39 UTC 2014,0.6,6.25,239,201,5,EventProcessingServiceUnit_scaleOut,
Wed Feb 12 17:19:51 UTC 2014,0.6,6.25,239,400,5,EventProcessingServiceUnit_scaleOut,
Wed Feb 12 17:20:07 UTC 2014,0.6,6.25,277,400,5,,
Wed Feb 12 17:20:22 UTC 2014,0.72,5,54,91,6,,
Wed Feb 12 17:20:31 UTC 2014,0.72,5,54,91,6,,
Wed Feb 12 17:20:41 UTC 2014,0.72,5,54,91,6,,
Wed Feb 12 17:20:53 UTC 2014,0.72,5,54,91,6,,
Wed Feb 12 17:21:04 UTC 2014,0.72,5,54,91,6,,
Wed Feb 12 17:21:11 UTC 2014,0.72,-0.2,-1,94,6,,
Wed Feb 12 17:21:25 UTC 2014,0.72,-0.2,-1,94,6,,
Wed Feb 12 17:21:41 UTC 2014,0.72,6.2,105,135,6,,
Wed Feb 12 17:21:49 UTC 2014,0.72,6.2,105,135,6,,
Wed Feb 12 17:21:58 UTC 2014,0.72,6.2,105,135,6,,
Wed Feb 12 17:22:06 UTC 2014,0.72,7,189,0,6,,
Wed Feb 12 17:22:21 UTC 2014,0.72,7,189,0,6,,
Wed Feb 12 17:22:34 UTC 2014,0.72,7,189,0,6,,
Wed Feb 12 17:22:44 UTC 2014,0.72,2,70,14,6,,
Wed Feb 12 17:22:52 UTC 2014,0.72,2,70,14,6,,
Wed Feb 12 17:23:00 UTC 2014,0.72,2,70,14,6,,
Wed Feb 12 17:23:07 UTC 2014,0.72,2,70,14,6,,
Wed Feb 12 17:23:17 UTC 2014,0.72,1,9,0,6,,
Wed Feb 12 17:23:28 UTC 2014,0.72,1,9,0,6,,
Wed Feb 12 17:23:35 UTC 2014,0.72,1,9,0,6,,
Wed Feb 12 17:23:50 UTC 2014,0.72,1,9,0,6,,
Wed Feb 12 17:23:59 UTC 2014,0.72,1,9,0,6,,
Wed Feb 12 17:24:08 UTC 2014,0.72,0.8,21,0,6,,
Wed Feb 12 17:24:16 UTC 2014,0.72,0.8,21,0,6,,
Wed Feb 12 17:24:27 UTC 2014,0.72,0,0,0,6,,
Wed Feb 12 17:24:39 UTC 2014,0.72,0,0,0,6,,
Wed Feb 12 17:24:46 UTC 2014,0.72,2.2,36,0,6,,
Wed Feb 12 17:25:01 UTC 2014,0.72,2.2,36,0,6,,
Wed Feb 12 17:25:14 UTC 2014,0.72,2.2,36,0,6,,
Wed Feb 12 17:25:21 UTC 2014,0.72,1.4,4,0,6,,
Wed Feb 12 17:25:33 UTC 2014,0.72,1.4,4,0,6,EventProcessingServiceUnit_scaleIn,
Wed Feb 12 17:25:50 UTC 2014,0.72,1.4,4,0,6,EventProcessingServiceUnit_scaleIn,
Wed Feb 12 17:26:03 UTC 2014,0.72,1.4,4,0,6,EventProcessingServiceUnit_scaleIn,
Wed Feb 12 17:26:20 UTC 2014,0.72,6.8,258,269,6,EventProcessingServiceUnit_scaleIn,
Wed Feb 12 17:26:32 UTC 2014,0.72,6.8,258,269,6,EventProcessingServiceUnit_scaleIn,
Wed Feb 12 17:26:44 UTC 2014,0.72,6.8,258,269,6,EventProcessingServiceUnit_scaleIn,
Wed Feb 12 17:26:56 UTC 2014,0.72,6,223,39,6,EventProcessingServiceUnit_scaleIn,
Wed Feb 12 17:27:08 UTC 2014,0.72,6,223,39,6,EventProcessingServiceUnit_scaleIn,
Wed Feb 12 17:27:22 UTC 2014,0.72,1,0,0,6,EventProcessingServiceUnit_scaleIn,
Wed Feb 12 17:27:34 UTC 2014,0.72,1,232,104,6,EventProcessingServiceUnit_scaleIn,
Wed Feb 12 17:27:50 UTC 2014,0.72,4,232,104,6,EventProcessingServiceUnit_scaleIn,
Wed Feb 12 17:28:03 UTC 2014,0.72,4,232,104,6,EventProcessingServiceUnit_scaleIn,
Wed Feb 12 17:28:20 UTC 2014,0.72,4,232,104,6,EventProcessingServiceUnit_scaleIn,
Wed Feb 12 17:28:33 UTC 2014,0.72,4,233,191,6,,
Wed Feb 12 17:28:43 UTC 2014,0.72,4,233,191,6,,
Wed Feb 12 17:28:57 UTC 2014,0.6,5.75,235,259,5,,
Wed Feb 12 17:29:06 UTC 2014,0.6,5.75,235,259,5,,
Wed Feb 12 17:29:14 UTC 2014,0.6,4.25,113,42,5,,
Wed Feb 12 17:29:28 UTC 2014,0.6,4.25,113,42,5,,
Wed Feb 12 17:29:35 UTC 2014,0.6,4.25,113,42,5,,
Wed Feb 12 17:29:47 UTC 2014,0.6,4.25,113,42,5,,
Wed Feb 12 17:29:59 UTC 2014,0.6,4.25,113,42,5,,
Wed Feb 12 17:30:10 UTC 2014,0.6,5.25,254,368,5,,
Wed Feb 12 17:30:19 UTC 2014,0.6,5.25,254,368,5,,
Wed Feb 12 17:30:34 UTC 2014,0.6,3,110,0,5,,
Wed Feb 12 17:30:52 UTC 2014,0.6,3,110,0,5,,
Wed Feb 12 17:30:59 UTC 2014,0.6,2.25,30,298,5,EventProcessingServiceUnit_scaleIn,
Wed Feb 12 17:31:18 UTC 2014,0.6,2.25,20,25,5,EventProcessingServiceUnit_scaleIn,
Wed Feb 12 17:31:31 UTC 2014,0.6,2,20,25,5,EventProcessingServiceUnit_scaleIn,
Wed Feb 12 17:31:43 UTC 2014,0.6,1.5,4,200,5,EventProcessingServiceUnit_scaleIn,
Wed Feb 12 17:31:55 UTC 2014,0.6,1.5,4,200,5,EventProcessingServiceUnit_scaleIn,
Wed Feb 12 17:32:09 UTC 2014,0.6,0,0,0,5,EventProcessingServiceUnit_scaleIn,
Wed Feb 12 17:32:24 UTC 2014,0.6,0,0,0,5,EventProcessingServiceUnit_scaleIn,
Wed Feb 12 17:32:37 UTC 2014,0.6,0,0,0,5,EventProcessingServiceUnit_scaleIn,
Wed Feb 12 17:32:51 UTC 2014,0.6,0,0,0,5,EventProcessingServiceUnit_scaleIn,
Wed Feb 12 17:33:03 UTC 2014,0.6,4.3333,30,0,5,EventProcessingServiceUnit_scaleIn,
Wed Feb 12 17:33:17 UTC 2014,0.6,1.3333,80,0,5,EventProcessingServiceUnit_scaleIn,
Wed Feb 12 17:33:31 UTC 2014,0.6,1.3333,80,0,5,EventProcessingServiceUnit_scaleIn,
Wed Feb 12 17:33:43 UTC 2014,0.6,1.6667,25,0,5,EventProcessingServiceUnit_scaleIn,
Wed Feb 12 17:33:56 UTC 2014,0.6,1.6667,25,0,5,,
Wed Feb 12 17:34:02 UTC 2014,0.48,1.6667,25,0,4,,
Wed Feb 12 17:34:21 UTC 2014,0.48,1.6667,20,32,4,,
Wed Feb 12 17:34:37 UTC 2014,0.48,3,102,94,4,,
Wed Feb 12 17:34:49 UTC 2014,0.48,3,102,94,4,,
Wed Feb 12 17:35:07 UTC 2014,0.48,5.3333,303,20,4,,
Wed Feb 12 17:35:16 UTC 2014,0.48,5.3333,303,20,4,,
Wed Feb 12 17:35:27 UTC 2014,0.48,5.3333,303,20,4,,
Wed Feb 12 17:35:33 UTC 2014,0.48,5.3333,303,20,4,,
Wed Feb 12 17:35:41 UTC 2014,0.48,5.6667,265,45,4,,
Wed Feb 12 17:35:54 UTC 2014,0.48,5.6667,265,45,4,,
Wed Feb 12 17:36:06 UTC 2014,0.48,6,207,273,4,,
Wed Feb 12 17:36:16 UTC 2014,0.48,6,207,273,4,,
Wed Feb 12 17:36:22 UTC 2014,0.48,6,207,273,4,,
Wed Feb 12 17:36:30 UTC 2014,0.48,4.6667,186,152,4,,
Wed Feb 12 17:36:43 UTC 2014,0.48,5.3333,267,269,4,,
Wed Feb 12 17:36:55 UTC 2014,0.48,5.3333,267,269,4,,
Wed Feb 12 17:37:06 UTC 2014,0.48,5.3333,267,269,4,,
Wed Feb 12 17:37:14 UTC 2014,0.48,12.3333,211,183,4,,
Wed Feb 12 17:37:31 UTC 2014,0.48,12.3333,211,183,4,,
Wed Feb 12 17:37:38 UTC 2014,0.48,12.3333,211,298,4,EventProcessingServiceUnit_scaleOut,
Wed Feb 12 17:37:58 UTC 2014,0.48,4.6667,135,298,4,EventProcessingServiceUnit_scaleOut,
Wed Feb 12 17:38:16 UTC 2014,0.48,5.3333,200,286,4,EventProcessingServiceUnit_scaleOut,
Wed Feb 12 17:38:30 UTC 2014,0.48,5.3333,129,308,4,EventProcessingServiceUnit_scaleOut,
Wed Feb 12 17:38:42 UTC 2014,0.48,5.6667,129,308,4,EventProcessingServiceUnit_scaleOut,
Wed Feb 12 17:38:58 UTC 2014,0.48,5,268,345,4,EventProcessingServiceUnit_scaleOut,
Wed Feb 12 17:39:08 UTC 2014,0.48,5,268,345,4,,
Wed Feb 12 17:39:20 UTC 2014,0.6,5,268,345,5,,
Wed Feb 12 17:39:27 UTC 2014,0.6,5,268,345,5,,
Wed Feb 12 17:39:35 UTC 2014,0.6,5,268,345,5,,
Wed Feb 12 17:39:42 UTC 2014,0.6,2.6667,191,0,5,,
Wed Feb 12 17:39:50 UTC 2014,0.6,2.6667,191,0,5,,
Wed Feb 12 17:40:04 UTC 2014,0.6,1.75,9,24,5,,
Wed Feb 12 17:40:14 UTC 2014,0.6,1.75,9,24,5,,
Wed Feb 12 17:40:26 UTC 2014,0.6,4,231,0,5,,
Wed Feb 12 17:40:39 UTC 2014,0.6,4,231,0,5,,
Wed Feb 12 17:40:46 UTC 2014,0.6,2,8,95,5,,
Wed Feb 12 17:41:00 UTC 2014,0.6,2,8,95,5,,
Wed Feb 12 17:41:08 UTC 2014,0.6,2,8,95,5,,
Wed Feb 12 17:41:19 UTC 2014,0.6,0,0,0,5,,
Wed Feb 12 17:41:32 UTC 2014,0.6,0,0,0,5,,
Wed Feb 12 17:41:43 UTC 2014,0.6,0,0,0,5,,
Wed Feb 12 17:41:58 UTC 2014,0.6,0,0,0,5,,
Wed Feb 12 17:42:05 UTC 2014,0.6,0,0,0,5,,
Wed Feb 12 17:42:17 UTC 2014,0.6,0,0,0,5,,
Wed Feb 12 17:42:24 UTC 2014,0.6,0,0,0,5,,
Wed Feb 12 17:42:32 UTC 2014,0.6,1.5,14,95,5,,
Wed Feb 12 17:42:45 UTC 2014,0.6,1.5,14,95,5,,
Wed Feb 12 17:43:03 UTC 2014,0.6,1.75,1,76,5,,
Wed Feb 12 17:43:16 UTC 2014,0.6,1.75,1,76,5,,
Wed Feb 12 17:43:22 UTC 2014,0.6,4,202,80,5,,
Wed Feb 12 17:43:34 UTC 2014,0.6,4,202,80,5,,
Wed Feb 12 17:43:45 UTC 2014,0.6,5.75,281,158,5,DataNodeServiceUnit_scaleOut,
Wed Feb 12 17:44:06 UTC 2014,0.6,5.75,281,158,5,DataNodeServiceUnit_scaleOut,
Wed Feb 12 17:44:20 UTC 2014,0.6,6.5,290,51,5,DataNodeServiceUnit_scaleOut,
Wed Feb 12 17:44:30 UTC 2014,0.6,6.5,290,51,5,DataNodeServiceUnit_scaleOut,
Wed Feb 12 17:44:46 UTC 2014,0.6,6,245,44,5,DataNodeServiceUnit_scaleOut,
Wed Feb 12 17:44:57 UTC 2014,0.6,6,245,44,5,DataNodeServiceUnit_scaleOut,
Wed Feb 12 17:45:14 UTC 2014,0.6,5.75,230,89,5,,
Wed Feb 12 17:45:25 UTC 2014,0.6,5.75,230,89,5,,
Wed Feb 12 17:45:40 UTC 2014,0.6,2.25,47,0,5,,
Wed Feb 12 17:45:53 UTC 2014,0.6,2.25,47,0,5,,
Wed Feb 12 17:46:03 UTC 2014,0.6,2.25,47,0,5,,
Wed Feb 12 17:46:10 UTC 2014,0.6,2.25,47,0,5,,
Wed Feb 12 17:46:18 UTC 2014,0.6,6.25,293,109,5,,
Wed Feb 12 17:46:33 UTC 2014,0.6,6.25,293,109,5,,
Wed Feb 12 17:46:43 UTC 2014,0.6,6.25,293,109,5,,
Wed Feb 12 17:46:56 UTC 2014,0.6,12.25,297,147,5,,
Wed Feb 12 17:47:04 UTC 2014,0.6,12.25,297,147,5,,
Wed Feb 12 17:47:15 UTC 2014,0.6,12.25,297,147,5,,
Wed Feb 12 17:47:25 UTC 2014,0.6,7.5,272,310,5,,
Wed Feb 12 17:47:41 UTC 2014,0.6,7.5,272,310,5,,
Wed Feb 12 17:47:53 UTC 2014,0.6,14,128,281,5,,
Wed Feb 12 17:48:03 UTC 2014,0.6,14,128,281,5,,
Wed Feb 12 17:48:12 UTC 2014,0.6,14,128,281,5,,
Wed Feb 12 17:48:22 UTC 2014,0.6,14,128,281,5,,
Wed Feb 12 17:48:28 UTC 2014,0.6,14,128,281,5,,
Wed Feb 12 17:48:35 UTC 2014,0.6,14,128,281,5,,
Wed Feb 12 17:48:43 UTC 2014,0.6,11,298,278,5,,
Wed Feb 12 17:48:49 UTC 2014,0.6,11,298,278,5,,
Wed Feb 12 17:49:07 UTC 2014,0.6,11,298,278,5,,
Wed Feb 12 17:49:17 UTC 2014,0.6,0,0,0,5,,
Wed Feb 12 17:49:29 UTC 2014,0.6,0,0,0,5,,
Wed Feb 12 17:49:36 UTC 2014,0.6,0,0,0,5,,
Wed Feb 12 17:49:43 UTC 2014,0.6,2.75,73,150,5,,
Wed Feb 12 17:49:58 UTC 2014,0.6,2.75,73,150,5,EventProcessingServiceUnit_scaleIn,
Wed Feb 12 17:50:14 UTC 2014,0.6,0,0,0,5,EventProcessingServiceUnit_scaleIn,
Wed Feb 12 17:50:29 UTC 2014,0.6,0,0,0,5,EventProcessingServiceUnit_scaleIn,
Wed Feb 12 17:50:41 UTC 2014,0.6,0,0,0,5,EventProcessingServiceUnit_scaleIn,
Wed Feb 12 17:50:57 UTC 2014,0.6,0,0,0,5,EventProcessingServiceUnit_scaleIn,
Wed Feb 12 17:51:09 UTC 2014,0.6,0,0,0,5,EventProcessingServiceUnit_scaleIn,
Wed Feb 12 17:51:28 UTC 2014,0.6,5,140,60,5,EventProcessingServiceUnit_scaleIn,
Wed Feb 12 17:51:42 UTC 2014,0.6,5,140,60,5,EventProcessingServiceUnit_scaleIn,
Wed Feb 12 17:51:54 UTC 2014,0.6,6.6667,46,161,5,EventProcessingServiceUnit_scaleIn,
Wed Feb 12 17:52:09 UTC 2014,0.6,0,0,0,5,EventProcessingServiceUnit_scaleIn,
Wed Feb 12 17:52:21 UTC 2014,0.6,0,0,0,5,EventProcessingServiceUnit_scaleIn,
Wed Feb 12 17:52:36 UTC 2014,0.6,7.6667,171,0,5,EventProcessingServiceUnit_scaleIn,
Wed Feb 12 17:52:53 UTC 2014,0.6,7.6667,171,0,4,EventProcessingServiceUnit_scaleIn,
Wed Feb 12 17:53:07 UTC 2014,0.48,7.6667,171,0,4,,
Wed Feb 12 17:53:20 UTC 2014,0.48,6,135,163,4,,
Wed Feb 12 17:53:36 UTC 2014,0.48,6,135,163,4,,
Wed Feb 12 17:53:49 UTC 2014,0.48,5,19,308,4,,
Wed Feb 12 17:54:02 UTC 2014,0.48,5,19,308,4,,
Wed Feb 12 17:54:14 UTC 2014,0.48,7,125,107,4,,
Wed Feb 12 17:54:25 UTC 2014,0.48,7,125,107,4,,
Wed Feb 12 17:54:33 UTC 2014,0.48,7,125,107,4,,
Wed Feb 12 17:54:52 UTC 2014,0.48,7,125,107,4,,
Wed Feb 12 17:55:06 UTC 2014,0.48,6.3333,195,204,4,,
Wed Feb 12 17:55:20 UTC 2014,0.48,6.3333,195,204,4,,
Wed Feb 12 17:55:31 UTC 2014,0.48,6.6667,207,203,4,,
Wed Feb 12 17:55:39 UTC 2014,0.48,6.6667,207,203,4,,
Wed Feb 12 17:55:56 UTC 2014,0.48,6.3333,153,167,4,,
Wed Feb 12 17:56:12 UTC 2014,0.48,6.3333,153,167,4,,
Wed Feb 12 17:56:26 UTC 2014,0.48,5.6667,144,51,4,,
Wed Feb 12 17:56:39 UTC 2014,0.48,5.6667,144,51,4,,
Wed Feb 12 17:56:46 UTC 2014,0.48,2.3333,75,137,4,,
Wed Feb 12 17:56:54 UTC 2014,0.48,2.3333,75,137,4,,
Wed Feb 12 17:57:01 UTC 2014,0.48,2.3333,75,137,4,,
Wed Feb 12 17:57:09 UTC 2014,0.48,2.3333,75,137,4,,
Wed Feb 12 17:57:16 UTC 2014,0.48,5.6667,242,248,4,,
Wed Feb 12 17:57:27 UTC 2014,0.48,5.6667,242,248,4,,
Wed Feb 12 17:57:47 UTC 2014,0.48,5.6667,242,248,4,EventProcessingServiceUnit_scaleOut,
Wed Feb 12 17:58:00 UTC 2014,0.48,4,141,128,4,EventProcessingServiceUnit_scaleOut,
Wed Feb 12 17:58:19 UTC 2014,0.48,4,141,128,4,EventProcessingServiceUnit_scaleOut,
Wed Feb 12 17:58:31 UTC 2014,0.48,0,0,0,4,EventProcessingServiceUnit_scaleOut,
Wed Feb 12 17:58:48 UTC 2014,0.48,0,0,0,4,EventProcessingServiceUnit_scaleOut,
Wed Feb 12 17:58:59 UTC 2014,0.48,0,0,0,4,,
Wed Feb 12 17:59:13 UTC 2014,0.48,0,0,0,4,,
Wed Feb 12 17:59:23 UTC 2014,0.6,0,0,0,5,,
Wed Feb 12 17:59:28 UTC 2014,0.6,0,0,0,5,,
Wed Feb 12 17:59:41 UTC 2014,0.6,0,0,0,5,,
Wed Feb 12 17:59:54 UTC 2014,0.6,0,0,0,5,,
Wed Feb 12 18:00:06 UTC 2014,0.6,0.75,39,0,5,,
Wed Feb 12 18:00:14 UTC 2014,0.6,0.75,39,0,5,,
Wed Feb 12 18:00:30 UTC 2014,0.6,0.75,39,0,5,,
Wed Feb 12 18:00:37 UTC 2014,0.6,0,0,0,5,,
Wed Feb 12 18:00:52 UTC 2014,0.6,0,0,0,5,,
Wed Feb 12 18:01:01 UTC 2014,0.6,0,0,0,5,,
Wed Feb 12 18:01:08 UTC 2014,0.6,4.25,97,100,5,,
Wed Feb 12 18:01:19 UTC 2014,0.6,4.25,97,100,5,,
Wed Feb 12 18:01:33 UTC 2014,0.6,3.5,86,0,5,,
Wed Feb 12 18:01:46 UTC 2014,0.6,3.5,86,0,5,,
Wed Feb 12 18:01:55 UTC 2014,0.6,3.5,86,0,5,,
Wed Feb 12 18:02:06 UTC 2014,0.6,5.5,194,224,5,DataNodeServiceUnit_scaleIn,
Wed Feb 12 18:02:29 UTC 2014,0.6,5.5,194,224,5,DataNodeServiceUnit_scaleIn,
Wed Feb 12 18:02:42 UTC 2014,0.6,6,272,303,5,DataNodeServiceUnit_scaleIn,
Wed Feb 12 18:02:55 UTC 2014,0.6,6,272,303,5,DataNodeServiceUnit_scaleIn,
Wed Feb 12 18:03:09 UTC 2014,0.6,7.5,353,352,5,DataNodeServiceUnit_scaleIn,
Wed Feb 12 18:03:24 UTC 2014,0.6,7.5,353,352,5,DataNodeServiceUnit_scaleIn,
Wed Feb 12 18:03:37 UTC 2014,0.6,25.25,93,51,5,DataNodeServiceUnit_scaleIn,
Wed Feb 12 18:03:49 UTC 2014,0.6,25.25,93,51,5,DataNodeServiceUnit_scaleIn,
Wed Feb 12 18:04:04 UTC 2014,0.6,4.5,22,244,5,DataNodeServiceUnit_scaleIn,
Wed Feb 12 18:04:17 UTC 2014,0.6,4.5,22,318,5,DataNodeServiceUnit_scaleIn,
Wed Feb 12 18:04:33 UTC 2014,0.6,5.75,275,318,5,DataNodeServiceUnit_scaleIn,
Wed Feb 12 18:04:45 UTC 2014,0.6,6.25,345,318,5,DataNodeServiceUnit_scaleIn,
Wed Feb 12 18:05:00 UTC 2014,0.6,6.25,345,318,5,DataNodeServiceUnit_scaleIn,
Wed Feb 12 18:05:15 UTC 2014,0.6,5.25,188,182,5,DataNodeServiceUnit_scaleIn,
Wed Feb 12 18:05:29 UTC 2014,0.6,5.25,188,182,5,DataNodeServiceUnit_scaleIn,
Wed Feb 12 18:05:40 UTC 2014,0.6,5.5,148,264,5,DataNodeServiceUnit_scaleIn,
Wed Feb 12 18:05:52 UTC 2014,0.6,5.5,148,264,5,DataNodeServiceUnit_scaleIn,
Wed Feb 12 18:06:09 UTC 2014,0.6,0,0,3,5,DataNodeServiceUnit_scaleIn,
Wed Feb 12 18:06:22 UTC 2014,0.6,0,0,3,5,,
Wed Feb 12 18:06:39 UTC 2014,0.6,0,0,3,5,,
Wed Feb 12 18:06:51 UTC 2014,0.6,0,0,3,5,,
Wed Feb 12 18:06:57 UTC 2014,0.6,0,0,0,5,,
Wed Feb 12 18:07:08 UTC 2014,0.6,0,0,0,5,,
Wed Feb 12 18:07:19 UTC 2014,0.6,1.25,1,0,5,DataNodeServiceUnit_scaleIn,
Wed Feb 12 18:07:31 UTC 2014,0.6,1.25,1,0,5,DataNodeServiceUnit_scaleIn,
Wed Feb 12 18:07:45 UTC 2014,0.6,2.25,50,0,5,DataNodeServiceUnit_scaleIn,
Wed Feb 12 18:08:00 UTC 2014,0.6,2.25,50,0,5,DataNodeServiceUnit_scaleIn,
Wed Feb 12 18:08:15 UTC 2014,0.6,0,0,0,5,DataNodeServiceUnit_scaleIn,
Wed Feb 12 18:08:27 UTC 2014,0.6,0,0,0,5,DataNodeServiceUnit_scaleIn,
Wed Feb 12 18:08:42 UTC 2014,0.6,0,0,0,5,DataNodeServiceUnit_scaleIn,
Wed Feb 12 18:08:54 UTC 2014,0.6,0,0,0,5,DataNodeServiceUnit_scaleIn,
Wed Feb 12 18:09:13 UTC 2014,0.6,1.5,23,38,5,DataNodeServiceUnit_scaleIn,
Wed Feb 12 18:09:25 UTC 2014,0.6,1.5,23,38,5,DataNodeServiceUnit_scaleIn,
Wed Feb 12 18:09:36 UTC 2014,0.6,0,0,0,5,DataNodeServiceUnit_scaleIn,
Wed Feb 12 18:09:56 UTC 2014,0.6,0,0,0,5,DataNodeServiceUnit_scaleIn,
Wed Feb 12 18:10:08 UTC 2014,0.6,0,0,109,5,DataNodeServiceUnit_scaleIn,
Wed Feb 12 18:10:22 UTC 2014,0.6,5.25,195,109,5,DataNodeServiceUnit_scaleIn,
Wed Feb 12 18:10:33 UTC 2014,0.6,3.5,148,11,5,DataNodeServiceUnit_scaleIn,
Wed Feb 12 18:10:50 UTC 2014,0.6,6,125,70,5,DataNodeServiceUnit_scaleIn,
Wed Feb 12 18:11:02 UTC 2014,0.6,6,125,70,5,DataNodeServiceUnit_scaleIn,
Wed Feb 12 18:11:15 UTC 2014,0.6,6,125,70,5,,
Wed Feb 12 18:11:26 UTC 2014,0.6,3.5,154,134,5,,
Wed Feb 12 18:11:42 UTC 2014,0.6,3.5,154,134,5,,
Wed Feb 12 18:11:50 UTC 2014,0.6,4.75,150,336,5,,
Wed Feb 12 18:12:08 UTC 2014,0.6,4.75,150,336,5,,
Wed Feb 12 18:12:16 UTC 2014,0.6,4.75,150,336,5,,
Wed Feb 12 18:12:26 UTC 2014,0.6,4.75,150,336,5,,
Wed Feb 12 18:12:33 UTC 2014,0.6,4.75,249,211,5,,
Wed Feb 12 18:12:43 UTC 2014,0.6,4.75,249,211,5,,
Wed Feb 12 18:12:53 UTC 2014,0.6,4.5,170,122,5,,
Wed Feb 12 18:13:07 UTC 2014,0.6,4.5,170,122,5,,
Wed Feb 12 18:13:21 UTC 2014,0.6,4.5,170,122,5,,
Wed Feb 12 18:13:28 UTC 2014,0.6,4.5,170,122,5,,
Wed Feb 12 18:13:38 UTC 2014,0.6,4.5,123,79,5,,
Wed Feb 12 18:13:52 UTC 2014,0.6,4.5,123,79,5,,
Wed Feb 12 18:14:09 UTC 2014,0.6,3.25,149,175,5,,
Wed Feb 12 18:14:21 UTC 2014,0.6,3.25,149,175,5,,
Wed Feb 12 18:14:32 UTC 2014,0.6,4.5,208,163,5,,
Wed Feb 12 18:14:40 UTC 2014,0.6,4.5,208,163,5,DataNodeServiceUnit_scaleOut,
Wed Feb 12 18:14:59 UTC 2014,0.6,2.25,23,4,5,DataNodeServiceUnit_scaleOut,
Wed Feb 12 18:15:11 UTC 2014,0.6,2.25,23,4,5,DataNodeServiceUnit_scaleOut,
Wed Feb 12 18:15:23 UTC 2014,0.6,0,0,0,5,DataNodeServiceUnit_scaleOut,
Wed Feb 12 18:15:35 UTC 2014,0.6,0,0,0,5,DataNodeServiceUnit_scaleOut,
Wed Feb 12 18:15:50 UTC 2014,0.6,0,0,0,5,,
Wed Feb 12 18:15:59 UTC 2014,0.6,0,0,0,5,,
Wed Feb 12 18:16:12 UTC 2014,0.6,0,0,0,5,,
Wed Feb 12 18:16:29 UTC 2014,0.6,0,0,0,5,,
Wed Feb 12 18:16:44 UTC 2014,0.6,0,0,0,5,,
Wed Feb 12 18:16:51 UTC 2014,0.6,0,0,0,5,,
Wed Feb 12 18:17:05 UTC 2014,0.6,0,0,0,5,,
Wed Feb 12 18:17:22 UTC 2014,0.6,0,0,0,5,,
Wed Feb 12 18:17:28 UTC 2014,0.6,0,0,0,5,,
Wed Feb 12 18:17:46 UTC 2014,0.6,4,104,0,5,,
Wed Feb 12 18:17:57 UTC 2014,0.6,4,104,0,5,,
Wed Feb 12 18:18:10 UTC 2014,0.6,0,0,0,5,,
Wed Feb 12 18:18:22 UTC 2014,0.6,0,0,0,5,,
Wed Feb 12 18:18:35 UTC 2014,0.6,6.25,257,365,5,,
Wed Feb 12 18:18:51 UTC 2014,0.6,6.25,257,365,5,,
Wed Feb 12 18:18:59 UTC 2014,0.6,6.25,257,365,5,,
Wed Feb 12 18:19:07 UTC 2014,0.6,6.25,257,365,5,,
Wed Feb 12 18:19:16 UTC 2014,0.6,6.25,257,365,5,,
Wed Feb 12 18:19:30 UTC 2014,0.6,8.25,188,114,5,,
Wed Feb 12 18:19:43 UTC 2014,0.6,8.25,188,114,5,,
Wed Feb 12 18:19:53 UTC 2014,0.6,8,217,351,5,,
Wed Feb 12 18:20:01 UTC 2014,0.6,8,217,351,5,,
Wed Feb 12 18:20:19 UTC 2014,0.6,8.25,172,264,5,,
Wed Feb 12 18:20:34 UTC 2014,0.6,17.25,192,58,5,,
Wed Feb 12 18:20:52 UTC 2014,0.6,17.25,192,58,5,,
Wed Feb 12 18:21:06 UTC 2014,0.6,17.25,192,58,5,,
Wed Feb 12 18:21:17 UTC 2014,0.6,17.25,192,58,5,,
Wed Feb 12 18:21:24 UTC 2014,0.6,4.75,209,157,5,EventProcessingServiceUnit_scaleIn,
Wed Feb 12 18:21:41 UTC 2014,0.6,4.75,209,157,5,EventProcessingServiceUnit_scaleIn,
Wed Feb 12 18:21:53 UTC 2014,0.6,4.75,209,157,5,EventProcessingServiceUnit_scaleIn,
Wed Feb 12 18:22:06 UTC 2014,0.6,4.75,209,157,5,EventProcessingServiceUnit_scaleIn,
Wed Feb 12 18:22:19 UTC 2014,0.6,1.25,96,0,5,EventProcessingServiceUnit_scaleIn,
Wed Feb 12 18:22:34 UTC 2014,0.6,1.25,96,0,5,EventProcessingServiceUnit_scaleIn,
Wed Feb 12 18:22:47 UTC 2014,0.6,1.25,96,0,5,EventProcessingServiceUnit_scaleIn,
Wed Feb 12 18:22:59 UTC 2014,0.6,1.25,96,0,5,EventProcessingServiceUnit_scaleIn,
Wed Feb 12 18:23:10 UTC 2014,0.6,5.5,282,203,5,EventProcessingServiceUnit_scaleIn,
Wed Feb 12 18:23:24 UTC 2014,0.6,5.5,282,203,5,EventProcessingServiceUnit_scaleIn,
Wed Feb 12 18:23:36 UTC 2014,0.6,5.5,282,203,5,EventProcessingServiceUnit_scaleIn,
Wed Feb 12 18:23:48 UTC 2014,0.6,5.3333,258,174,5,EventProcessingServiceUnit_scaleIn,
Wed Feb 12 18:23:59 UTC 2014,0.6,5.3333,258,174,5,EventProcessingServiceUnit_scaleIn,
Wed Feb 12 18:24:10 UTC 2014,0.48,0,0,0,4,,
Wed Feb 12 18:24:20 UTC 2014,0.48,0,0,0,4,,
Wed Feb 12 18:24:27 UTC 2014,0.48,0,0,0,4,,
Wed Feb 12 18:24:35 UTC 2014,0.48,0,0,0,4,,
Wed Feb 12 18:24:50 UTC 2014,0.48,0,0,0,4,,
Wed Feb 12 18:25:09 UTC 2014,0.48,0,0,0,4,,
Wed Feb 12 18:25:21 UTC 2014,0.48,0,0,0,4,,
Wed Feb 12 18:25:36 UTC 2014,0.48,0,0,0,4,,
Wed Feb 12 18:25:51 UTC 2014,0.48,0,0,0,4,,
Wed Feb 12 18:26:00 UTC 2014,0.48,0,0,0,4,,
Wed Feb 12 18:26:10 UTC 2014,0.48,8,78,0,4,,
Wed Feb 12 18:26:29 UTC 2014,0.48,8,78,0,4,,
Wed Feb 12 18:26:36 UTC 2014,0.48,2,38,0,4,DataNodeServiceUnit_scaleOut,
Wed Feb 12 18:27:00 UTC 2014,0.48,2,38,0,4,DataNodeServiceUnit_scaleOut,
Wed Feb 12 18:27:13 UTC 2014,0.48,0,0,0,4,DataNodeServiceUnit_scaleOut,
Wed Feb 12 18:27:27 UTC 2014,0.48,5.3333,324,162,4,DataNodeServiceUnit_scaleOut,
Wed Feb 12 18:27:42 UTC 2014,0.48,5.3333,324,162,4,DataNodeServiceUnit_scaleOut,
Wed Feb 12 18:27:54 UTC 2014,0.48,5.3333,324,162,4,,
Wed Feb 12 18:28:06 UTC 2014,0.48,4.6667,275,138,4,,
Wed Feb 12 18:28:21 UTC 2014,0.48,4.6667,275,138,4,,
Wed Feb 12 18:28:29 UTC 2014,0.48,5.3333,208,264,4,,
Wed Feb 12 18:28:47 UTC 2014,0.48,5.6667,126,376,4,,
Wed Feb 12 18:29:00 UTC 2014,0.48,5.6667,126,376,4,,
Wed Feb 12 18:29:10 UTC 2014,0.48,5.6667,126,376,4,,
Wed Feb 12 18:29:24 UTC 2014,0.48,5.6667,126,376,4,,
Wed Feb 12 18:29:40 UTC 2014,0.48,7.6667,168,132,4,,
Wed Feb 12 18:29:49 UTC 2014,0.48,7.6667,168,132,4,,
Wed Feb 12 18:30:00 UTC 2014,0.48,6.6667,131,317,4,EventProcessingServiceUnit_scaleOut,
Wed Feb 12 18:30:18 UTC 2014,0.48,6.6667,131,317,4,EventProcessingServiceUnit_scaleOut,
Wed Feb 12 18:30:36 UTC 2014,0.48,7.6667,213,114,4,EventProcessingServiceUnit_scaleOut,
Wed Feb 12 18:30:49 UTC 2014,0.48,7.6667,213,114,4,EventProcessingServiceUnit_scaleOut,
Wed Feb 12 18:31:02 UTC 2014,0.48,5.6667,285,78,4,EventProcessingServiceUnit_scaleOut,
Wed Feb 12 18:31:12 UTC 2014,0.48,5.6667,285,78,4,EventProcessingServiceUnit_scaleOut,
Wed Feb 12 18:31:28 UTC 2014,0.6,5.6667,285,78,5,,
Wed Feb 12 18:31:39 UTC 2014,0.6,5.6667,285,78,5,,
Wed Feb 12 18:31:46 UTC 2014,0.6,5.6667,285,78,5,,
Wed Feb 12 18:31:53 UTC 2014,0.6,7.3333,78,159,5,,
Wed Feb 12 18:32:01 UTC 2014,0.6,7.3333,78,159,5,,
Wed Feb 12 18:32:07 UTC 2014,0.6,7.3333,78,159,5,,
Wed Feb 12 18:32:21 UTC 2014,0.6,7.3333,78,159,5,,
Wed Feb 12 18:32:29 UTC 2014,0.6,0,0,55,5,,
Wed Feb 12 18:32:35 UTC 2014,0.6,0,0,55,5,,
Wed Feb 12 18:32:43 UTC 2014,0.6,0,0,55,5,,
Wed Feb 12 18:32:50 UTC 2014,0.6,0,0,55,5,,
Wed Feb 12 18:32:56 UTC 2014,0.6,0,0,0,5,,
Wed Feb 12 18:33:10 UTC 2014,0.6,0,0,0,5,,
Wed Feb 12 18:33:18 UTC 2014,0.6,0,0,0,5,,
Wed Feb 12 18:33:28 UTC 2014,0.6,0,0,0,5,,
Wed Feb 12 18:33:40 UTC 2014,0.6,0,0,0,5,DataNodeServiceUnit_scaleIn,
Wed Feb 12 18:33:58 UTC 2014,0.6,0,0,0,5,DataNodeServiceUnit_scaleIn,
Wed Feb 12 18:34:11 UTC 2014,0.6,0,0,0,5,DataNodeServiceUnit_scaleIn,
Wed Feb 12 18:34:23 UTC 2014,0.6,0,0,0,5,DataNodeServiceUnit_scaleIn,
Wed Feb 12 18:34:35 UTC 2014,0.6,0,0,0,5,DataNodeServiceUnit_scaleIn,
Wed Feb 12 18:34:52 UTC 2014,0.6,0,0,193,5,DataNodeServiceUnit_scaleIn,
Wed Feb 12 18:35:05 UTC 2014,0.6,5,77,193,5,DataNodeServiceUnit_scaleIn,
Wed Feb 12 18:35:20 UTC 2014,0.6,5,77,193,5,DataNodeServiceUnit_scaleIn,
Wed Feb 12 18:35:32 UTC 2014,0.6,0,0,0,5,DataNodeServiceUnit_scaleIn,
Wed Feb 12 18:35:43 UTC 2014,0.6,0,0,0,5,DataNodeServiceUnit_scaleIn,
Wed Feb 12 18:36:02 UTC 2014,0.6,0,0,0,5,DataNodeServiceUnit_scaleIn,
Wed Feb 12 18:36:14 UTC 2014,0.6,0,0,0,5,DataNodeServiceUnit_scaleIn,
Wed Feb 12 18:36:27 UTC 2014,0.6,7.5,216,116,5,DataNodeServiceUnit_scaleIn,
Wed Feb 12 18:36:40 UTC 2014,0.6,6,343,376,5,DataNodeServiceUnit_scaleIn,
Wed Feb 12 18:36:59 UTC 2014,0.6,6,343,376,5,DataNodeServiceUnit_scaleIn,
Wed Feb 12 18:37:09 UTC 2014,0.6,4.25,87,1,5,DataNodeServiceUnit_scaleIn,
Wed Feb 12 18:37:22 UTC 2014,0.6,4.25,87,1,5,DataNodeServiceUnit_scaleIn,
Wed Feb 12 18:37:34 UTC 2014,0.6,4.25,87,1,5,DataNodeServiceUnit_scaleIn,
Wed Feb 12 18:37:50 UTC 2014,0.6,4.25,87,1,5,,
Wed Feb 12 18:38:00 UTC 2014,0.6,9,324,43,5,,
Wed Feb 12 18:38:15 UTC 2014,0.6,9,324,43,5,,
Wed Feb 12 18:38:23 UTC 2014,0.6,5.75,187,292,5,,
Wed Feb 12 18:38:31 UTC 2014,0.6,5.75,187,292,5,,
Wed Feb 12 18:38:45 UTC 2014,0.6,5,188,150,5,,
Wed Feb 12 18:38:59 UTC 2014,0.6,5,188,150,5,,
Wed Feb 12 18:39:12 UTC 2014,0.6,5.25,112,168,5,,
Wed Feb 12 18:39:25 UTC 2014,0.6,5.25,112,168,5,,
Wed Feb 12 18:39:36 UTC 2014,0.6,6,109,153,5,,
Wed Feb 12 18:39:45 UTC 2014,0.6,6,109,153,5,,
Wed Feb 12 18:39:59 UTC 2014,0.6,5.5,153,226,5,,
Wed Feb 12 18:40:12 UTC 2014,0.6,5.5,153,226,5,,
Wed Feb 12 18:40:27 UTC 2014,0.6,5.5,153,226,5,,
Wed Feb 12 18:40:35 UTC 2014,0.6,5.5,153,226,5,,
Wed Feb 12 18:40:53 UTC 2014,0.6,5.5,153,226,5,,
Wed Feb 12 18:40:59 UTC 2014,0.6,5.5,153,226,5,,
Wed Feb 12 18:41:07 UTC 2014,0.6,9,144,182,5,,
Wed Feb 12 18:41:15 UTC 2014,0.6,9,144,182,5,,
Wed Feb 12 18:41:32 UTC 2014,0.6,4.25,91,0,5,,
Wed Feb 12 18:41:40 UTC 2014,0.6,4.25,91,0,5,EventProcessingServiceUnit_scaleIn,
Wed Feb 12 18:41:58 UTC 2014,0.6,0,0,0,5,EventProcessingServiceUnit_scaleIn,
Wed Feb 12 18:42:11 UTC 2014,0.6,0,0,0,5,EventProcessingServiceUnit_scaleIn,
Wed Feb 12 18:42:24 UTC 2014,0.6,0,0,0,5,EventProcessingServiceUnit_scaleIn,
Wed Feb 12 18:42:35 UTC 2014,0.6,0,0,0,5,EventProcessingServiceUnit_scaleIn,
Wed Feb 12 18:42:48 UTC 2014,0.6,0,0,0,5,EventProcessingServiceUnit_scaleIn,
Wed Feb 12 18:43:01 UTC 2014,0.6,0,0,0,5,EventProcessingServiceUnit_scaleIn,
Wed Feb 12 18:43:14 UTC 2014,0.6,0,0,0,5,EventProcessingServiceUnit_scaleIn,
Wed Feb 12 18:43:31 UTC 2014,0.6,0,0,0,5,EventProcessingServiceUnit_scaleIn,
Wed Feb 12 18:43:44 UTC 2014,0.6,0,0,0,5,EventProcessingServiceUnit_scaleIn,
Wed Feb 12 18:44:02 UTC 2014,0.6,0,0,0,5,EventProcessingServiceUnit_scaleIn,
Wed Feb 12 18:44:14 UTC 2014,0.6,0,0,0,5,EventProcessingServiceUnit_scaleIn,
Wed Feb 12 18:44:31 UTC 2014,0.6,1.3333,87,0,5,EventProcessingServiceUnit_scaleIn,
Wed Feb 12 18:44:46 UTC 2014,0.48,5,179,354,4,,
Wed Feb 12 18:44:58 UTC 2014,0.48,5,179,354,4,,
Wed Feb 12 18:45:07 UTC 2014,0.48,5,179,354,4,,
Wed Feb 12 18:45:15 UTC 2014,0.48,5.3333,149,226,4,,
Wed Feb 12 18:45:23 UTC 2014,0.48,5.3333,149,226,4,,
Wed Feb 12 18:45:30 UTC 2014,0.48,5.3333,149,226,4,,
Wed Feb 12 18:45:48 UTC 2014,0.48,5.3333,149,226,4,,
Wed Feb 12 18:45:58 UTC 2014,0.48,4,161,279,4,,
Wed Feb 12 18:46:15 UTC 2014,0.48,4,161,279,4,,
Wed Feb 12 18:46:27 UTC 2014,0.48,3,16,187,4,,
Wed Feb 12 18:46:44 UTC 2014,0.48,3,16,187,4,,
Wed Feb 12 18:46:51 UTC 2014,0.48,4.6667,173,135,4,,
Wed Feb 12 18:47:08 UTC 2014,0.48,4.6667,303,292,4,,
Wed Feb 12 18:47:28 UTC 2014,0.48,4.3333,185,337,4,,
Wed Feb 12 18:47:37 UTC 2014,0.48,4.3333,185,337,4,DataNodeServiceUnit_scaleIn,
Wed Feb 12 18:47:56 UTC 2014,0.48,5.3333,282,385,4,DataNodeServiceUnit_scaleIn,
Wed Feb 12 18:48:10 UTC 2014,0.48,5.3333,282,385,4,DataNodeServiceUnit_scaleIn,
Wed Feb 12 18:48:23 UTC 2014,0.48,0,0,0,4,DataNodeServiceUnit_scaleIn,
Wed Feb 12 18:48:37 UTC 2014,0.48,0,0,0,4,DataNodeServiceUnit_scaleIn,
Wed Feb 12 18:48:50 UTC 2014,0.48,0,0,0,4,DataNodeServiceUnit_scaleIn,
Wed Feb 12 18:49:06 UTC 2014,0.48,0,0,0,4,DataNodeServiceUnit_scaleIn,
Wed Feb 12 18:49:20 UTC 2014,0.48,0,0,0,4,DataNodeServiceUnit_scaleIn,
Wed Feb 12 18:49:35 UTC 2014,0.48,0,0,181,4,DataNodeServiceUnit_scaleIn,
Wed Feb 12 18:49:47 UTC 2014,0.48,0,0,15,4,DataNodeServiceUnit_scaleIn,
Wed Feb 12 18:49:59 UTC 2014,0.48,0,0,15,4,DataNodeServiceUnit_scaleIn,
Wed Feb 12 18:50:13 UTC 2014,0.48,1.6667,3,0,4,DataNodeServiceUnit_scaleIn,
Wed Feb 12 18:50:24 UTC 2014,0.48,1.6667,29,0,4,DataNodeServiceUnit_scaleIn,
Wed Feb 12 18:50:36 UTC 2014,0.48,1.6667,29,0,4,DataNodeServiceUnit_scaleIn,
Wed Feb 12 18:50:55 UTC 2014,0.48,0,0,0,4,DataNodeServiceUnit_scaleIn,
Wed Feb 12 18:51:07 UTC 2014,0.48,0,0,0,4,DataNodeServiceUnit_scaleIn,
Wed Feb 12 18:51:21 UTC 2014,0.48,0,0,0,4,,
Wed Feb 12 18:51:34 UTC 2014,0.48,0,0,0,4,,
Wed Feb 12 18:51:53 UTC 2014,0.48,1.6667,103,0,4,,
Wed Feb 12 18:52:01 UTC 2014,0.48,1.6667,103,0,4,,
Wed Feb 12 18:52:17 UTC 2014,0.48,0,0,0,4,,
Wed Feb 12 18:52:27 UTC 2014,0.48,3.3333,137,0,4,,
Wed Feb 12 18:52:42 UTC 2014,0.48,3.3333,137,0,4,,
Wed Feb 12 18:52:49 UTC 2014,0.48,3.3333,137,0,4,,
Wed Feb 12 18:53:06 UTC 2014,0.48,3.3333,137,0,4,,
Wed Feb 12 18:53:14 UTC 2014,0.48,4.6667,261,32,4,,
Wed Feb 12 18:53:21 UTC 2014,0.48,4.6667,261,32,4,,
Wed Feb 12 18:53:31 UTC 2014,0.48,4.3333,241,148,4,EventProcessingServiceUnit_scaleIn,
Wed Feb 12 18:53:57 UTC 2014,0.48,4,210,96,4,EventProcessingServiceUnit_scaleIn,
Wed Feb 12 18:54:08 UTC 2014,0.48,4.3333,228,104,4,EventProcessingServiceUnit_scaleIn,
Wed Feb 12 18:54:21 UTC 2014,0.48,4.3333,228,104,4,EventProcessingServiceUnit_scaleIn,
Wed Feb 12 18:54:33 UTC 2014,0.48,5.3333,100,88,4,EventProcessingServiceUnit_scaleIn,
Wed Feb 12 18:54:46 UTC 2014,0.48,5.3333,100,88,4,EventProcessingServiceUnit_scaleIn,
Wed Feb 12 18:55:00 UTC 2014,0.48,5.3333,100,88,4,EventProcessingServiceUnit_scaleIn,
Wed Feb 12 18:55:11 UTC 2014,0.48,3.6667,2,2,4,EventProcessingServiceUnit_scaleIn,
Wed Feb 12 18:55:26 UTC 2014,0.48,5,215,252,4,EventProcessingServiceUnit_scaleIn,
Wed Feb 12 18:55:39 UTC 2014,0.48,5,215,252,4,EventProcessingServiceUnit_scaleIn,
Wed Feb 12 18:55:53 UTC 2014,0.48,4.5,217,160,4,EventProcessingServiceUnit_scaleIn,
Wed Feb 12 18:56:12 UTC 2014,0.48,3.5,232,46,4,EventProcessingServiceUnit_scaleIn,
Wed Feb 12 18:56:27 UTC 2014,0.36,4,145,186,3,EventProcessingServiceUnit_scaleIn,
Wed Feb 12 18:56:45 UTC 2014,0.36,4,145,186,3,,
Wed Feb 12 18:57:02 UTC 2014,0.36,4.5,254,178,3,,
Wed Feb 12 18:57:19 UTC 2014,0.36,4.5,254,178,3,,
Wed Feb 12 18:57:31 UTC 2014,0.36,4.5,260,367,3,DataNodeServiceUnit_scaleOut,
Wed Feb 12 18:57:49 UTC 2014,0.36,4.5,260,367,3,DataNodeServiceUnit_scaleOut,
Wed Feb 12 18:58:05 UTC 2014,0.36,0,0,295,3,DataNodeServiceUnit_scaleOut,
Wed Feb 12 18:58:18 UTC 2014,0.36,2.5,61,127,3,DataNodeServiceUnit_scaleOut,
Wed Feb 12 18:58:30 UTC 2014,0.36,0,0,0,3,DataNodeServiceUnit_scaleOut,
Wed Feb 12 18:58:48 UTC 2014,0.36,0,0,0,3,DataNodeServiceUnit_scaleOut,
Wed Feb 12 18:59:00 UTC 2014,0.36,0,0,0,3,,
Wed Feb 12 18:59:14 UTC 2014,0.36,0,0,0,3,,
Wed Feb 12 18:59:32 UTC 2014,0.36,0,0,0,3,,
Wed Feb 12 18:59:47 UTC 2014,0.36,0,0,0,3,,
Wed Feb 12 18:59:56 UTC 2014,0.36,0,0,0,3,,
Wed Feb 12 19:00:17 UTC 2014,0.36,0,0,0,3,,
Wed Feb 12 19:00:24 UTC 2014,0.36,0,0,0,3,,
Wed Feb 12 19:00:41 UTC 2014,0.36,0,0,0,3,,
Wed Feb 12 19:00:48 UTC 2014,0.36,0,0,0,3,,
Wed Feb 12 19:00:54 UTC 2014,0.36,0,0,0,3,,
Wed Feb 12 19:01:07 UTC 2014,0.36,6,39,0,3,,
Wed Feb 12 19:01:21 UTC 2014,0.36,9.5,198,0,3,,
Wed Feb 12 19:01:32 UTC 2014,0.36,9.5,198,0,3,,
Wed Feb 12 19:01:43 UTC 2014,0.36,9.5,198,0,3,,
Wed Feb 12 19:01:52 UTC 2014,0.36,11,171,152,3,,
Wed Feb 12 19:02:03 UTC 2014,0.36,5.5,143,27,3,,
Wed Feb 12 19:02:19 UTC 2014,0.36,8,242,238,3,,
Wed Feb 12 19:02:37 UTC 2014,0.36,8,242,238,3,,
Wed Feb 12 19:02:47 UTC 2014,0.36,7,145,2,3,EventProcessingServiceUnit_scaleIn,
Wed Feb 12 19:03:08 UTC 2014,0.36,7,145,2,3,EventProcessingServiceUnit_scaleIn,
Wed Feb 12 19:03:21 UTC 2014,0.36,5,303,303,3,EventProcessingServiceUnit_scaleIn,
Wed Feb 12 19:03:34 UTC 2014,0.36,5,303,303,3,EventProcessingServiceUnit_scaleIn,
Wed Feb 12 19:03:49 UTC 2014,0.36,4.5,24,42,3,EventProcessingServiceUnit_scaleIn,
Wed Feb 12 19:04:02 UTC 2014,0.36,-0.5,-1,114,3,EventProcessingServiceUnit_scaleIn,
Wed Feb 12 19:04:18 UTC 2014,0.36,-0.5,-1,114,3,EventProcessingServiceUnit_scaleIn,
Wed Feb 12 19:04:32 UTC 2014,0.36,3,239,209,3,EventProcessingServiceUnit_scaleIn,
Wed Feb 12 19:04:50 UTC 2014,0.36,4,66,285,3,EventProcessingServiceUnit_scaleIn,
Wed Feb 12 19:05:05 UTC 2014,0.36,0,0,0,3,EventProcessingServiceUnit_scaleIn,
Wed Feb 12 19:05:19 UTC 2014,0.36,4,167,42,3,EventProcessingServiceUnit_scaleIn,
Wed Feb 12 19:05:33 UTC 2014,0.36,4,167,42,2,EventProcessingServiceUnit_scaleIn,
Wed Feb 12 19:05:45 UTC 2014,0.24,4,188,9,2,,
Wed Feb 12 19:05:53 UTC 2014,0.24,4,188,9,2,,
Wed Feb 12 19:05:59 UTC 2014,0.24,4,188,9,2,,
Wed Feb 12 19:06:10 UTC 2014,0.24,5,165,370,2,,
Wed Feb 12 19:06:24 UTC 2014,0.24,5,165,370,2,,
Wed Feb 12 19:06:33 UTC 2014,0.24,5,158,125,2,,
Wed Feb 12 19:06:40 UTC 2014,0.24,5,158,125,2,,
Wed Feb 12 19:06:53 UTC 2014,0.24,5,158,125,2,,
Wed Feb 12 19:07:12 UTC 2014,0.24,5,6,0,2,,
Wed Feb 12 19:07:24 UTC 2014,0.24,4,156,22,2,,
Wed Feb 12 19:07:42 UTC 2014,0.24,4,197,311,2,,
Wed Feb 12 19:07:54 UTC 2014,0.24,5,212,340,2,,
Wed Feb 12 19:08:12 UTC 2014,0.24,5,212,340,2,,
Wed Feb 12 19:08:21 UTC 2014,0.24,4,165,8,2,EventProcessingServiceUnit_scaleIn,
Wed Feb 12 19:08:43 UTC 2014,0.24,0,0,0,2,,
Wed Feb 12 19:08:57 UTC 2014,0.24,4,46,0,2,,
Wed Feb 12 19:09:10 UTC 2014,0.24,4,46,0,2,,
Wed Feb 12 19:09:20 UTC 2014,0.24,0,0,0,2,,
Wed Feb 12 19:09:38 UTC 2014,0.24,0,0,0,2,,
Wed Feb 12 19:09:46 UTC 2014,0.24,0,0,0,2,,
Wed Feb 12 19:10:02 UTC 2014,0.24,0,0,0,2,,
Wed Feb 12 19:10:13 UTC 2014,0.24,0,0,0,2,,
Wed Feb 12 19:10:30 UTC 2014,0.24,0,0,0,2,,
Wed Feb 12 19:10:39 UTC 2014,0.24,0,0,0,2,,
Wed Feb 12 19:10:56 UTC 2014,0.24,0,0,0,2,,
Wed Feb 12 19:11:04 UTC 2014,0.24,0,0,0,2,,
Wed Feb 12 19:11:11 UTC 2014,0.24,0,0,0,2,,
Wed Feb 12 19:11:18 UTC 2014,0.24,0,0,0,2,,
Wed Feb 12 19:11:25 UTC 2014,0.24,0,0,0,2,,
Wed Feb 12 19:11:32 UTC 2014,0.24,0,0,0,2,,
Wed Feb 12 19:11:39 UTC 2014,0.24,0,0,54,2,,
Wed Feb 12 19:11:48 UTC 2014,0.24,0,0,54,2,,
Wed Feb 12 19:11:56 UTC 2014,0.24,0,0,54,2,,
Wed Feb 12 19:12:07 UTC 2014,0.24,3,275,109,2,,
Wed Feb 12 19:12:26 UTC 2014,0.24,3,275,109,2,,
Wed Feb 12 19:12:38 UTC 2014,0.24,27,35,245,2,,
Wed Feb 12 19:12:58 UTC 2014,0.24,0,0,0,2,,
Wed Feb 12 19:13:09 UTC 2014,0.24,2,336,383,2,,
Wed Feb 12 19:13:27 UTC 2014,0.24,3,28,25,2,,
Wed Feb 12 19:13:37 UTC 2014,0.24,3,28,25,2,DataNodeServiceUnit_scaleOut,
Wed Feb 12 19:13:54 UTC 2014,0.24,43,58,32,2,DataNodeServiceUnit_scaleOut,
Wed Feb 12 19:14:06 UTC 2014,0.24,3,18,409,2,DataNodeServiceUnit_scaleOut,
Wed Feb 12 19:14:20 UTC 2014,0.24,3,18,409,2,DataNodeServiceUnit_scaleOut,
Wed Feb 12 19:14:34 UTC 2014,0.24,4,10,82,2,DataNodeServiceUnit_scaleOut,
Wed Feb 12 19:14:50 UTC 2014,0.24,3,246,71,2,,
Wed Feb 12 19:15:01 UTC 2014,0.24,3,188,104,2,,
Wed Feb 12 19:15:08 UTC 2014,0.24,3,188,104,2,,
Wed Feb 12 19:15:23 UTC 2014,0.24,6,32,362,2,,
Wed Feb 12 19:15:43 UTC 2014,0.24,410,4,7,2,,
Wed Feb 12 19:15:56 UTC 2014,0.24,410,4,7,2,,
Wed Feb 12 19:16:02 UTC 2014,0.24,5,169,0,2,,
Wed Feb 12 19:16:16 UTC 2014,0.24,4,167,76,2,,
Wed Feb 12 19:16:30 UTC 2014,0.24,4,167,76,2,,
Wed Feb 12 19:16:45 UTC 2014,0.24,7,123,73,2,,
Wed Feb 12 19:16:52 UTC 2014,0.24,7,123,73,2,,
Wed Feb 12 19:17:07 UTC 2014,0.24,8,0,294,2,,
Wed Feb 12 19:17:20 UTC 2014,0.24,7,171,168,2,,
Wed Feb 12 19:17:32 UTC 2014,0.24,7,171,168,2,,
Wed Feb 12 19:17:42 UTC 2014,0.24,8,154,111,2,,
Wed Feb 12 19:17:49 UTC 2014,0.24,8,154,111,2,EventProcessingServiceUnit_scaleOut,
Wed Feb 12 19:18:07 UTC 2014,0.24,7,121,137,2,EventProcessingServiceUnit_scaleOut,
Wed Feb 12 19:18:23 UTC 2014,0.24,7,121,110,2,EventProcessingServiceUnit_scaleOut,
Wed Feb 12 19:18:34 UTC 2014,0.24,6,131,110,2,EventProcessingServiceUnit_scaleOut,
Wed Feb 12 19:18:54 UTC 2014,0.36,65,163,85,3,,
Wed Feb 12 19:19:11 UTC 2014,0.36,6,151,0,3,,
Wed Feb 12 19:19:29 UTC 2014,0.36,6,151,0,3,,
Wed Feb 12 19:19:37 UTC 2014,0.36,-0.5,128,91,3,,
Wed Feb 12 19:19:56 UTC 2014,0.36,-0.5,128,91,3,,
Wed Feb 12 19:20:03 UTC 2014,0.36,8.5,205,232,3,,
Wed Feb 12 19:20:10 UTC 2014,0.36,8.5,205,232,3,,
Wed Feb 12 19:20:21 UTC 2014,0.36,6,286,23,3,,
Wed Feb 12 19:20:33 UTC 2014,0.36,6,286,23,3,,
Wed Feb 12 19:20:46 UTC 2014,0.36,3,30,0,3,,
Wed Feb 12 19:20:57 UTC 2014,0.36,3,30,0,3,,
Wed Feb 12 19:21:14 UTC 2014,0.36,0,0,104,3,,
Wed Feb 12 19:21:26 UTC 2014,0.36,0,0,104,3,,
Wed Feb 12 19:21:44 UTC 2014,0.36,0,0,0,3,,
Wed Feb 12 19:21:52 UTC 2014,0.36,0,0,0,3,,
Wed Feb 12 19:22:09 UTC 2014,0.36,0,0,0,3,,
Wed Feb 12 19:22:22 UTC 2014,0.36,0,0,0,3,,
Wed Feb 12 19:22:35 UTC 2014,0.36,0,72,0,3,DataNodeServiceUnit_scaleOut,
Wed Feb 12 19:22:52 UTC 2014,0.36,7,72,0,3,DataNodeServiceUnit_scaleOut,
Wed Feb 12 19:23:09 UTC 2014,0.36,0,0,0,3,DataNodeServiceUnit_scaleOut,
Wed Feb 12 19:23:28 UTC 2014,0.36,0,0,0,3,DataNodeServiceUnit_scaleOut,
Wed Feb 12 19:23:40 UTC 2014,0.36,0,0,0,3,DataNodeServiceUnit_scaleOut,
Wed Feb 12 19:23:56 UTC 2014,0.36,0,0,0,3,,
Wed Feb 12 19:24:05 UTC 2014,0.36,0,0,0,3,,
Wed Feb 12 19:24:21 UTC 2014,0.36,5.5,231,229,3,,
Wed Feb 12 19:24:29 UTC 2014,0.36,5.5,231,229,3,,
Wed Feb 12 19:24:37 UTC 2014,0.36,5.5,231,229,3,,
Wed Feb 12 19:24:44 UTC 2014,0.36,5.5,231,229,3,,
Wed Feb 12 19:24:51 UTC 2014,0.36,5.5,231,229,3,,
Wed Feb 12 19:24:58 UTC 2014,0.36,5.5,231,229,3,,
Wed Feb 12 19:25:06 UTC 2014,0.36,5.5,231,229,3,,
Wed Feb 12 19:25:16 UTC 2014,0.36,5,248,94,3,,
Wed Feb 12 19:25:34 UTC 2014,0.36,5,248,94,3,,
Wed Feb 12 19:25:42 UTC 2014,0.36,7,238,18,3,,
Wed Feb 12 19:25:56 UTC 2014,0.36,7,238,18,3,,
Wed Feb 12 19:26:07 UTC 2014,0.36,7.5,221,77,3,,
Wed Feb 12 19:26:24 UTC 2014,0.36,7.5,221,77,3,DataNodeServiceUnit_scaleOut,
Wed Feb 12 19:26:42 UTC 2014,0.36,6.5,294,130,3,DataNodeServiceUnit_scaleOut,
Wed Feb 12 19:26:59 UTC 2014,0.36,6.5,294,130,3,DataNodeServiceUnit_scaleOut,
Wed Feb 12 19:27:11 UTC 2014,0.36,5,334,410,3,DataNodeServiceUnit_scaleOut,
Wed Feb 12 19:27:30 UTC 2014,0.36,5,175,358,3,DataNodeServiceUnit_scaleOut,
Wed Feb 12 19:27:46 UTC 2014,0.36,5,175,358,3,DataNodeServiceUnit_scaleOut,
Wed Feb 12 19:27:59 UTC 2014,0.36,6,210,284,3,,
Wed Feb 12 19:28:07 UTC 2014,0.36,6,210,284,3,,
Wed Feb 12 19:28:18 UTC 2014,0.36,6,227,326,3,,
Wed Feb 12 19:28:36 UTC 2014,0.36,6,227,326,3,,
Wed Feb 12 19:28:44 UTC 2014,0.36,6,227,326,3,,
Wed Feb 12 19:29:02 UTC 2014,0.36,15,68,256,3,,
Wed Feb 12 19:29:16 UTC 2014,0.36,15,68,256,3,,
Wed Feb 12 19:29:29 UTC 2014,0.36,0,0,235,3,,
Wed Feb 12 19:29:44 UTC 2014,0.36,0,0,235,3,,
Wed Feb 12 19:29:52 UTC 2014,0.36,0,0,235,3,,
Wed Feb 12 19:30:06 UTC 2014,0.36,5,122,0,3,,
Wed Feb 12 19:30:18 UTC 2014,0.36,5,122,0,3,,
Wed Feb 12 19:30:27 UTC 2014,0.36,5,122,0,3,,
Wed Feb 12 19:30:34 UTC 2014,0.36,5,122,0,3,,
Wed Feb 12 19:30:44 UTC 2014,0.36,0,0,0,3,,
Wed Feb 12 19:30:52 UTC 2014,0.36,0,0,0,3,,
Wed Feb 12 19:31:05 UTC 2014,0.36,0,0,0,3,,
Wed Feb 12 19:31:13 UTC 2014,0.36,0,0,0,3,DataNodeServiceUnit_scaleOut,
Wed Feb 12 19:31:34 UTC 2014,0.36,0,0,0,3,DataNodeServiceUnit_scaleOut,
Wed Feb 12 19:31:47 UTC 2014,0.36,0,0,0,3,DataNodeServiceUnit_scaleOut,
Wed Feb 12 19:32:04 UTC 2014,0.36,0,0,0,3,DataNodeServiceUnit_scaleOut,
Wed Feb 12 19:32:15 UTC 2014,0.36,0,0,0,3,,
Wed Feb 12 19:32:24 UTC 2014,0.36,0,0,0,3,,
Wed Feb 12 19:32:47 UTC 2014,0.36,0,0,0,3,,
Wed Feb 12 19:32:54 UTC 2014,0.36,0,0,0,3,,
Wed Feb 12 19:33:15 UTC 2014,0.36,0,0,0,3,,
Wed Feb 12 19:33:28 UTC 2014,0.36,6.5,174,193,3,EventProcessingServiceUnit_scaleIn,
Wed Feb 12 19:33:47 UTC 2014,0.36,6.5,174,193,3,EventProcessingServiceUnit_scaleIn,
Wed Feb 12 19:34:03 UTC 2014,0.36,5.5,108,61,3,EventProcessingServiceUnit_scaleIn,
Wed Feb 12 19:34:16 UTC 2014,0.36,5.5,108,61,3,EventProcessingServiceUnit_scaleIn,
Wed Feb 12 19:34:29 UTC 2014,0.36,5.5,108,151,3,EventProcessingServiceUnit_scaleIn,
Wed Feb 12 19:34:42 UTC 2014,0.36,3,74,151,3,EventProcessingServiceUnit_scaleIn,
Wed Feb 12 19:34:54 UTC 2014,0.36,3,74,151,3,EventProcessingServiceUnit_scaleIn,
Wed Feb 12 19:35:14 UTC 2014,0.36,3,65,52,3,EventProcessingServiceUnit_scaleIn,
Wed Feb 12 19:35:26 UTC 2014,0.36,3,65,52,3,EventProcessingServiceUnit_scaleIn,
Wed Feb 12 19:35:37 UTC 2014,0.36,3,65,164,3,EventProcessingServiceUnit_scaleIn,
Wed Feb 12 19:35:49 UTC 2014,0.36,3.5,126,164,3,EventProcessingServiceUnit_scaleIn,
Wed Feb 12 19:36:06 UTC 2014,0.36,3.5,126,164,3,,
Wed Feb 12 19:36:14 UTC 2014,0.24,6,141,62,2,,
Wed Feb 12 19:36:21 UTC 2014,0.24,6,141,62,2,,
Wed Feb 12 19:36:29 UTC 2014,0.24,6,141,62,2,,
Wed Feb 12 19:36:37 UTC 2014,0.24,6,141,62,2,,
Wed Feb 12 19:36:46 UTC 2014,0.24,8,130,220,2,,
Wed Feb 12 19:36:57 UTC 2014,0.24,8,130,220,2,,
Wed Feb 12 19:37:14 UTC 2014,0.24,8,130,220,2,,
Wed Feb 12 19:37:21 UTC 2014,0.24,8,130,220,2,,
Wed Feb 12 19:37:27 UTC 2014,0.24,8,130,220,2,,
Wed Feb 12 19:37:39 UTC 2014,0.24,8,130,220,2,,
Wed Feb 12 19:37:49 UTC 2014,0.24,7,118,111,2,,
Wed Feb 12 19:37:57 UTC 2014,0.24,7,118,111,2,,
Wed Feb 12 19:38:09 UTC 2014,0.24,7,118,217,2,DataNodeServiceUnit_scaleIn,
Wed Feb 12 19:38:27 UTC 2014,0.24,7,126,217,2,DataNodeServiceUnit_scaleIn,
Wed Feb 12 19:38:41 UTC 2014,0.24,7,151,43,2,DataNodeServiceUnit_scaleIn,
Wed Feb 12 19:38:58 UTC 2014,0.24,7,151,43,2,DataNodeServiceUnit_scaleIn,
Wed Feb 12 19:39:16 UTC 2014,0.24,8,117,284,2,DataNodeServiceUnit_scaleIn,
Wed Feb 12 19:39:32 UTC 2014,0.24,8,117,284,2,DataNodeServiceUnit_scaleIn,
Wed Feb 12 19:39:46 UTC 2014,0.24,8,117,284,2,DataNodeServiceUnit_scaleIn,
Wed Feb 12 19:39:57 UTC 2014,0.24,7,127,0,2,DataNodeServiceUnit_scaleIn,
Wed Feb 12 19:40:13 UTC 2014,0.24,7,127,0,2,DataNodeServiceUnit_scaleIn,
Wed Feb 12 19:40:24 UTC 2014,0.24,0,0,0,2,DataNodeServiceUnit_scaleIn,
Wed Feb 12 19:40:37 UTC 2014,0.24,0,0,0,2,DataNodeServiceUnit_scaleIn,
Wed Feb 12 19:40:48 UTC 2014,0.24,0,0,0,2,DataNodeServiceUnit_scaleIn,
Wed Feb 12 19:41:08 UTC 2014,0.24,0,0,0,2,DataNodeServiceUnit_scaleIn,
Wed Feb 12 19:41:21 UTC 2014,0.24,0,0,0,2,DataNodeServiceUnit_scaleIn,
Wed Feb 12 19:41:38 UTC 2014,0.24,0,0,0,2,,
Wed Feb 12 19:41:44 UTC 2014,0.24,0,0,0,2,,
Wed Feb 12 19:41:53 UTC 2014,0.24,0,0,0,2,,
Wed Feb 12 19:42:02 UTC 2014,0.24,0,0,0,2,,
Wed Feb 12 19:42:17 UTC 2014,0.24,0,0,0,2,EventProcessingServiceUnit_scaleIn,
Wed Feb 12 19:42:42 UTC 2014,0.24,0,0,0,2,EventProcessingServiceUnit_scaleIn,
Wed Feb 12 19:42:58 UTC 2014,0.24,0,0,0,2,,
Wed Feb 12 19:43:10 UTC 2014,0.24,0,0,0,2,,
Wed Feb 12 19:43:26 UTC 2014,0.24,0,0,0,2,,
Wed Feb 12 19:43:40 UTC 2014,0.24,0,0,0,2,,
Wed Feb 12 19:43:55 UTC 2014,0.24,7,152,0,2,,
Wed Feb 12 19:44:13 UTC 2014,0.24,7,152,0,2,,
Wed Feb 12 19:44:20 UTC 2014,0.24,7,152,0,2,,
Wed Feb 12 19:44:28 UTC 2014,0.24,7,141,244,2,,
Wed Feb 12 19:44:44 UTC 2014,0.24,6,154,14,2,,
Wed Feb 12 19:44:58 UTC 2014,0.24,6,154,14,2,,
Wed Feb 12 19:45:07 UTC 2014,0.24,6,154,14,2,,
Wed Feb 12 19:45:21 UTC 2014,0.24,6,154,14,2,,
Wed Feb 12 19:45:33 UTC 2014,0.24,6,152,334,2,,
Wed Feb 12 19:45:49 UTC 2014,0.24,6,152,334,2,EventProcessingServiceUnit_scaleOut,
Wed Feb 12 19:46:09 UTC 2014,0.24,6,157,131,2,,
Wed Feb 12 19:46:24 UTC 2014,0.24,6,157,131,2,,
Wed Feb 12 19:46:32 UTC 2014,0.24,6,157,131,2,,
Wed Feb 12 19:46:38 UTC 2014,0.24,6,154,78,2,,
Wed Feb 12 19:46:50 UTC 2014,0.24,6,154,78,2,,
Wed Feb 12 19:47:07 UTC 2014,0.24,6,155,49,2,,
Wed Feb 12 19:47:22 UTC 2014,0.24,6,155,49,2,,
Wed Feb 12 19:47:37 UTC 2014,0.24,6,155,49,2,,
Wed Feb 12 19:47:51 UTC 2014,0.24,6,155,49,2,,
Wed Feb 12 19:48:07 UTC 2014,0.24,7,165,241,2,,
Wed Feb 12 19:48:33 UTC 2014,0.24,6,151,161,2,,
Wed Feb 12 19:48:50 UTC 2014,0.24,6,151,161,2,,
Wed Feb 12 19:48:58 UTC 2014,0.24,6,151,161,2,,
Wed Feb 12 19:49:05 UTC 2014,0.24,6,151,21,2,,
Wed Feb 12 19:49:12 UTC 2014,0.24,6,151,21,2,,
Wed Feb 12 19:49:25 UTC 2014,0.24,6,151,21,2,,
Wed Feb 12 19:49:37 UTC 2014,0.24,6,154,99,2,,
Wed Feb 12 19:49:56 UTC 2014,0.24,6,154,99,2,,
Wed Feb 12 19:50:13 UTC 2014,0.24,0,0,0,2,,
Wed Feb 12 19:50:26 UTC 2014,0.24,0,0,0,2,,
Wed Feb 12 19:50:40 UTC 2014,0.24,0,0,0,2,,
Wed Feb 12 19:51:01 UTC 2014,0.24,0,0,0,2,,
Wed Feb 12 19:51:08 UTC 2014,0.24,0,0,0,2,,
Wed Feb 12 19:51:16 UTC 2014,0.24,0,0,0,2,DataNodeServiceUnit_scaleIn,
Wed Feb 12 19:51:37 UTC 2014,0.24,0,0,0,2,DataNodeServiceUnit_scaleIn,
Wed Feb 12 19:51:55 UTC 2014,0.24,0,0,0,2,DataNodeServiceUnit_scaleIn,
Wed Feb 12 19:52:06 UTC 2014,0.24,0,0,0,2,DataNodeServiceUnit_scaleIn,
Wed Feb 12 19:52:22 UTC 2014,0.24,0,0,0,2,DataNodeServiceUnit_scaleIn,
Wed Feb 12 19:52:41 UTC 2014,0.24,0,0,0,2,DataNodeServiceUnit_scaleIn,
Wed Feb 12 19:52:56 UTC 2014,0.24,0,0,0,2,DataNodeServiceUnit_scaleIn,
Wed Feb 12 19:53:11 UTC 2014,0.24,0,0,0,2,,
Wed Feb 12 19:53:20 UTC 2014,0.24,0,0,0,2,,
Wed Feb 12 19:53:35 UTC 2014,0.24,0,0,0,2,,
Wed Feb 12 19:54:00 UTC 2014,0.24,0,0,0,2,,
Wed Feb 12 19:54:10 UTC 2014,0.24,6,157,50,2,,
Wed Feb 12 19:54:23 UTC 2014,0.24,6,157,50,2,,
Wed Feb 12 19:54:37 UTC 2014,0.24,5,141,14,2,,
Wed Feb 12 19:54:50 UTC 2014,0.24,5,141,14,2,,
Wed Feb 12 19:55:05 UTC 2014,0.24,4,199,63,2,,
Wed Feb 12 19:55:17 UTC 2014,0.24,4,199,63,2,,
Wed Feb 12 19:55:34 UTC 2014,0.24,6,159,126,2,,
Wed Feb 12 19:55:51 UTC 2014,0.24,6,159,126,2,,
Wed Feb 12 19:56:03 UTC 2014,0.24,5,163,298,2,,
