Time ,cost ,numberOfClients ,numberOfVMs , ongoingAction, targetedNodeID
Wed Feb 12 16:02:17 UTC 2014,0.12,165,1,EventProcessingServiceUnit_scaleIn,EventProcessingServiceUnit
Wed Feb 12 16:02:31 UTC 2014,0.12,165,1,EventProcessingServiceUnit_scaleIn,EventProcessingServiceUnit
Wed Feb 12 16:02:42 UTC 2014,0.12,57,1,EventProcessingServiceUnit_scaleIn,EventProcessingServiceUnit
Wed Feb 12 16:02:53 UTC 2014,0.12,57,1,,
Wed Feb 12 16:03:03 UTC 2014,0.12,1,1,,
Wed Feb 12 16:03:21 UTC 2014,0.12,1,1,,
Wed Feb 12 16:03:32 UTC 2014,0.12,181,1,,
Wed Feb 12 16:03:44 UTC 2014,0.12,110,1,,
Wed Feb 12 16:03:58 UTC 2014,0.12,70,1,,
Wed Feb 12 16:04:12 UTC 2014,0.12,34,1,,
Wed Feb 12 16:04:27 UTC 2014,0.12,34,1,,
Wed Feb 12 16:04:38 UTC 2014,0.12,183,1,,
Wed Feb 12 16:04:55 UTC 2014,0.12,310,1,,
Wed Feb 12 16:05:01 UTC 2014,0.12,61,1,,
Wed Feb 12 16:05:20 UTC 2014,0.12,0,1,,
Wed Feb 12 16:05:28 UTC 2014,0.12,205,1,,
Wed Feb 12 16:05:46 UTC 2014,0.12,322,1,,
Wed Feb 12 16:05:56 UTC 2014,0.12,63,1,,
Wed Feb 12 16:06:10 UTC 2014,0.12,63,1,,
Wed Feb 12 16:06:24 UTC 2014,0.12,23,1,,
Wed Feb 12 16:06:38 UTC 2014,0.12,184,1,,
Wed Feb 12 16:06:46 UTC 2014,0.12,180,1,,
Wed Feb 12 16:06:53 UTC 2014,0.12,180,1,,
Wed Feb 12 16:07:03 UTC 2014,0.12,188,1,,
Wed Feb 12 16:07:11 UTC 2014,0.12,29,1,EventProcessingServiceUnit_scaleOut,EventProcessingServiceUnit
Wed Feb 12 16:07:22 UTC 2014,0.12,208,1,EventProcessingServiceUnit_scaleOut,EventProcessingServiceUnit
Wed Feb 12 16:07:36 UTC 2014,0.12,290,1,EventProcessingServiceUnit_scaleOut,EventProcessingServiceUnit
Wed Feb 12 16:07:46 UTC 2014,0.12,80,1,EventProcessingServiceUnit_scaleOut,EventProcessingServiceUnit
Wed Feb 12 16:08:00 UTC 2014,0.12,30,1,EventProcessingServiceUnit_scaleOut,EventProcessingServiceUnit
Wed Feb 12 16:08:10 UTC 2014,0.12,30,1,EventProcessingServiceUnit_scaleOut,EventProcessingServiceUnit
Wed Feb 12 16:08:20 UTC 2014,0.12,0,1,EventProcessingServiceUnit_scaleOut,EventProcessingServiceUnit
Wed Feb 12 16:08:31 UTC 2014,0.12,0,1,EventProcessingServiceUnit_scaleOut,EventProcessingServiceUnit
Wed Feb 12 16:08:41 UTC 2014,0.12,0,1,,
Wed Feb 12 16:08:48 UTC 2014,0.12,0,1,,
Wed Feb 12 16:09:05 UTC 2014,0.12,0,1,,
Wed Feb 12 16:09:13 UTC 2014,0.12,0,1,,
Wed Feb 12 16:09:29 UTC 2014,0.12,0,1,,
Wed Feb 12 16:09:38 UTC 2014,0.12,0,1,,
Wed Feb 12 16:09:55 UTC 2014,0.12,0,1,,
Wed Feb 12 16:10:13 UTC 2014,0.12,0,1,,
Wed Feb 12 16:10:22 UTC 2014,0.12,0,1,,
Wed Feb 12 16:10:37 UTC 2014,0.12,0,1,,
Wed Feb 12 16:10:45 UTC 2014,0.12,0,1,,
Wed Feb 12 16:11:00 UTC 2014,0.12,0,1,,
Wed Feb 12 16:11:07 UTC 2014,0.12,0,1,,
Wed Feb 12 16:11:20 UTC 2014,0.12,0,1,DataNodeServiceUnit_scaleOut,DataNodeServiceUnit
Wed Feb 12 16:11:40 UTC 2014,0.12,0,1,DataNodeServiceUnit_scaleOut,DataNodeServiceUnit
Wed Feb 12 16:11:54 UTC 2014,0.12,0,1,DataNodeServiceUnit_scaleOut,DataNodeServiceUnit
Wed Feb 12 16:12:04 UTC 2014,0.12,0,1,DataNodeServiceUnit_scaleOut,DataNodeServiceUnit
Wed Feb 12 16:12:16 UTC 2014,0.12,59,1,DataNodeServiceUnit_scaleOut,DataNodeServiceUnit
Wed Feb 12 16:12:26 UTC 2014,0.12,128,1,DataNodeServiceUnit_scaleOut,DataNodeServiceUnit
Wed Feb 12 16:12:38 UTC 2014,0.12,81,1,DataNodeServiceUnit_scaleOut,DataNodeServiceUnit
Wed Feb 12 16:12:51 UTC 2014,0.12,98,1,,
Wed Feb 12 16:12:58 UTC 2014,0.12,98,1,,
Wed Feb 12 16:13:11 UTC 2014,0.12,32,1,,
Wed Feb 12 16:13:25 UTC 2014,0.12,63,1,,
Wed Feb 12 16:13:38 UTC 2014,0.12,63,1,,
Wed Feb 12 16:13:48 UTC 2014,0.12,63,1,EventProcessingServiceUnit_scaleOut,EventProcessingServiceUnit
Wed Feb 12 16:14:03 UTC 2014,0.12,184,1,EventProcessingServiceUnit_scaleOut,EventProcessingServiceUnit
Wed Feb 12 16:14:19 UTC 2014,0.12,23,1,EventProcessingServiceUnit_scaleOut,EventProcessingServiceUnit
Wed Feb 12 16:14:36 UTC 2014,0.12,208,1,EventProcessingServiceUnit_scaleOut,EventProcessingServiceUnit
Wed Feb 12 16:14:51 UTC 2014,0.12,208,1,EventProcessingServiceUnit_scaleOut,EventProcessingServiceUnit
Wed Feb 12 16:15:01 UTC 2014,0.12,208,1,EventProcessingServiceUnit_scaleOut,EventProcessingServiceUnit
Wed Feb 12 16:15:16 UTC 2014,0.12,262,1,,
Wed Feb 12 16:15:26 UTC 2014,0.12,77,1,,
Wed Feb 12 16:15:35 UTC 2014,0.12,96,1,,
Wed Feb 12 16:15:52 UTC 2014,0.12,96,1,,
Wed Feb 12 16:15:59 UTC 2014,0.12,26,1,,
Wed Feb 12 16:16:17 UTC 2014,0.12,26,1,,
Wed Feb 12 16:16:27 UTC 2014,0.12,26,1,,
Wed Feb 12 16:16:42 UTC 2014,0.12,39,1,,
Wed Feb 12 16:16:50 UTC 2014,0.12,194,1,EventProcessingServiceUnit_scaleOut,EventProcessingServiceUnit
Wed Feb 12 16:17:14 UTC 2014,0.12,194,1,EventProcessingServiceUnit_scaleOut,EventProcessingServiceUnit
Wed Feb 12 16:17:28 UTC 2014,0.12,194,1,EventProcessingServiceUnit_scaleOut,EventProcessingServiceUnit
Wed Feb 12 16:17:40 UTC 2014,0.12,190,1,EventProcessingServiceUnit_scaleOut,EventProcessingServiceUnit
Wed Feb 12 16:17:48 UTC 2014,0.12,190,1,EventProcessingServiceUnit_scaleOut,EventProcessingServiceUnit
Wed Feb 12 16:18:00 UTC 2014,0.12,0,1,EventProcessingServiceUnit_scaleOut,EventProcessingServiceUnit
Wed Feb 12 16:18:09 UTC 2014,0.12,0,1,,
Wed Feb 12 16:18:26 UTC 2014,0.12,0,1,,
Wed Feb 12 16:18:33 UTC 2014,0.12,0,1,,
Wed Feb 12 16:18:51 UTC 2014,0.12,0,1,,
Wed Feb 12 16:19:06 UTC 2014,0.12,0,1,,
Wed Feb 12 16:19:14 UTC 2014,0.12,0,1,,
Wed Feb 12 16:19:29 UTC 2014,0.12,0,1,,
Wed Feb 12 16:19:46 UTC 2014,0.12,0,1,,
Wed Feb 12 16:19:55 UTC 2014,0.12,0,1,,
Wed Feb 12 16:20:05 UTC 2014,0.12,0,1,,
Wed Feb 12 16:20:21 UTC 2014,0.12,0,1,,
Wed Feb 12 16:20:28 UTC 2014,0.12,107,1,EventProcessingServiceUnit_scaleIn,EventProcessingServiceUnit
Wed Feb 12 16:20:41 UTC 2014,0.12,107,1,EventProcessingServiceUnit_scaleIn,EventProcessingServiceUnit
Wed Feb 12 16:20:52 UTC 2014,0.12,0,1,EventProcessingServiceUnit_scaleIn,EventProcessingServiceUnit
Wed Feb 12 16:21:02 UTC 2014,0.12,0,1,EventProcessingServiceUnit_scaleIn,EventProcessingServiceUnit
Wed Feb 12 16:21:18 UTC 2014,0.12,0,1,EventProcessingServiceUnit_scaleIn,EventProcessingServiceUnit
Wed Feb 12 16:21:30 UTC 2014,0.12,0,1,EventProcessingServiceUnit_scaleIn,EventProcessingServiceUnit
Wed Feb 12 16:21:44 UTC 2014,0.12,0,1,EventProcessingServiceUnit_scaleIn,EventProcessingServiceUnit
Wed Feb 12 16:21:56 UTC 2014,0.12,0,1,EventProcessingServiceUnit_scaleIn,EventProcessingServiceUnit
Wed Feb 12 16:22:06 UTC 2014,0.12,0,1,EventProcessingServiceUnit_scaleIn,EventProcessingServiceUnit
Wed Feb 12 16:22:21 UTC 2014,0.12,37,1,EventProcessingServiceUnit_scaleIn,EventProcessingServiceUnit
Wed Feb 12 16:22:33 UTC 2014,0.12,37,1,EventProcessingServiceUnit_scaleIn,EventProcessingServiceUnit
Wed Feb 12 16:22:47 UTC 2014,0.12,197,1,EventProcessingServiceUnit_scaleIn,EventProcessingServiceUnit
Wed Feb 12 16:22:57 UTC 2014,0.12,197,1,EventProcessingServiceUnit_scaleIn,EventProcessingServiceUnit
Wed Feb 12 16:23:09 UTC 2014,0.12,197,1,EventProcessingServiceUnit_scaleIn,EventProcessingServiceUnit
Wed Feb 12 16:23:18 UTC 2014,0.12,197,1,EventProcessingServiceUnit_scaleIn,EventProcessingServiceUnit
Wed Feb 12 16:23:32 UTC 2014,0.12,350,1,,
Wed Feb 12 16:23:45 UTC 2014,0.12,33,1,,
Wed Feb 12 16:23:54 UTC 2014,0.12,273,1,,
Wed Feb 12 16:24:13 UTC 2014,0.12,273,1,,
Wed Feb 12 16:24:22 UTC 2014,0.12,273,1,,
Wed Feb 12 16:24:36 UTC 2014,0.12,269,1,,
Wed Feb 12 16:24:53 UTC 2014,0.12,166,1,,
Wed Feb 12 16:25:12 UTC 2014,0.12,166,1,,
Wed Feb 12 16:25:19 UTC 2014,0.12,78,1,,
Wed Feb 12 16:25:35 UTC 2014,0.12,78,1,,
Wed Feb 12 16:25:42 UTC 2014,0.12,139,1,,
Wed Feb 12 16:25:48 UTC 2014,0.12,139,1,,
Wed Feb 12 16:25:54 UTC 2014,0.12,139,1,,
Wed Feb 12 16:26:06 UTC 2014,0.12,139,1,,
Wed Feb 12 16:26:13 UTC 2014,0.12,139,1,,
Wed Feb 12 16:26:19 UTC 2014,0.12,32,1,,
Wed Feb 12 16:26:28 UTC 2014,0.12,32,1,,
Wed Feb 12 16:26:40 UTC 2014,0.12,32,1,,
Wed Feb 12 16:26:47 UTC 2014,0.12,0,1,DataNodeServiceUnit_scaleIn,DataNodeServiceUnit
Wed Feb 12 16:27:06 UTC 2014,0.12,0,1,DataNodeServiceUnit_scaleIn,DataNodeServiceUnit
Wed Feb 12 16:27:16 UTC 2014,0.12,0,1,DataNodeServiceUnit_scaleIn,DataNodeServiceUnit
Wed Feb 12 16:27:26 UTC 2014,0.12,0,1,DataNodeServiceUnit_scaleIn,DataNodeServiceUnit
Wed Feb 12 16:27:36 UTC 2014,0.12,0,1,DataNodeServiceUnit_scaleIn,DataNodeServiceUnit
Wed Feb 12 16:27:47 UTC 2014,0.12,0,1,DataNodeServiceUnit_scaleIn,DataNodeServiceUnit
Wed Feb 12 16:27:57 UTC 2014,0.12,0,1,DataNodeServiceUnit_scaleIn,DataNodeServiceUnit
Wed Feb 12 16:28:07 UTC 2014,0.12,0,1,DataNodeServiceUnit_scaleIn,DataNodeServiceUnit
Wed Feb 12 16:28:18 UTC 2014,0.12,0,1,DataNodeServiceUnit_scaleIn,DataNodeServiceUnit
Wed Feb 12 16:28:28 UTC 2014,0.12,0,1,DataNodeServiceUnit_scaleIn,DataNodeServiceUnit
Wed Feb 12 16:28:39 UTC 2014,0.12,0,1,DataNodeServiceUnit_scaleIn,DataNodeServiceUnit
Wed Feb 12 16:28:49 UTC 2014,0.12,0,1,DataNodeServiceUnit_scaleIn,DataNodeServiceUnit
Wed Feb 12 16:28:59 UTC 2014,0.12,0,1,DataNodeServiceUnit_scaleIn,DataNodeServiceUnit
Wed Feb 12 16:29:09 UTC 2014,0.12,0,1,DataNodeServiceUnit_scaleIn,DataNodeServiceUnit
Wed Feb 12 16:29:22 UTC 2014,0.12,0,1,DataNodeServiceUnit_scaleIn,DataNodeServiceUnit
Wed Feb 12 16:29:31 UTC 2014,0.12,0,1,DataNodeServiceUnit_scaleIn,DataNodeServiceUnit
Wed Feb 12 16:29:42 UTC 2014,0.12,0,1,DataNodeServiceUnit_scaleIn,DataNodeServiceUnit
Wed Feb 12 16:29:53 UTC 2014,0.12,0,1,DataNodeServiceUnit_scaleIn,DataNodeServiceUnit
Wed Feb 12 16:30:08 UTC 2014,0.12,30,1,DataNodeServiceUnit_scaleIn,DataNodeServiceUnit
Wed Feb 12 16:30:24 UTC 2014,0.12,30,1,,
Wed Feb 12 16:30:31 UTC 2014,0.12,51,1,,
Wed Feb 12 16:30:45 UTC 2014,0.12,51,1,,
Wed Feb 12 16:30:56 UTC 2014,0.12,51,1,,
Wed Feb 12 16:31:12 UTC 2014,0.12,332,1,,
Wed Feb 12 16:31:19 UTC 2014,0.12,444,1,,
Wed Feb 12 16:31:34 UTC 2014,0.12,444,1,,
Wed Feb 12 16:31:48 UTC 2014,0.12,29,1,,
Wed Feb 12 16:31:59 UTC 2014,0.12,182,1,,
Wed Feb 12 16:32:11 UTC 2014,0.12,182,1,,
Wed Feb 12 16:32:21 UTC 2014,0.12,182,1,,
Wed Feb 12 16:32:37 UTC 2014,0.12,214,1,,
Wed Feb 12 16:32:45 UTC 2014,0.12,186,1,,
Wed Feb 12 16:32:59 UTC 2014,0.12,186,1,,
Wed Feb 12 16:33:09 UTC 2014,0.12,305,1,,
Wed Feb 12 16:33:15 UTC 2014,0.12,464,1,,
Wed Feb 12 16:33:32 UTC 2014,0.12,464,1,,
Wed Feb 12 16:33:40 UTC 2014,0.12,226,1,,
Wed Feb 12 16:33:55 UTC 2014,0.12,226,1,,
Wed Feb 12 16:34:02 UTC 2014,0.12,226,1,,
Wed Feb 12 16:34:15 UTC 2014,0.12,154,1,,
Wed Feb 12 16:34:31 UTC 2014,0.12,29,1,,
Wed Feb 12 16:34:44 UTC 2014,0.12,79,1,EventProcessingServiceUnit_scaleOut,EventProcessingServiceUnit
Wed Feb 12 16:34:58 UTC 2014,0.12,79,1,EventProcessingServiceUnit_scaleOut,EventProcessingServiceUnit
Wed Feb 12 16:35:09 UTC 2014,0.12,79,1,EventProcessingServiceUnit_scaleOut,EventProcessingServiceUnit
Wed Feb 12 16:35:21 UTC 2014,0.12,37,1,EventProcessingServiceUnit_scaleOut,EventProcessingServiceUnit
Wed Feb 12 16:35:32 UTC 2014,0.12,37,1,EventProcessingServiceUnit_scaleOut,EventProcessingServiceUnit
Wed Feb 12 16:35:45 UTC 2014,0.12,219,1,EventProcessingServiceUnit_scaleOut,EventProcessingServiceUnit
Wed Feb 12 16:35:56 UTC 2014,0.12,219,1,EventProcessingServiceUnit_scaleOut,EventProcessingServiceUnit
Wed Feb 12 16:36:11 UTC 2014,0.12,212,1,,
Wed Feb 12 16:36:23 UTC 2014,0.12,212,1,,
Wed Feb 12 16:36:35 UTC 2014,0.12,10,1,,
Wed Feb 12 16:36:47 UTC 2014,0.12,0,1,,
Wed Feb 12 16:37:02 UTC 2014,0.12,0,1,,
Wed Feb 12 16:37:12 UTC 2014,0.12,0,1,,
Wed Feb 12 16:37:19 UTC 2014,0.12,0,1,,
Wed Feb 12 16:37:26 UTC 2014,0.12,0,1,,
Wed Feb 12 16:37:39 UTC 2014,0.12,0,1,,
Wed Feb 12 16:37:56 UTC 2014,0.12,171,1,EventProcessingServiceUnit_scaleOut,EventProcessingServiceUnit
Wed Feb 12 16:38:12 UTC 2014,0.12,12,1,EventProcessingServiceUnit_scaleOut,EventProcessingServiceUnit
Wed Feb 12 16:38:22 UTC 2014,0.12,12,1,EventProcessingServiceUnit_scaleOut,EventProcessingServiceUnit
Wed Feb 12 16:38:34 UTC 2014,0.12,12,1,EventProcessingServiceUnit_scaleOut,EventProcessingServiceUnit
Wed Feb 12 16:38:50 UTC 2014,0.12,291,1,EventProcessingServiceUnit_scaleOut,EventProcessingServiceUnit
Wed Feb 12 16:39:00 UTC 2014,0.12,291,1,EventProcessingServiceUnit_scaleOut,EventProcessingServiceUnit
Wed Feb 12 16:39:10 UTC 2014,0.12,106,1,,
Wed Feb 12 16:39:20 UTC 2014,0.12,106,1,,
Wed Feb 12 16:39:38 UTC 2014,0.12,106,1,,
Wed Feb 12 16:39:47 UTC 2014,0.12,49,1,,
Wed Feb 12 16:39:59 UTC 2014,0.12,49,1,,
Wed Feb 12 16:40:08 UTC 2014,0.12,331,1,,
Wed Feb 12 16:40:20 UTC 2014,0.12,331,1,,
Wed Feb 12 16:40:29 UTC 2014,0.12,310,1,,
Wed Feb 12 16:40:48 UTC 2014,0.12,310,1,,
Wed Feb 12 16:41:01 UTC 2014,0.12,310,1,,
Wed Feb 12 16:41:13 UTC 2014,0.12,335,1,,
Wed Feb 12 16:41:24 UTC 2014,0.12,335,1,,
Wed Feb 12 16:41:37 UTC 2014,0.12,452,1,,
Wed Feb 12 16:41:49 UTC 2014,0.12,16,1,,
Wed Feb 12 16:42:09 UTC 2014,0.12,16,1,,
Wed Feb 12 16:42:17 UTC 2014,0.12,16,1,,
Wed Feb 12 16:42:29 UTC 2014,0.12,244,1,,
Wed Feb 12 16:42:46 UTC 2014,0.12,244,1,,
Wed Feb 12 16:42:54 UTC 2014,0.12,55,1,,
Wed Feb 12 16:43:00 UTC 2014,0.12,55,1,,
Wed Feb 12 16:43:08 UTC 2014,0.12,55,1,,
Wed Feb 12 16:43:29 UTC 2014,0.12,55,1,,
Wed Feb 12 16:43:39 UTC 2014,0.12,7,1,,
Wed Feb 12 16:43:49 UTC 2014,0.12,7,1,,
Wed Feb 12 16:44:00 UTC 2014,0.12,0,1,,
Wed Feb 12 16:44:18 UTC 2014,0.12,184,1,,
Wed Feb 12 16:44:24 UTC 2014,0.12,184,1,,
Wed Feb 12 16:44:35 UTC 2014,0.12,184,1,,
Wed Feb 12 16:44:42 UTC 2014,0.12,492,1,,
Wed Feb 12 16:44:52 UTC 2014,0.12,492,1,,
Wed Feb 12 16:44:58 UTC 2014,0.12,492,1,EventProcessingServiceUnit_scaleOut,EventProcessingServiceUnit
Wed Feb 12 16:45:11 UTC 2014,0.12,492,1,EventProcessingServiceUnit_scaleOut,EventProcessingServiceUnit
Wed Feb 12 16:45:25 UTC 2014,0.12,176,1,EventProcessingServiceUnit_scaleOut,EventProcessingServiceUnit
Wed Feb 12 16:45:35 UTC 2014,0.12,176,1,EventProcessingServiceUnit_scaleOut,EventProcessingServiceUnit
Wed Feb 12 16:45:47 UTC 2014,0.12,176,1,EventProcessingServiceUnit_scaleOut,EventProcessingServiceUnit
Wed Feb 12 16:45:56 UTC 2014,0.12,223,1,EventProcessingServiceUnit_scaleOut,EventProcessingServiceUnit
Wed Feb 12 16:46:06 UTC 2014,0.12,223,1,EventProcessingServiceUnit_scaleOut,EventProcessingServiceUnit
Wed Feb 12 16:46:17 UTC 2014,0.12,75,1,EventProcessingServiceUnit_scaleOut,EventProcessingServiceUnit
Wed Feb 12 16:46:30 UTC 2014,0.12,75,1,,
Wed Feb 12 16:46:47 UTC 2014,0.12,100,1,,
Wed Feb 12 16:47:04 UTC 2014,0.12,112,1,,
Wed Feb 12 16:47:16 UTC 2014,0.12,0,1,EventProcessingServiceUnit_scaleIn,EventProcessingServiceUnit
Wed Feb 12 16:47:38 UTC 2014,0.12,0,1,EventProcessingServiceUnit_scaleIn,EventProcessingServiceUnit
Wed Feb 12 16:47:49 UTC 2014,0.12,0,1,EventProcessingServiceUnit_scaleIn,EventProcessingServiceUnit
Wed Feb 12 16:48:01 UTC 2014,0.12,255,1,EventProcessingServiceUnit_scaleIn,EventProcessingServiceUnit
Wed Feb 12 16:48:14 UTC 2014,0.12,255,1,EventProcessingServiceUnit_scaleIn,EventProcessingServiceUnit
Wed Feb 12 16:48:26 UTC 2014,0.12,255,1,EventProcessingServiceUnit_scaleIn,EventProcessingServiceUnit
Wed Feb 12 16:48:41 UTC 2014,0.12,255,1,EventProcessingServiceUnit_scaleIn,EventProcessingServiceUnit
Wed Feb 12 16:48:54 UTC 2014,0.12,376,1,EventProcessingServiceUnit_scaleIn,EventProcessingServiceUnit
Wed Feb 12 16:49:05 UTC 2014,0.12,376,1,EventProcessingServiceUnit_scaleIn,EventProcessingServiceUnit
Wed Feb 12 16:49:22 UTC 2014,0.12,0,1,EventProcessingServiceUnit_scaleIn,EventProcessingServiceUnit
Wed Feb 12 16:49:31 UTC 2014,0.12,0,1,EventProcessingServiceUnit_scaleIn,EventProcessingServiceUnit
Wed Feb 12 16:49:49 UTC 2014,0.12,0,1,EventProcessingServiceUnit_scaleIn,EventProcessingServiceUnit
Wed Feb 12 16:50:00 UTC 2014,0.12,18,1,EventProcessingServiceUnit_scaleIn,EventProcessingServiceUnit
Wed Feb 12 16:50:12 UTC 2014,0.12,18,1,,
Wed Feb 12 16:50:21 UTC 2014,0.12,18,1,,
Wed Feb 12 16:50:30 UTC 2014,0.12,0,1,,
Wed Feb 12 16:50:45 UTC 2014,0.12,0,1,,
Wed Feb 12 16:51:00 UTC 2014,0.12,0,1,,
Wed Feb 12 16:51:13 UTC 2014,0.12,218,1,,
Wed Feb 12 16:51:25 UTC 2014,0.12,73,1,,
Wed Feb 12 16:51:42 UTC 2014,0.12,73,1,,
Wed Feb 12 16:51:50 UTC 2014,0.12,6,1,,
Wed Feb 12 16:52:14 UTC 2014,0.12,6,1,,
Wed Feb 12 16:52:21 UTC 2014,0.12,6,1,,
Wed Feb 12 16:52:35 UTC 2014,0.12,6,1,,
Wed Feb 12 16:52:48 UTC 2014,0.12,221,1,,
Wed Feb 12 16:53:01 UTC 2014,0.12,514,1,,
Wed Feb 12 16:53:15 UTC 2014,0.12,514,1,,
Wed Feb 12 16:53:30 UTC 2014,0.12,6,1,,
Wed Feb 12 16:53:41 UTC 2014,0.12,6,1,,
Wed Feb 12 16:53:53 UTC 2014,0.12,6,1,,
Wed Feb 12 16:54:06 UTC 2014,0.12,6,1,,
Wed Feb 12 16:54:19 UTC 2014,0.12,209,1,,
Wed Feb 12 16:54:27 UTC 2014,0.12,412,1,,
Wed Feb 12 16:54:49 UTC 2014,0.12,412,1,,
Wed Feb 12 16:54:54 UTC 2014,0.12,412,1,,
Wed Feb 12 16:55:02 UTC 2014,0.12,55,1,,
Wed Feb 12 16:55:11 UTC 2014,0.12,55,1,,
Wed Feb 12 16:55:25 UTC 2014,0.12,55,1,,
Wed Feb 12 16:55:38 UTC 2014,0.12,55,1,,
Wed Feb 12 16:55:51 UTC 2014,0.12,109,1,DataNodeServiceUnit_scaleOut,DataNodeServiceUnit
Wed Feb 12 16:56:05 UTC 2014,0.12,109,1,DataNodeServiceUnit_scaleOut,DataNodeServiceUnit
Wed Feb 12 16:56:22 UTC 2014,0.12,8,1,DataNodeServiceUnit_scaleOut,DataNodeServiceUnit
Wed Feb 12 16:56:37 UTC 2014,0.12,8,1,DataNodeServiceUnit_scaleOut,DataNodeServiceUnit
Wed Feb 12 16:56:48 UTC 2014,0.12,225,1,DataNodeServiceUnit_scaleOut,DataNodeServiceUnit
Wed Feb 12 16:57:02 UTC 2014,0.12,225,1,DataNodeServiceUnit_scaleOut,DataNodeServiceUnit
Wed Feb 12 16:57:13 UTC 2014,0.12,90,1,DataNodeServiceUnit_scaleOut,DataNodeServiceUnit
Wed Feb 12 16:57:24 UTC 2014,0.12,90,1,,
Wed Feb 12 16:57:37 UTC 2014,0.12,0,1,,
Wed Feb 12 16:57:53 UTC 2014,0.12,0,1,,
Wed Feb 12 16:58:00 UTC 2014,0.12,0,1,,
Wed Feb 12 16:58:13 UTC 2014,0.12,0,1,,
Wed Feb 12 16:58:26 UTC 2014,0.12,0,1,,
Wed Feb 12 16:58:33 UTC 2014,0.12,0,1,,
Wed Feb 12 16:58:43 UTC 2014,0.12,0,1,,
Wed Feb 12 16:58:51 UTC 2014,0.12,0,1,,
Wed Feb 12 16:58:58 UTC 2014,0.12,0,1,,
Wed Feb 12 16:59:04 UTC 2014,0.12,0,1,,
Wed Feb 12 16:59:12 UTC 2014,0.12,0,1,,
Wed Feb 12 16:59:20 UTC 2014,0.12,0,1,,
Wed Feb 12 16:59:36 UTC 2014,0.12,0,1,,
Wed Feb 12 16:59:47 UTC 2014,0.12,0,1,,
Wed Feb 12 16:59:59 UTC 2014,0.12,0,1,,
Wed Feb 12 17:00:07 UTC 2014,0.12,0,1,,
Wed Feb 12 17:00:19 UTC 2014,0.12,0,1,,
Wed Feb 12 17:00:30 UTC 2014,0.12,0,1,,
Wed Feb 12 17:00:47 UTC 2014,0.12,0,1,EventProcessingServiceUnit_scaleIn,EventProcessingServiceUnit
Wed Feb 12 17:00:57 UTC 2014,0.12,0,1,EventProcessingServiceUnit_scaleIn,EventProcessingServiceUnit
Wed Feb 12 17:01:08 UTC 2014,0.12,0,1,EventProcessingServiceUnit_scaleIn,EventProcessingServiceUnit
Wed Feb 12 17:01:18 UTC 2014,0.12,0,1,EventProcessingServiceUnit_scaleIn,EventProcessingServiceUnit
Wed Feb 12 17:01:29 UTC 2014,0.12,0,1,EventProcessingServiceUnit_scaleIn,EventProcessingServiceUnit
Wed Feb 12 17:01:40 UTC 2014,0.12,0,1,EventProcessingServiceUnit_scaleIn,EventProcessingServiceUnit
Wed Feb 12 17:01:56 UTC 2014,0.12,0,1,EventProcessingServiceUnit_scaleIn,EventProcessingServiceUnit
Wed Feb 12 17:02:07 UTC 2014,0.12,0,1,EventProcessingServiceUnit_scaleIn,EventProcessingServiceUnit
Wed Feb 12 17:02:19 UTC 2014,0.12,0,1,EventProcessingServiceUnit_scaleIn,EventProcessingServiceUnit
Wed Feb 12 17:02:29 UTC 2014,0.12,49,1,EventProcessingServiceUnit_scaleIn,EventProcessingServiceUnit
Wed Feb 12 17:02:44 UTC 2014,0.12,49,1,EventProcessingServiceUnit_scaleIn,EventProcessingServiceUnit
Wed Feb 12 17:03:00 UTC 2014,0.12,66,1,EventProcessingServiceUnit_scaleIn,EventProcessingServiceUnit
Wed Feb 12 17:03:09 UTC 2014,0.12,66,1,EventProcessingServiceUnit_scaleIn,EventProcessingServiceUnit
Wed Feb 12 17:03:18 UTC 2014,0.12,66,1,EventProcessingServiceUnit_scaleIn,EventProcessingServiceUnit
Wed Feb 12 17:03:30 UTC 2014,0.12,66,1,,
Wed Feb 12 17:03:41 UTC 2014,0.12,109,1,,
Wed Feb 12 17:03:53 UTC 2014,0.12,109,1,,
Wed Feb 12 17:04:06 UTC 2014,0.12,140,1,,
Wed Feb 12 17:04:14 UTC 2014,0.12,140,1,,
Wed Feb 12 17:04:28 UTC 2014,0.12,108,1,,
Wed Feb 12 17:04:41 UTC 2014,0.12,108,1,,
Wed Feb 12 17:04:48 UTC 2014,0.12,108,1,EventProcessingServiceUnit_scaleOut,EventProcessingServiceUnit
Wed Feb 12 17:04:59 UTC 2014,0.12,198,1,EventProcessingServiceUnit_scaleOut,EventProcessingServiceUnit
Wed Feb 12 17:05:14 UTC 2014,0.12,198,1,EventProcessingServiceUnit_scaleOut,EventProcessingServiceUnit
Wed Feb 12 17:05:24 UTC 2014,0.12,198,1,EventProcessingServiceUnit_scaleOut,EventProcessingServiceUnit
Wed Feb 12 17:05:37 UTC 2014,0.12,42,1,EventProcessingServiceUnit_scaleOut,EventProcessingServiceUnit
Wed Feb 12 17:05:50 UTC 2014,0.12,42,1,EventProcessingServiceUnit_scaleOut,EventProcessingServiceUnit
Wed Feb 12 17:06:01 UTC 2014,0.12,303,1,,
Wed Feb 12 17:06:08 UTC 2014,0.12,303,1,,
Wed Feb 12 17:06:15 UTC 2014,0.12,303,1,,
Wed Feb 12 17:06:32 UTC 2014,0.12,303,1,,
Wed Feb 12 17:06:43 UTC 2014,0.12,164,1,,
Wed Feb 12 17:07:01 UTC 2014,0.12,164,1,,
Wed Feb 12 17:07:08 UTC 2014,0.12,164,1,,
Wed Feb 12 17:07:20 UTC 2014,0.12,0,1,,
Wed Feb 12 17:07:33 UTC 2014,0.12,0,1,,
Wed Feb 12 17:07:41 UTC 2014,0.12,182,1,,
Wed Feb 12 17:07:53 UTC 2014,0.12,182,1,,
Wed Feb 12 17:08:03 UTC 2014,0.12,165,1,,
Wed Feb 12 17:08:10 UTC 2014,0.12,165,1,,
Wed Feb 12 17:08:22 UTC 2014,0.12,242,1,,
Wed Feb 12 17:08:36 UTC 2014,0.12,242,1,,
Wed Feb 12 17:08:49 UTC 2014,0.12,484,1,,
Wed Feb 12 17:08:56 UTC 2014,0.12,484,1,,
Wed Feb 12 17:09:12 UTC 2014,0.12,484,1,,
Wed Feb 12 17:09:22 UTC 2014,0.12,484,1,,
Wed Feb 12 17:09:36 UTC 2014,0.12,183,1,,
Wed Feb 12 17:09:53 UTC 2014,0.12,183,1,,
Wed Feb 12 17:10:00 UTC 2014,0.12,29,1,,
Wed Feb 12 17:10:15 UTC 2014,0.12,29,1,,
Wed Feb 12 17:10:21 UTC 2014,0.12,29,1,,
Wed Feb 12 17:10:29 UTC 2014,0.12,29,1,,
Wed Feb 12 17:10:38 UTC 2014,0.12,180,1,,
Wed Feb 12 17:10:49 UTC 2014,0.12,180,1,,
Wed Feb 12 17:11:02 UTC 2014,0.12,180,1,,
Wed Feb 12 17:11:13 UTC 2014,0.12,180,1,,
Wed Feb 12 17:11:21 UTC 2014,0.12,180,1,,
Wed Feb 12 17:11:27 UTC 2014,0.12,21,1,,
Wed Feb 12 17:11:35 UTC 2014,0.12,21,1,EventProcessingServiceUnit_scaleIn,EventProcessingServiceUnit
Wed Feb 12 17:11:54 UTC 2014,0.12,51,1,EventProcessingServiceUnit_scaleIn,EventProcessingServiceUnit
Wed Feb 12 17:12:06 UTC 2014,0.12,51,1,EventProcessingServiceUnit_scaleIn,EventProcessingServiceUnit
Wed Feb 12 17:12:16 UTC 2014,0.12,51,1,EventProcessingServiceUnit_scaleIn,EventProcessingServiceUnit
Wed Feb 12 17:12:26 UTC 2014,0.12,44,1,EventProcessingServiceUnit_scaleIn,EventProcessingServiceUnit
Wed Feb 12 17:12:36 UTC 2014,0.12,44,1,EventProcessingServiceUnit_scaleIn,EventProcessingServiceUnit
Wed Feb 12 17:12:49 UTC 2014,0.12,91,1,EventProcessingServiceUnit_scaleIn,EventProcessingServiceUnit
Wed Feb 12 17:12:57 UTC 2014,0.12,91,1,EventProcessingServiceUnit_scaleIn,EventProcessingServiceUnit
Wed Feb 12 17:13:11 UTC 2014,0.12,91,1,EventProcessingServiceUnit_scaleIn,EventProcessingServiceUnit
Wed Feb 12 17:13:21 UTC 2014,0.12,91,1,EventProcessingServiceUnit_scaleIn,EventProcessingServiceUnit
Wed Feb 12 17:13:31 UTC 2014,0.12,19,1,EventProcessingServiceUnit_scaleIn,EventProcessingServiceUnit
Wed Feb 12 17:13:40 UTC 2014,0.12,19,1,EventProcessingServiceUnit_scaleIn,EventProcessingServiceUnit
Wed Feb 12 17:13:52 UTC 2014,0.12,19,1,EventProcessingServiceUnit_scaleIn,EventProcessingServiceUnit
Wed Feb 12 17:14:04 UTC 2014,0.12,0,1,EventProcessingServiceUnit_scaleIn,EventProcessingServiceUnit
Wed Feb 12 17:14:16 UTC 2014,0.12,0,1,,
Wed Feb 12 17:14:23 UTC 2014,0.12,38,1,,
Wed Feb 12 17:14:30 UTC 2014,0.12,38,1,,
Wed Feb 12 17:14:40 UTC 2014,0.12,38,1,,
Wed Feb 12 17:14:51 UTC 2014,0.12,38,1,,
Wed Feb 12 17:14:59 UTC 2014,0.12,38,1,,
Wed Feb 12 17:15:09 UTC 2014,0.12,69,1,,
Wed Feb 12 17:15:22 UTC 2014,0.12,69,1,,
Wed Feb 12 17:15:33 UTC 2014,0.12,189,1,,
Wed Feb 12 17:15:53 UTC 2014,0.12,189,1,,
Wed Feb 12 17:16:03 UTC 2014,0.12,0,1,,
Wed Feb 12 17:16:13 UTC 2014,0.12,0,1,,
Wed Feb 12 17:16:21 UTC 2014,0.12,0,1,,
Wed Feb 12 17:16:36 UTC 2014,0.12,0,1,,
Wed Feb 12 17:16:43 UTC 2014,0.12,0,1,,
Wed Feb 12 17:16:51 UTC 2014,0.12,12,1,,
Wed Feb 12 17:16:58 UTC 2014,0.12,12,1,,
Wed Feb 12 17:17:10 UTC 2014,0.12,364,1,,
Wed Feb 12 17:17:22 UTC 2014,0.12,364,1,,
Wed Feb 12 17:17:33 UTC 2014,0.12,129,1,,
Wed Feb 12 17:17:42 UTC 2014,0.12,129,1,,
Wed Feb 12 17:17:59 UTC 2014,0.12,0,1,,
Wed Feb 12 17:18:06 UTC 2014,0.12,0,1,,
Wed Feb 12 17:18:16 UTC 2014,0.12,359,1,,
Wed Feb 12 17:18:32 UTC 2014,0.12,359,1,,
Wed Feb 12 17:18:39 UTC 2014,0.12,359,1,,
Wed Feb 12 17:18:47 UTC 2014,0.12,359,1,,
Wed Feb 12 17:19:01 UTC 2014,0.12,143,1,EventProcessingServiceUnit_scaleOut,EventProcessingServiceUnit
Wed Feb 12 17:19:15 UTC 2014,0.12,143,1,EventProcessingServiceUnit_scaleOut,EventProcessingServiceUnit
Wed Feb 12 17:19:25 UTC 2014,0.12,143,1,EventProcessingServiceUnit_scaleOut,EventProcessingServiceUnit
Wed Feb 12 17:19:43 UTC 2014,0.12,201,1,EventProcessingServiceUnit_scaleOut,EventProcessingServiceUnit
Wed Feb 12 17:19:54 UTC 2014,0.12,400,1,EventProcessingServiceUnit_scaleOut,EventProcessingServiceUnit
Wed Feb 12 17:20:07 UTC 2014,0.12,400,1,EventProcessingServiceUnit_scaleOut,EventProcessingServiceUnit
Wed Feb 12 17:20:20 UTC 2014,0.12,400,1,,
Wed Feb 12 17:20:26 UTC 2014,0.12,91,1,,
Wed Feb 12 17:20:33 UTC 2014,0.12,91,1,,
Wed Feb 12 17:20:49 UTC 2014,0.12,91,1,,
Wed Feb 12 17:21:01 UTC 2014,0.12,91,1,,
Wed Feb 12 17:21:16 UTC 2014,0.12,94,1,,
Wed Feb 12 17:21:22 UTC 2014,0.12,94,1,,
Wed Feb 12 17:21:34 UTC 2014,0.12,94,1,,
Wed Feb 12 17:21:44 UTC 2014,0.12,135,1,,
Wed Feb 12 17:21:54 UTC 2014,0.12,135,1,,
Wed Feb 12 17:22:11 UTC 2014,0.12,135,1,,
Wed Feb 12 17:22:18 UTC 2014,0.12,0,1,,
Wed Feb 12 17:22:30 UTC 2014,0.12,0,1,,
Wed Feb 12 17:22:38 UTC 2014,0.12,0,1,,
Wed Feb 12 17:22:48 UTC 2014,0.12,14,1,,
Wed Feb 12 17:22:57 UTC 2014,0.12,14,1,,
Wed Feb 12 17:23:10 UTC 2014,0.12,0,1,,
Wed Feb 12 17:23:25 UTC 2014,0.12,0,1,,
Wed Feb 12 17:23:37 UTC 2014,0.12,0,1,,
Wed Feb 12 17:23:46 UTC 2014,0.12,0,1,,
Wed Feb 12 17:24:00 UTC 2014,0.12,0,1,,
Wed Feb 12 17:24:13 UTC 2014,0.12,0,1,,
Wed Feb 12 17:24:21 UTC 2014,0.12,0,1,,
Wed Feb 12 17:24:31 UTC 2014,0.12,0,1,,
Wed Feb 12 17:24:45 UTC 2014,0.12,0,1,,
Wed Feb 12 17:25:02 UTC 2014,0.12,0,1,,
Wed Feb 12 17:25:14 UTC 2014,0.12,0,1,,
Wed Feb 12 17:25:22 UTC 2014,0.12,0,1,,
Wed Feb 12 17:25:32 UTC 2014,0.12,0,1,EventProcessingServiceUnit_scaleIn,EventProcessingServiceUnit
Wed Feb 12 17:25:52 UTC 2014,0.12,0,1,EventProcessingServiceUnit_scaleIn,EventProcessingServiceUnit
Wed Feb 12 17:26:05 UTC 2014,0.12,0,1,EventProcessingServiceUnit_scaleIn,EventProcessingServiceUnit
Wed Feb 12 17:26:15 UTC 2014,0.12,0,1,EventProcessingServiceUnit_scaleIn,EventProcessingServiceUnit
Wed Feb 12 17:26:26 UTC 2014,0.12,269,1,EventProcessingServiceUnit_scaleIn,EventProcessingServiceUnit
Wed Feb 12 17:26:37 UTC 2014,0.12,269,1,EventProcessingServiceUnit_scaleIn,EventProcessingServiceUnit
Wed Feb 12 17:26:49 UTC 2014,0.12,39,1,EventProcessingServiceUnit_scaleIn,EventProcessingServiceUnit
Wed Feb 12 17:27:00 UTC 2014,0.12,39,1,EventProcessingServiceUnit_scaleIn,EventProcessingServiceUnit
Wed Feb 12 17:27:10 UTC 2014,0.12,39,1,EventProcessingServiceUnit_scaleIn,EventProcessingServiceUnit
Wed Feb 12 17:27:21 UTC 2014,0.12,0,1,EventProcessingServiceUnit_scaleIn,EventProcessingServiceUnit
Wed Feb 12 17:27:30 UTC 2014,0.12,0,1,EventProcessingServiceUnit_scaleIn,EventProcessingServiceUnit
Wed Feb 12 17:27:41 UTC 2014,0.12,104,1,EventProcessingServiceUnit_scaleIn,EventProcessingServiceUnit
Wed Feb 12 17:27:57 UTC 2014,0.12,104,1,EventProcessingServiceUnit_scaleIn,EventProcessingServiceUnit
Wed Feb 12 17:28:07 UTC 2014,0.12,104,1,EventProcessingServiceUnit_scaleIn,EventProcessingServiceUnit
Wed Feb 12 17:28:19 UTC 2014,0.12,104,1,EventProcessingServiceUnit_scaleIn,EventProcessingServiceUnit
Wed Feb 12 17:28:29 UTC 2014,0.12,191,1,,
Wed Feb 12 17:28:38 UTC 2014,0.12,191,1,,
Wed Feb 12 17:28:44 UTC 2014,0.12,191,1,,
Wed Feb 12 17:28:55 UTC 2014,0.12,259,1,,
Wed Feb 12 17:29:08 UTC 2014,0.12,259,1,,
Wed Feb 12 17:29:17 UTC 2014,0.12,42,1,,
Wed Feb 12 17:29:34 UTC 2014,0.12,42,1,,
Wed Feb 12 17:29:49 UTC 2014,0.12,42,1,,
Wed Feb 12 17:29:59 UTC 2014,0.12,368,1,,
Wed Feb 12 17:30:12 UTC 2014,0.12,368,1,,
Wed Feb 12 17:30:19 UTC 2014,0.12,368,1,,
Wed Feb 12 17:30:25 UTC 2014,0.12,0,1,,
Wed Feb 12 17:30:38 UTC 2014,0.12,0,1,,
Wed Feb 12 17:30:48 UTC 2014,0.12,0,1,,
Wed Feb 12 17:31:01 UTC 2014,0.12,298,1,,
Wed Feb 12 17:31:10 UTC 2014,0.12,298,1,EventProcessingServiceUnit_scaleIn,EventProcessingServiceUnit
Wed Feb 12 17:31:24 UTC 2014,0.12,25,1,EventProcessingServiceUnit_scaleIn,EventProcessingServiceUnit
Wed Feb 12 17:31:34 UTC 2014,0.12,25,1,EventProcessingServiceUnit_scaleIn,EventProcessingServiceUnit
Wed Feb 12 17:31:44 UTC 2014,0.12,200,1,EventProcessingServiceUnit_scaleIn,EventProcessingServiceUnit
Wed Feb 12 17:31:54 UTC 2014,0.12,200,1,EventProcessingServiceUnit_scaleIn,EventProcessingServiceUnit
Wed Feb 12 17:32:03 UTC 2014,0.12,200,1,EventProcessingServiceUnit_scaleIn,EventProcessingServiceUnit
Wed Feb 12 17:32:19 UTC 2014,0.12,0,1,EventProcessingServiceUnit_scaleIn,EventProcessingServiceUnit
Wed Feb 12 17:32:30 UTC 2014,0.12,0,1,EventProcessingServiceUnit_scaleIn,EventProcessingServiceUnit
Wed Feb 12 17:32:40 UTC 2014,0.12,0,1,EventProcessingServiceUnit_scaleIn,EventProcessingServiceUnit
Wed Feb 12 17:32:51 UTC 2014,0.12,0,1,EventProcessingServiceUnit_scaleIn,EventProcessingServiceUnit
Wed Feb 12 17:33:00 UTC 2014,0.12,0,1,EventProcessingServiceUnit_scaleIn,EventProcessingServiceUnit
Wed Feb 12 17:33:13 UTC 2014,0.12,0,1,EventProcessingServiceUnit_scaleIn,EventProcessingServiceUnit
Wed Feb 12 17:33:22 UTC 2014,0.12,0,1,EventProcessingServiceUnit_scaleIn,EventProcessingServiceUnit
Wed Feb 12 17:33:34 UTC 2014,0.12,0,1,EventProcessingServiceUnit_scaleIn,EventProcessingServiceUnit
Wed Feb 12 17:33:47 UTC 2014,0.12,0,1,,
Wed Feb 12 17:34:01 UTC 2014,0.12,0,1,,
Wed Feb 12 17:34:11 UTC 2014,0.12,32,1,,
Wed Feb 12 17:34:23 UTC 2014,0.12,32,1,,
Wed Feb 12 17:34:31 UTC 2014,0.12,32,1,,
Wed Feb 12 17:34:39 UTC 2014,0.12,94,1,,
Wed Feb 12 17:34:48 UTC 2014,0.12,94,1,,
Wed Feb 12 17:34:55 UTC 2014,0.12,94,1,,
Wed Feb 12 17:35:02 UTC 2014,0.12,20,1,,
Wed Feb 12 17:35:12 UTC 2014,0.12,20,1,,
Wed Feb 12 17:35:25 UTC 2014,0.12,20,1,,
Wed Feb 12 17:35:37 UTC 2014,0.12,20,1,,
Wed Feb 12 17:35:47 UTC 2014,0.12,45,1,,
Wed Feb 12 17:36:02 UTC 2014,0.12,273,1,,
Wed Feb 12 17:36:11 UTC 2014,0.12,273,1,,
Wed Feb 12 17:36:26 UTC 2014,0.12,152,1,,
Wed Feb 12 17:36:38 UTC 2014,0.12,152,1,,
Wed Feb 12 17:36:52 UTC 2014,0.12,269,1,,
Wed Feb 12 17:37:00 UTC 2014,0.12,183,1,,
Wed Feb 12 17:37:19 UTC 2014,0.12,183,1,,
Wed Feb 12 17:37:26 UTC 2014,0.12,183,1,,
Wed Feb 12 17:37:41 UTC 2014,0.12,183,1,EventProcessingServiceUnit_scaleOut,EventProcessingServiceUnit
Wed Feb 12 17:37:52 UTC 2014,0.12,298,1,EventProcessingServiceUnit_scaleOut,EventProcessingServiceUnit
Wed Feb 12 17:38:01 UTC 2014,0.12,298,1,EventProcessingServiceUnit_scaleOut,EventProcessingServiceUnit
Wed Feb 12 17:38:11 UTC 2014,0.12,286,1,EventProcessingServiceUnit_scaleOut,EventProcessingServiceUnit
Wed Feb 12 17:38:22 UTC 2014,0.12,286,1,EventProcessingServiceUnit_scaleOut,EventProcessingServiceUnit
Wed Feb 12 17:38:32 UTC 2014,0.12,308,1,EventProcessingServiceUnit_scaleOut,EventProcessingServiceUnit
Wed Feb 12 17:38:48 UTC 2014,0.12,308,1,EventProcessingServiceUnit_scaleOut,EventProcessingServiceUnit
Wed Feb 12 17:38:57 UTC 2014,0.12,345,1,EventProcessingServiceUnit_scaleOut,EventProcessingServiceUnit
Wed Feb 12 17:39:08 UTC 2014,0.12,345,1,,
Wed Feb 12 17:39:14 UTC 2014,0.12,345,1,,
Wed Feb 12 17:39:21 UTC 2014,0.12,345,1,,
Wed Feb 12 17:39:33 UTC 2014,0.12,345,1,,
Wed Feb 12 17:39:43 UTC 2014,0.12,0,1,,
Wed Feb 12 17:39:59 UTC 2014,0.12,24,1,,
Wed Feb 12 17:40:04 UTC 2014,0.12,24,1,,
Wed Feb 12 17:40:12 UTC 2014,0.12,24,1,,
Wed Feb 12 17:40:18 UTC 2014,0.12,24,1,,
Wed Feb 12 17:40:27 UTC 2014,0.12,0,1,,
Wed Feb 12 17:40:38 UTC 2014,0.12,0,1,,
Wed Feb 12 17:40:49 UTC 2014,0.12,95,1,,
Wed Feb 12 17:40:56 UTC 2014,0.12,95,1,,
Wed Feb 12 17:41:12 UTC 2014,0.12,0,1,,
Wed Feb 12 17:41:27 UTC 2014,0.12,0,1,,
Wed Feb 12 17:41:37 UTC 2014,0.12,0,1,,
Wed Feb 12 17:41:47 UTC 2014,0.12,0,1,,
Wed Feb 12 17:42:03 UTC 2014,0.12,0,1,,
Wed Feb 12 17:42:09 UTC 2014,0.12,0,1,,
Wed Feb 12 17:42:23 UTC 2014,0.12,0,1,,
Wed Feb 12 17:42:32 UTC 2014,0.12,95,1,,
Wed Feb 12 17:42:43 UTC 2014,0.12,95,1,,
Wed Feb 12 17:42:54 UTC 2014,0.12,95,1,,
Wed Feb 12 17:43:05 UTC 2014,0.12,76,1,,
Wed Feb 12 17:43:21 UTC 2014,0.12,80,1,,
Wed Feb 12 17:43:36 UTC 2014,0.12,80,1,,
Wed Feb 12 17:43:43 UTC 2014,0.12,158,1,DataNodeServiceUnit_scaleOut,DataNodeServiceUnit
Wed Feb 12 17:44:06 UTC 2014,0.12,158,1,DataNodeServiceUnit_scaleOut,DataNodeServiceUnit
Wed Feb 12 17:44:16 UTC 2014,0.12,51,1,DataNodeServiceUnit_scaleOut,DataNodeServiceUnit
Wed Feb 12 17:44:28 UTC 2014,0.12,51,1,DataNodeServiceUnit_scaleOut,DataNodeServiceUnit
Wed Feb 12 17:44:40 UTC 2014,0.12,51,1,DataNodeServiceUnit_scaleOut,DataNodeServiceUnit
Wed Feb 12 17:44:51 UTC 2014,0.12,44,1,DataNodeServiceUnit_scaleOut,DataNodeServiceUnit
Wed Feb 12 17:45:01 UTC 2014,0.12,89,1,,
Wed Feb 12 17:45:17 UTC 2014,0.12,89,1,,
Wed Feb 12 17:45:33 UTC 2014,0.12,0,1,,
Wed Feb 12 17:45:46 UTC 2014,0.12,0,1,,
Wed Feb 12 17:46:00 UTC 2014,0.12,0,1,,
Wed Feb 12 17:46:06 UTC 2014,0.12,0,1,,
Wed Feb 12 17:46:21 UTC 2014,0.12,0,1,,
Wed Feb 12 17:46:27 UTC 2014,0.12,109,1,,
Wed Feb 12 17:46:34 UTC 2014,0.12,109,1,,
Wed Feb 12 17:46:42 UTC 2014,0.12,109,1,,
Wed Feb 12 17:46:58 UTC 2014,0.12,147,1,,
Wed Feb 12 17:47:10 UTC 2014,0.12,147,1,,
Wed Feb 12 17:47:16 UTC 2014,0.12,147,1,,
Wed Feb 12 17:47:24 UTC 2014,0.12,310,1,,
Wed Feb 12 17:47:41 UTC 2014,0.12,310,1,,
Wed Feb 12 17:47:53 UTC 2014,0.12,281,1,,
Wed Feb 12 17:48:03 UTC 2014,0.12,281,1,,
Wed Feb 12 17:48:10 UTC 2014,0.12,281,1,,
Wed Feb 12 17:48:15 UTC 2014,0.12,281,1,,
Wed Feb 12 17:48:24 UTC 2014,0.12,281,1,,
Wed Feb 12 17:48:41 UTC 2014,0.12,278,1,,
Wed Feb 12 17:48:51 UTC 2014,0.12,278,1,,
Wed Feb 12 17:49:03 UTC 2014,0.12,278,1,,
Wed Feb 12 17:49:18 UTC 2014,0.12,0,1,,
Wed Feb 12 17:49:28 UTC 2014,0.12,0,1,,
Wed Feb 12 17:49:38 UTC 2014,0.12,0,1,,
Wed Feb 12 17:49:54 UTC 2014,0.12,150,1,,
Wed Feb 12 17:50:01 UTC 2014,0.12,150,1,EventProcessingServiceUnit_scaleIn,EventProcessingServiceUnit
Wed Feb 12 17:50:15 UTC 2014,0.12,150,1,EventProcessingServiceUnit_scaleIn,EventProcessingServiceUnit
Wed Feb 12 17:50:25 UTC 2014,0.12,0,1,EventProcessingServiceUnit_scaleIn,EventProcessingServiceUnit
Wed Feb 12 17:50:35 UTC 2014,0.12,0,1,EventProcessingServiceUnit_scaleIn,EventProcessingServiceUnit
Wed Feb 12 17:50:46 UTC 2014,0.12,0,1,EventProcessingServiceUnit_scaleIn,EventProcessingServiceUnit
Wed Feb 12 17:50:57 UTC 2014,0.12,0,1,EventProcessingServiceUnit_scaleIn,EventProcessingServiceUnit
Wed Feb 12 17:51:07 UTC 2014,0.12,0,1,EventProcessingServiceUnit_scaleIn,EventProcessingServiceUnit
Wed Feb 12 17:51:17 UTC 2014,0.12,0,1,EventProcessingServiceUnit_scaleIn,EventProcessingServiceUnit
Wed Feb 12 17:51:27 UTC 2014,0.12,60,1,EventProcessingServiceUnit_scaleIn,EventProcessingServiceUnit
Wed Feb 12 17:51:37 UTC 2014,0.12,60,1,EventProcessingServiceUnit_scaleIn,EventProcessingServiceUnit
Wed Feb 12 17:51:49 UTC 2014,0.12,161,1,EventProcessingServiceUnit_scaleIn,EventProcessingServiceUnit
Wed Feb 12 17:51:59 UTC 2014,0.12,161,1,EventProcessingServiceUnit_scaleIn,EventProcessingServiceUnit
Wed Feb 12 17:52:08 UTC 2014,0.12,0,1,EventProcessingServiceUnit_scaleIn,EventProcessingServiceUnit
Wed Feb 12 17:52:18 UTC 2014,0.12,0,1,EventProcessingServiceUnit_scaleIn,EventProcessingServiceUnit
Wed Feb 12 17:52:27 UTC 2014,0.12,0,1,EventProcessingServiceUnit_scaleIn,EventProcessingServiceUnit
Wed Feb 12 17:52:40 UTC 2014,0.12,0,1,EventProcessingServiceUnit_scaleIn,EventProcessingServiceUnit
Wed Feb 12 17:52:56 UTC 2014,0.12,0,1,,
Wed Feb 12 17:53:10 UTC 2014,0.12,0,1,,
Wed Feb 12 17:53:16 UTC 2014,0.12,163,1,,
Wed Feb 12 17:53:29 UTC 2014,0.12,163,1,,
Wed Feb 12 17:53:36 UTC 2014,0.12,163,1,,
Wed Feb 12 17:53:47 UTC 2014,0.12,308,1,,
Wed Feb 12 17:54:04 UTC 2014,0.12,308,1,,
Wed Feb 12 17:54:12 UTC 2014,0.12,107,1,,
Wed Feb 12 17:54:29 UTC 2014,0.12,107,1,,
Wed Feb 12 17:54:36 UTC 2014,0.12,107,1,,
Wed Feb 12 17:54:50 UTC 2014,0.12,107,1,,
Wed Feb 12 17:54:57 UTC 2014,0.12,107,1,,
Wed Feb 12 17:55:10 UTC 2014,0.12,204,1,,
Wed Feb 12 17:55:29 UTC 2014,0.12,203,1,,
Wed Feb 12 17:55:43 UTC 2014,0.12,203,1,,
Wed Feb 12 17:55:54 UTC 2014,0.12,167,1,,
Wed Feb 12 17:56:02 UTC 2014,0.12,167,1,,
Wed Feb 12 17:56:17 UTC 2014,0.12,51,1,,
Wed Feb 12 17:56:30 UTC 2014,0.12,51,1,,
Wed Feb 12 17:56:44 UTC 2014,0.12,137,1,,
Wed Feb 12 17:56:53 UTC 2014,0.12,137,1,,
Wed Feb 12 17:57:08 UTC 2014,0.12,137,1,,
Wed Feb 12 17:57:17 UTC 2014,0.12,248,1,,
Wed Feb 12 17:57:26 UTC 2014,0.12,248,1,,
Wed Feb 12 17:57:33 UTC 2014,0.12,248,1,,
Wed Feb 12 17:57:41 UTC 2014,0.12,248,1,,
Wed Feb 12 17:57:48 UTC 2014,0.12,248,1,EventProcessingServiceUnit_scaleOut,EventProcessingServiceUnit
Wed Feb 12 17:58:05 UTC 2014,0.12,128,1,EventProcessingServiceUnit_scaleOut,EventProcessingServiceUnit
Wed Feb 12 17:58:19 UTC 2014,0.12,128,1,EventProcessingServiceUnit_scaleOut,EventProcessingServiceUnit
Wed Feb 12 17:58:30 UTC 2014,0.12,0,1,EventProcessingServiceUnit_scaleOut,EventProcessingServiceUnit
Wed Feb 12 17:58:41 UTC 2014,0.12,0,1,EventProcessingServiceUnit_scaleOut,EventProcessingServiceUnit
Wed Feb 12 17:58:53 UTC 2014,0.12,0,1,,
Wed Feb 12 17:59:07 UTC 2014,0.12,0,1,,
Wed Feb 12 17:59:14 UTC 2014,0.12,0,1,,
Wed Feb 12 17:59:21 UTC 2014,0.12,0,1,,
Wed Feb 12 17:59:30 UTC 2014,0.12,0,1,,
Wed Feb 12 17:59:39 UTC 2014,0.12,0,1,,
Wed Feb 12 17:59:58 UTC 2014,0.12,0,1,,
Wed Feb 12 18:00:06 UTC 2014,0.12,0,1,,
Wed Feb 12 18:00:15 UTC 2014,0.12,0,1,,
Wed Feb 12 18:00:28 UTC 2014,0.12,0,1,,
Wed Feb 12 18:00:39 UTC 2014,0.12,0,1,,
Wed Feb 12 18:00:50 UTC 2014,0.12,0,1,,
Wed Feb 12 18:01:03 UTC 2014,0.12,100,1,,
Wed Feb 12 18:01:16 UTC 2014,0.12,100,1,,
Wed Feb 12 18:01:26 UTC 2014,0.12,100,1,,
Wed Feb 12 18:01:35 UTC 2014,0.12,0,1,,
Wed Feb 12 18:01:42 UTC 2014,0.12,0,1,,
Wed Feb 12 18:01:59 UTC 2014,0.12,224,1,,
Wed Feb 12 18:02:11 UTC 2014,0.12,224,1,DataNodeServiceUnit_scaleIn,DataNodeServiceUnit
Wed Feb 12 18:02:23 UTC 2014,0.12,224,1,DataNodeServiceUnit_scaleIn,DataNodeServiceUnit
Wed Feb 12 18:02:34 UTC 2014,0.12,303,1,DataNodeServiceUnit_scaleIn,DataNodeServiceUnit
Wed Feb 12 18:02:47 UTC 2014,0.12,303,1,DataNodeServiceUnit_scaleIn,DataNodeServiceUnit
Wed Feb 12 18:03:04 UTC 2014,0.12,352,1,DataNodeServiceUnit_scaleIn,DataNodeServiceUnit
Wed Feb 12 18:03:15 UTC 2014,0.12,352,1,DataNodeServiceUnit_scaleIn,DataNodeServiceUnit
Wed Feb 12 18:03:30 UTC 2014,0.12,352,1,DataNodeServiceUnit_scaleIn,DataNodeServiceUnit
Wed Feb 12 18:03:38 UTC 2014,0.12,51,1,DataNodeServiceUnit_scaleIn,DataNodeServiceUnit
Wed Feb 12 18:03:52 UTC 2014,0.12,51,1,DataNodeServiceUnit_scaleIn,DataNodeServiceUnit
Wed Feb 12 18:04:03 UTC 2014,0.12,244,1,DataNodeServiceUnit_scaleIn,DataNodeServiceUnit
Wed Feb 12 18:04:17 UTC 2014,0.12,244,1,DataNodeServiceUnit_scaleIn,DataNodeServiceUnit
Wed Feb 12 18:04:31 UTC 2014,0.12,318,1,DataNodeServiceUnit_scaleIn,DataNodeServiceUnit
Wed Feb 12 18:04:43 UTC 2014,0.12,318,1,DataNodeServiceUnit_scaleIn,DataNodeServiceUnit
Wed Feb 12 18:04:54 UTC 2014,0.12,318,1,DataNodeServiceUnit_scaleIn,DataNodeServiceUnit
Wed Feb 12 18:05:05 UTC 2014,0.12,318,1,DataNodeServiceUnit_scaleIn,DataNodeServiceUnit
Wed Feb 12 18:05:17 UTC 2014,0.12,182,1,DataNodeServiceUnit_scaleIn,DataNodeServiceUnit
Wed Feb 12 18:05:28 UTC 2014,0.12,182,1,DataNodeServiceUnit_scaleIn,DataNodeServiceUnit
Wed Feb 12 18:05:38 UTC 2014,0.12,264,1,DataNodeServiceUnit_scaleIn,DataNodeServiceUnit
Wed Feb 12 18:05:51 UTC 2014,0.12,264,1,DataNodeServiceUnit_scaleIn,DataNodeServiceUnit
Wed Feb 12 18:06:04 UTC 2014,0.12,3,1,DataNodeServiceUnit_scaleIn,DataNodeServiceUnit
Wed Feb 12 18:06:13 UTC 2014,0.12,3,1,DataNodeServiceUnit_scaleIn,DataNodeServiceUnit
Wed Feb 12 18:06:33 UTC 2014,0.12,3,1,,
Wed Feb 12 18:06:41 UTC 2014,0.12,3,1,,
Wed Feb 12 18:06:57 UTC 2014,0.12,0,1,,
Wed Feb 12 18:07:10 UTC 2014,0.12,0,1,,
Wed Feb 12 18:07:17 UTC 2014,0.12,0,1,DataNodeServiceUnit_scaleIn,DataNodeServiceUnit
Wed Feb 12 18:07:32 UTC 2014,0.12,0,1,DataNodeServiceUnit_scaleIn,DataNodeServiceUnit
Wed Feb 12 18:07:42 UTC 2014,0.12,0,1,DataNodeServiceUnit_scaleIn,DataNodeServiceUnit
Wed Feb 12 18:07:52 UTC 2014,0.12,0,1,DataNodeServiceUnit_scaleIn,DataNodeServiceUnit
Wed Feb 12 18:08:02 UTC 2014,0.12,0,1,DataNodeServiceUnit_scaleIn,DataNodeServiceUnit
Wed Feb 12 18:08:17 UTC 2014,0.12,0,1,DataNodeServiceUnit_scaleIn,DataNodeServiceUnit
Wed Feb 12 18:08:27 UTC 2014,0.12,0,1,DataNodeServiceUnit_scaleIn,DataNodeServiceUnit
Wed Feb 12 18:08:41 UTC 2014,0.12,0,1,DataNodeServiceUnit_scaleIn,DataNodeServiceUnit
Wed Feb 12 18:08:50 UTC 2014,0.12,0,1,DataNodeServiceUnit_scaleIn,DataNodeServiceUnit
Wed Feb 12 18:09:06 UTC 2014,0.12,38,1,DataNodeServiceUnit_scaleIn,DataNodeServiceUnit
Wed Feb 12 18:09:21 UTC 2014,0.12,38,1,DataNodeServiceUnit_scaleIn,DataNodeServiceUnit
Wed Feb 12 18:09:34 UTC 2014,0.12,0,1,DataNodeServiceUnit_scaleIn,DataNodeServiceUnit
Wed Feb 12 18:09:47 UTC 2014,0.12,0,1,DataNodeServiceUnit_scaleIn,DataNodeServiceUnit
Wed Feb 12 18:09:58 UTC 2014,0.12,0,1,DataNodeServiceUnit_scaleIn,DataNodeServiceUnit
Wed Feb 12 18:10:17 UTC 2014,0.12,109,1,DataNodeServiceUnit_scaleIn,DataNodeServiceUnit
Wed Feb 12 18:10:27 UTC 2014,0.12,109,1,DataNodeServiceUnit_scaleIn,DataNodeServiceUnit
Wed Feb 12 18:10:38 UTC 2014,0.12,11,1,DataNodeServiceUnit_scaleIn,DataNodeServiceUnit
Wed Feb 12 18:10:49 UTC 2014,0.12,70,1,DataNodeServiceUnit_scaleIn,DataNodeServiceUnit
Wed Feb 12 18:11:02 UTC 2014,0.12,70,1,DataNodeServiceUnit_scaleIn,DataNodeServiceUnit
Wed Feb 12 18:11:15 UTC 2014,0.12,70,1,,
Wed Feb 12 18:11:23 UTC 2014,0.12,70,1,,
Wed Feb 12 18:11:32 UTC 2014,0.12,134,1,,
Wed Feb 12 18:11:48 UTC 2014,0.12,134,1,,
Wed Feb 12 18:11:55 UTC 2014,0.12,336,1,,
Wed Feb 12 18:12:05 UTC 2014,0.12,336,1,,
Wed Feb 12 18:12:23 UTC 2014,0.12,336,1,,
Wed Feb 12 18:12:34 UTC 2014,0.12,336,1,,
Wed Feb 12 18:12:41 UTC 2014,0.12,211,1,,
Wed Feb 12 18:12:55 UTC 2014,0.12,122,1,,
Wed Feb 12 18:13:06 UTC 2014,0.12,122,1,,
Wed Feb 12 18:13:12 UTC 2014,0.12,122,1,,
Wed Feb 12 18:13:24 UTC 2014,0.12,122,1,,
Wed Feb 12 18:13:39 UTC 2014,0.12,79,1,,
Wed Feb 12 18:13:50 UTC 2014,0.12,79,1,,
Wed Feb 12 18:13:58 UTC 2014,0.12,175,1,,
Wed Feb 12 18:14:13 UTC 2014,0.12,175,1,,
Wed Feb 12 18:14:27 UTC 2014,0.12,163,1,,
Wed Feb 12 18:14:34 UTC 2014,0.12,163,1,DataNodeServiceUnit_scaleOut,DataNodeServiceUnit
Wed Feb 12 18:14:52 UTC 2014,0.12,4,1,DataNodeServiceUnit_scaleOut,DataNodeServiceUnit
Wed Feb 12 18:15:02 UTC 2014,0.12,4,1,DataNodeServiceUnit_scaleOut,DataNodeServiceUnit
Wed Feb 12 18:15:12 UTC 2014,0.12,0,1,DataNodeServiceUnit_scaleOut,DataNodeServiceUnit
Wed Feb 12 18:15:24 UTC 2014,0.12,0,1,DataNodeServiceUnit_scaleOut,DataNodeServiceUnit
Wed Feb 12 18:15:33 UTC 2014,0.12,0,1,DataNodeServiceUnit_scaleOut,DataNodeServiceUnit
Wed Feb 12 18:15:43 UTC 2014,0.12,0,1,,
Wed Feb 12 18:15:54 UTC 2014,0.12,0,1,,
Wed Feb 12 18:16:07 UTC 2014,0.12,0,1,,
Wed Feb 12 18:16:22 UTC 2014,0.12,0,1,,
Wed Feb 12 18:16:31 UTC 2014,0.12,0,1,,
Wed Feb 12 18:16:43 UTC 2014,0.12,0,1,,
Wed Feb 12 18:16:53 UTC 2014,0.12,0,1,,
Wed Feb 12 18:17:04 UTC 2014,0.12,0,1,,
Wed Feb 12 18:17:23 UTC 2014,0.12,0,1,,
Wed Feb 12 18:17:37 UTC 2014,0.12,0,1,,
Wed Feb 12 18:17:47 UTC 2014,0.12,0,1,,
Wed Feb 12 18:17:55 UTC 2014,0.12,0,1,,
Wed Feb 12 18:18:13 UTC 2014,0.12,0,1,,
Wed Feb 12 18:18:20 UTC 2014,0.12,0,1,,
Wed Feb 12 18:18:37 UTC 2014,0.12,365,1,,
Wed Feb 12 18:18:49 UTC 2014,0.12,365,1,,
Wed Feb 12 18:19:01 UTC 2014,0.12,365,1,,
Wed Feb 12 18:19:20 UTC 2014,0.12,114,1,,
Wed Feb 12 18:19:37 UTC 2014,0.12,114,1,,
Wed Feb 12 18:19:47 UTC 2014,0.12,114,1,,
Wed Feb 12 18:19:57 UTC 2014,0.12,351,1,,
Wed Feb 12 18:20:07 UTC 2014,0.12,264,1,,
Wed Feb 12 18:20:23 UTC 2014,0.12,264,1,,
Wed Feb 12 18:20:38 UTC 2014,0.12,264,1,,
Wed Feb 12 18:20:45 UTC 2014,0.12,58,1,,
Wed Feb 12 18:20:57 UTC 2014,0.12,58,1,,
Wed Feb 12 18:21:04 UTC 2014,0.12,58,1,,
Wed Feb 12 18:21:22 UTC 2014,0.12,157,1,EventProcessingServiceUnit_scaleIn,EventProcessingServiceUnit
Wed Feb 12 18:21:40 UTC 2014,0.12,157,1,EventProcessingServiceUnit_scaleIn,EventProcessingServiceUnit
Wed Feb 12 18:21:53 UTC 2014,0.12,157,1,EventProcessingServiceUnit_scaleIn,EventProcessingServiceUnit
Wed Feb 12 18:22:10 UTC 2014,0.12,157,1,EventProcessingServiceUnit_scaleIn,EventProcessingServiceUnit
Wed Feb 12 18:22:20 UTC 2014,0.12,0,1,EventProcessingServiceUnit_scaleIn,EventProcessingServiceUnit
Wed Feb 12 18:22:31 UTC 2014,0.12,0,1,EventProcessingServiceUnit_scaleIn,EventProcessingServiceUnit
Wed Feb 12 18:22:41 UTC 2014,0.12,0,1,EventProcessingServiceUnit_scaleIn,EventProcessingServiceUnit
Wed Feb 12 18:22:52 UTC 2014,0.12,0,1,EventProcessingServiceUnit_scaleIn,EventProcessingServiceUnit
Wed Feb 12 18:23:02 UTC 2014,0.12,0,1,EventProcessingServiceUnit_scaleIn,EventProcessingServiceUnit
Wed Feb 12 18:23:12 UTC 2014,0.12,203,1,EventProcessingServiceUnit_scaleIn,EventProcessingServiceUnit
Wed Feb 12 18:23:28 UTC 2014,0.12,203,1,EventProcessingServiceUnit_scaleIn,EventProcessingServiceUnit
Wed Feb 12 18:23:38 UTC 2014,0.12,174,1,EventProcessingServiceUnit_scaleIn,EventProcessingServiceUnit
Wed Feb 12 18:23:52 UTC 2014,0.12,174,1,EventProcessingServiceUnit_scaleIn,EventProcessingServiceUnit
Wed Feb 12 18:24:02 UTC 2014,0.12,174,1,EventProcessingServiceUnit_scaleIn,EventProcessingServiceUnit
Wed Feb 12 18:24:14 UTC 2014,0.12,0,1,,
Wed Feb 12 18:24:22 UTC 2014,0.12,0,1,,
Wed Feb 12 18:24:34 UTC 2014,0.12,0,1,,
Wed Feb 12 18:24:40 UTC 2014,0.12,0,1,,
Wed Feb 12 18:24:48 UTC 2014,0.12,0,1,,
Wed Feb 12 18:24:58 UTC 2014,0.12,0,1,,
Wed Feb 12 18:25:13 UTC 2014,0.12,0,1,,
Wed Feb 12 18:25:29 UTC 2014,0.12,0,1,,
Wed Feb 12 18:25:38 UTC 2014,0.12,0,1,,
Wed Feb 12 18:25:45 UTC 2014,0.12,0,1,,
Wed Feb 12 18:25:55 UTC 2014,0.12,0,1,,
Wed Feb 12 18:26:04 UTC 2014,0.12,0,1,,
Wed Feb 12 18:26:20 UTC 2014,0.12,0,1,,
Wed Feb 12 18:26:30 UTC 2014,0.12,0,1,DataNodeServiceUnit_scaleOut,DataNodeServiceUnit
Wed Feb 12 18:26:50 UTC 2014,0.12,0,1,DataNodeServiceUnit_scaleOut,DataNodeServiceUnit
Wed Feb 12 18:27:06 UTC 2014,0.12,0,1,DataNodeServiceUnit_scaleOut,DataNodeServiceUnit
Wed Feb 12 18:27:17 UTC 2014,0.12,0,1,DataNodeServiceUnit_scaleOut,DataNodeServiceUnit
Wed Feb 12 18:27:30 UTC 2014,0.12,162,1,DataNodeServiceUnit_scaleOut,DataNodeServiceUnit
Wed Feb 12 18:27:41 UTC 2014,0.12,162,1,DataNodeServiceUnit_scaleOut,DataNodeServiceUnit
Wed Feb 12 18:27:55 UTC 2014,0.12,162,1,,
Wed Feb 12 18:28:04 UTC 2014,0.12,138,1,,
Wed Feb 12 18:28:23 UTC 2014,0.12,264,1,,
Wed Feb 12 18:28:38 UTC 2014,0.12,264,1,,
Wed Feb 12 18:28:51 UTC 2014,0.12,376,1,,
Wed Feb 12 18:29:05 UTC 2014,0.12,376,1,,
Wed Feb 12 18:29:16 UTC 2014,0.12,376,1,,
Wed Feb 12 18:29:35 UTC 2014,0.12,376,1,,
Wed Feb 12 18:29:41 UTC 2014,0.12,132,1,,
Wed Feb 12 18:29:48 UTC 2014,0.12,132,1,,
Wed Feb 12 18:30:01 UTC 2014,0.12,317,1,EventProcessingServiceUnit_scaleOut,EventProcessingServiceUnit
Wed Feb 12 18:30:14 UTC 2014,0.12,317,1,EventProcessingServiceUnit_scaleOut,EventProcessingServiceUnit
Wed Feb 12 18:30:27 UTC 2014,0.12,114,1,EventProcessingServiceUnit_scaleOut,EventProcessingServiceUnit
Wed Feb 12 18:30:38 UTC 2014,0.12,114,1,EventProcessingServiceUnit_scaleOut,EventProcessingServiceUnit
Wed Feb 12 18:30:53 UTC 2014,0.12,78,1,EventProcessingServiceUnit_scaleOut,EventProcessingServiceUnit
Wed Feb 12 18:31:10 UTC 2014,0.12,78,1,EventProcessingServiceUnit_scaleOut,EventProcessingServiceUnit
Wed Feb 12 18:31:21 UTC 2014,0.12,78,1,EventProcessingServiceUnit_scaleOut,EventProcessingServiceUnit
Wed Feb 12 18:31:37 UTC 2014,0.12,78,1,,
Wed Feb 12 18:31:52 UTC 2014,0.12,159,1,,
Wed Feb 12 18:32:03 UTC 2014,0.12,159,1,,
Wed Feb 12 18:32:12 UTC 2014,0.12,159,1,,
Wed Feb 12 18:32:19 UTC 2014,0.12,55,1,,
Wed Feb 12 18:32:34 UTC 2014,0.12,55,1,,
Wed Feb 12 18:32:47 UTC 2014,0.12,55,1,,
Wed Feb 12 18:32:53 UTC 2014,0.12,55,1,,
Wed Feb 12 18:33:01 UTC 2014,0.12,0,1,,
Wed Feb 12 18:33:16 UTC 2014,0.12,0,1,,
Wed Feb 12 18:33:29 UTC 2014,0.12,0,1,,
Wed Feb 12 18:33:38 UTC 2014,0.12,0,1,,
Wed Feb 12 18:33:44 UTC 2014,0.12,0,1,DataNodeServiceUnit_scaleIn,DataNodeServiceUnit
Wed Feb 12 18:34:00 UTC 2014,0.12,0,1,DataNodeServiceUnit_scaleIn,DataNodeServiceUnit
Wed Feb 12 18:34:12 UTC 2014,0.12,0,1,DataNodeServiceUnit_scaleIn,DataNodeServiceUnit
Wed Feb 12 18:34:22 UTC 2014,0.12,0,1,DataNodeServiceUnit_scaleIn,DataNodeServiceUnit
Wed Feb 12 18:34:33 UTC 2014,0.12,0,1,DataNodeServiceUnit_scaleIn,DataNodeServiceUnit
Wed Feb 12 18:34:44 UTC 2014,0.12,0,1,DataNodeServiceUnit_scaleIn,DataNodeServiceUnit
Wed Feb 12 18:34:56 UTC 2014,0.12,193,1,DataNodeServiceUnit_scaleIn,DataNodeServiceUnit
Wed Feb 12 18:35:05 UTC 2014,0.12,193,1,DataNodeServiceUnit_scaleIn,DataNodeServiceUnit
Wed Feb 12 18:35:16 UTC 2014,0.12,193,1,DataNodeServiceUnit_scaleIn,DataNodeServiceUnit
Wed Feb 12 18:35:24 UTC 2014,0.12,0,1,DataNodeServiceUnit_scaleIn,DataNodeServiceUnit
Wed Feb 12 18:35:38 UTC 2014,0.12,0,1,DataNodeServiceUnit_scaleIn,DataNodeServiceUnit
Wed Feb 12 18:35:47 UTC 2014,0.12,0,1,DataNodeServiceUnit_scaleIn,DataNodeServiceUnit
Wed Feb 12 18:35:57 UTC 2014,0.12,0,1,DataNodeServiceUnit_scaleIn,DataNodeServiceUnit
Wed Feb 12 18:36:08 UTC 2014,0.12,0,1,DataNodeServiceUnit_scaleIn,DataNodeServiceUnit
Wed Feb 12 18:36:23 UTC 2014,0.12,116,1,DataNodeServiceUnit_scaleIn,DataNodeServiceUnit
Wed Feb 12 18:36:34 UTC 2014,0.12,116,1,DataNodeServiceUnit_scaleIn,DataNodeServiceUnit
Wed Feb 12 18:36:45 UTC 2014,0.12,376,1,DataNodeServiceUnit_scaleIn,DataNodeServiceUnit
Wed Feb 12 18:36:59 UTC 2014,0.12,376,1,DataNodeServiceUnit_scaleIn,DataNodeServiceUnit
Wed Feb 12 18:37:09 UTC 2014,0.12,1,1,DataNodeServiceUnit_scaleIn,DataNodeServiceUnit
Wed Feb 12 18:37:21 UTC 2014,0.12,1,1,DataNodeServiceUnit_scaleIn,DataNodeServiceUnit
Wed Feb 12 18:37:33 UTC 2014,0.12,1,1,DataNodeServiceUnit_scaleIn,DataNodeServiceUnit
Wed Feb 12 18:37:50 UTC 2014,0.12,1,1,,
Wed Feb 12 18:38:00 UTC 2014,0.12,43,1,,
Wed Feb 12 18:38:12 UTC 2014,0.12,43,1,,
Wed Feb 12 18:38:26 UTC 2014,0.12,292,1,,
Wed Feb 12 18:38:37 UTC 2014,0.12,292,1,,
Wed Feb 12 18:38:54 UTC 2014,0.12,150,1,,
Wed Feb 12 18:39:04 UTC 2014,0.12,150,1,,
Wed Feb 12 18:39:18 UTC 2014,0.12,168,1,,
Wed Feb 12 18:39:30 UTC 2014,0.12,168,1,,
Wed Feb 12 18:39:41 UTC 2014,0.12,153,1,,
Wed Feb 12 18:39:49 UTC 2014,0.12,153,1,,
Wed Feb 12 18:39:56 UTC 2014,0.12,153,1,,
Wed Feb 12 18:40:03 UTC 2014,0.12,226,1,,
Wed Feb 12 18:40:20 UTC 2014,0.12,226,1,,
Wed Feb 12 18:40:29 UTC 2014,0.12,226,1,,
Wed Feb 12 18:40:43 UTC 2014,0.12,226,1,,
Wed Feb 12 18:40:58 UTC 2014,0.12,182,1,,
Wed Feb 12 18:41:10 UTC 2014,0.12,182,1,,
Wed Feb 12 18:41:23 UTC 2014,0.12,182,1,,
Wed Feb 12 18:41:35 UTC 2014,0.12,0,1,,
Wed Feb 12 18:41:46 UTC 2014,0.12,0,1,EventProcessingServiceUnit_scaleIn,EventProcessingServiceUnit
Wed Feb 12 18:41:58 UTC 2014,0.12,0,1,EventProcessingServiceUnit_scaleIn,EventProcessingServiceUnit
Wed Feb 12 18:42:10 UTC 2014,0.12,0,1,EventProcessingServiceUnit_scaleIn,EventProcessingServiceUnit
Wed Feb 12 18:42:20 UTC 2014,0.12,0,1,EventProcessingServiceUnit_scaleIn,EventProcessingServiceUnit
Wed Feb 12 18:42:30 UTC 2014,0.12,0,1,EventProcessingServiceUnit_scaleIn,EventProcessingServiceUnit
Wed Feb 12 18:42:40 UTC 2014,0.12,0,1,EventProcessingServiceUnit_scaleIn,EventProcessingServiceUnit
Wed Feb 12 18:42:52 UTC 2014,0.12,0,1,EventProcessingServiceUnit_scaleIn,EventProcessingServiceUnit
Wed Feb 12 18:43:05 UTC 2014,0.12,0,1,EventProcessingServiceUnit_scaleIn,EventProcessingServiceUnit
Wed Feb 12 18:43:20 UTC 2014,0.12,0,1,EventProcessingServiceUnit_scaleIn,EventProcessingServiceUnit
Wed Feb 12 18:43:31 UTC 2014,0.12,0,1,EventProcessingServiceUnit_scaleIn,EventProcessingServiceUnit
Wed Feb 12 18:43:41 UTC 2014,0.12,0,1,EventProcessingServiceUnit_scaleIn,EventProcessingServiceUnit
Wed Feb 12 18:43:52 UTC 2014,0.12,0,1,EventProcessingServiceUnit_scaleIn,EventProcessingServiceUnit
Wed Feb 12 18:44:07 UTC 2014,0.12,0,1,EventProcessingServiceUnit_scaleIn,EventProcessingServiceUnit
Wed Feb 12 18:44:16 UTC 2014,0.12,0,1,EventProcessingServiceUnit_scaleIn,EventProcessingServiceUnit
Wed Feb 12 18:44:32 UTC 2014,0.12,0,1,EventProcessingServiceUnit_scaleIn,EventProcessingServiceUnit
Wed Feb 12 18:44:43 UTC 2014,0.12,0,1,EventProcessingServiceUnit_scaleIn,EventProcessingServiceUnit
Wed Feb 12 18:44:53 UTC 2014,0.12,354,1,,
Wed Feb 12 18:45:02 UTC 2014,0.12,226,1,,
Wed Feb 12 18:45:20 UTC 2014,0.12,226,1,,
Wed Feb 12 18:45:33 UTC 2014,0.12,226,1,,
Wed Feb 12 18:45:44 UTC 2014,0.12,226,1,,
Wed Feb 12 18:46:02 UTC 2014,0.12,279,1,,
Wed Feb 12 18:46:13 UTC 2014,0.12,187,1,,
Wed Feb 12 18:46:29 UTC 2014,0.12,187,1,,
Wed Feb 12 18:46:41 UTC 2014,0.12,135,1,,
Wed Feb 12 18:46:52 UTC 2014,0.12,135,1,,
Wed Feb 12 18:47:05 UTC 2014,0.12,292,1,,
Wed Feb 12 18:47:17 UTC 2014,0.12,292,1,,
Wed Feb 12 18:47:33 UTC 2014,0.12,337,1,DataNodeServiceUnit_scaleIn,DataNodeServiceUnit
Wed Feb 12 18:47:44 UTC 2014,0.12,337,1,DataNodeServiceUnit_scaleIn,DataNodeServiceUnit
Wed Feb 12 18:47:59 UTC 2014,0.12,385,1,DataNodeServiceUnit_scaleIn,DataNodeServiceUnit
Wed Feb 12 18:48:12 UTC 2014,0.12,0,1,DataNodeServiceUnit_scaleIn,DataNodeServiceUnit
Wed Feb 12 18:48:29 UTC 2014,0.12,0,1,DataNodeServiceUnit_scaleIn,DataNodeServiceUnit
Wed Feb 12 18:48:39 UTC 2014,0.12,0,1,DataNodeServiceUnit_scaleIn,DataNodeServiceUnit
Wed Feb 12 18:48:55 UTC 2014,0.12,0,1,DataNodeServiceUnit_scaleIn,DataNodeServiceUnit
Wed Feb 12 18:49:06 UTC 2014,0.12,0,1,DataNodeServiceUnit_scaleIn,DataNodeServiceUnit
Wed Feb 12 18:49:16 UTC 2014,0.12,0,1,DataNodeServiceUnit_scaleIn,DataNodeServiceUnit
Wed Feb 12 18:49:27 UTC 2014,0.12,0,1,DataNodeServiceUnit_scaleIn,DataNodeServiceUnit
Wed Feb 12 18:49:37 UTC 2014,0.12,181,1,DataNodeServiceUnit_scaleIn,DataNodeServiceUnit
Wed Feb 12 18:49:56 UTC 2014,0.12,15,1,DataNodeServiceUnit_scaleIn,DataNodeServiceUnit
Wed Feb 12 18:50:14 UTC 2014,0.12,0,1,DataNodeServiceUnit_scaleIn,DataNodeServiceUnit
Wed Feb 12 18:50:27 UTC 2014,0.12,0,1,DataNodeServiceUnit_scaleIn,DataNodeServiceUnit
Wed Feb 12 18:50:39 UTC 2014,0.12,0,1,DataNodeServiceUnit_scaleIn,DataNodeServiceUnit
Wed Feb 12 18:50:49 UTC 2014,0.12,0,1,DataNodeServiceUnit_scaleIn,DataNodeServiceUnit
Wed Feb 12 18:51:00 UTC 2014,0.12,0,1,DataNodeServiceUnit_scaleIn,DataNodeServiceUnit
Wed Feb 12 18:51:16 UTC 2014,0.12,0,1,DataNodeServiceUnit_scaleIn,DataNodeServiceUnit
Wed Feb 12 18:51:33 UTC 2014,0.12,0,1,,
Wed Feb 12 18:51:44 UTC 2014,0.12,0,1,,
Wed Feb 12 18:51:57 UTC 2014,0.12,0,1,,
Wed Feb 12 18:52:07 UTC 2014,0.12,0,1,,
Wed Feb 12 18:52:23 UTC 2014,0.12,0,1,,
Wed Feb 12 18:52:33 UTC 2014,0.12,0,1,,
Wed Feb 12 18:52:45 UTC 2014,0.12,0,1,,
Wed Feb 12 18:52:54 UTC 2014,0.12,0,1,,
Wed Feb 12 18:53:02 UTC 2014,0.12,32,1,,
Wed Feb 12 18:53:19 UTC 2014,0.12,32,1,,
Wed Feb 12 18:53:31 UTC 2014,0.12,148,1,EventProcessingServiceUnit_scaleIn,EventProcessingServiceUnit
Wed Feb 12 18:53:53 UTC 2014,0.12,96,1,EventProcessingServiceUnit_scaleIn,EventProcessingServiceUnit
Wed Feb 12 18:54:10 UTC 2014,0.12,104,1,EventProcessingServiceUnit_scaleIn,EventProcessingServiceUnit
Wed Feb 12 18:54:22 UTC 2014,0.12,104,1,EventProcessingServiceUnit_scaleIn,EventProcessingServiceUnit
Wed Feb 12 18:54:35 UTC 2014,0.12,88,1,EventProcessingServiceUnit_scaleIn,EventProcessingServiceUnit
Wed Feb 12 18:54:46 UTC 2014,0.12,88,1,EventProcessingServiceUnit_scaleIn,EventProcessingServiceUnit
Wed Feb 12 18:54:55 UTC 2014,0.12,88,1,EventProcessingServiceUnit_scaleIn,EventProcessingServiceUnit
Wed Feb 12 18:55:08 UTC 2014,0.12,2,1,EventProcessingServiceUnit_scaleIn,EventProcessingServiceUnit
Wed Feb 12 18:55:18 UTC 2014,0.12,2,1,EventProcessingServiceUnit_scaleIn,EventProcessingServiceUnit
Wed Feb 12 18:55:31 UTC 2014,0.12,252,1,EventProcessingServiceUnit_scaleIn,EventProcessingServiceUnit
Wed Feb 12 18:55:45 UTC 2014,0.12,195,1,EventProcessingServiceUnit_scaleIn,EventProcessingServiceUnit
Wed Feb 12 18:55:56 UTC 2014,0.12,195,1,EventProcessingServiceUnit_scaleIn,EventProcessingServiceUnit
Wed Feb 12 18:56:06 UTC 2014,0.12,160,1,EventProcessingServiceUnit_scaleIn,EventProcessingServiceUnit
Wed Feb 12 18:56:21 UTC 2014,0.12,46,1,EventProcessingServiceUnit_scaleIn,EventProcessingServiceUnit
Wed Feb 12 18:56:32 UTC 2014,0.12,186,1,,
Wed Feb 12 18:56:50 UTC 2014,0.12,186,1,,
Wed Feb 12 18:56:57 UTC 2014,0.12,186,1,,
Wed Feb 12 18:57:07 UTC 2014,0.12,178,1,,
Wed Feb 12 18:57:29 UTC 2014,0.12,367,1,DataNodeServiceUnit_scaleOut,DataNodeServiceUnit
Wed Feb 12 18:57:49 UTC 2014,0.12,367,1,DataNodeServiceUnit_scaleOut,DataNodeServiceUnit
Wed Feb 12 18:58:01 UTC 2014,0.12,295,1,DataNodeServiceUnit_scaleOut,DataNodeServiceUnit
Wed Feb 12 18:58:12 UTC 2014,0.12,295,1,DataNodeServiceUnit_scaleOut,DataNodeServiceUnit
Wed Feb 12 18:58:22 UTC 2014,0.12,127,1,DataNodeServiceUnit_scaleOut,DataNodeServiceUnit
Wed Feb 12 18:58:33 UTC 2014,0.12,0,1,DataNodeServiceUnit_scaleOut,DataNodeServiceUnit
Wed Feb 12 18:58:49 UTC 2014,0.12,0,1,DataNodeServiceUnit_scaleOut,DataNodeServiceUnit
Wed Feb 12 18:59:02 UTC 2014,0.12,0,1,DataNodeServiceUnit_scaleOut,DataNodeServiceUnit
Wed Feb 12 18:59:13 UTC 2014,0.12,0,1,,
Wed Feb 12 18:59:23 UTC 2014,0.12,0,1,,
Wed Feb 12 18:59:36 UTC 2014,0.12,0,1,,
Wed Feb 12 18:59:55 UTC 2014,0.12,0,1,,
Wed Feb 12 19:00:06 UTC 2014,0.12,0,1,,
Wed Feb 12 19:00:22 UTC 2014,0.12,0,1,,
Wed Feb 12 19:00:30 UTC 2014,0.12,0,1,,
Wed Feb 12 19:00:37 UTC 2014,0.12,0,1,,
Wed Feb 12 19:00:54 UTC 2014,0.12,0,1,,
Wed Feb 12 19:01:10 UTC 2014,0.12,0,1,,
Wed Feb 12 19:01:20 UTC 2014,0.12,0,1,,
Wed Feb 12 19:01:34 UTC 2014,0.12,0,1,,
Wed Feb 12 19:01:41 UTC 2014,0.12,152,1,,
Wed Feb 12 19:01:54 UTC 2014,0.12,152,1,,
Wed Feb 12 19:02:01 UTC 2014,0.12,152,1,,
Wed Feb 12 19:02:11 UTC 2014,0.12,27,1,,
Wed Feb 12 19:02:23 UTC 2014,0.12,238,1,,
Wed Feb 12 19:02:33 UTC 2014,0.12,238,1,,
Wed Feb 12 19:02:50 UTC 2014,0.12,2,1,EventProcessingServiceUnit_scaleIn,EventProcessingServiceUnit
Wed Feb 12 19:03:03 UTC 2014,0.12,2,1,EventProcessingServiceUnit_scaleIn,EventProcessingServiceUnit
Wed Feb 12 19:03:13 UTC 2014,0.12,2,1,EventProcessingServiceUnit_scaleIn,EventProcessingServiceUnit
Wed Feb 12 19:03:25 UTC 2014,0.12,303,1,EventProcessingServiceUnit_scaleIn,EventProcessingServiceUnit
Wed Feb 12 19:03:35 UTC 2014,0.12,303,1,EventProcessingServiceUnit_scaleIn,EventProcessingServiceUnit
Wed Feb 12 19:03:45 UTC 2014,0.12,42,1,EventProcessingServiceUnit_scaleIn,EventProcessingServiceUnit
Wed Feb 12 19:03:56 UTC 2014,0.12,42,1,EventProcessingServiceUnit_scaleIn,EventProcessingServiceUnit
Wed Feb 12 19:04:08 UTC 2014,0.12,114,1,EventProcessingServiceUnit_scaleIn,EventProcessingServiceUnit
Wed Feb 12 19:04:19 UTC 2014,0.12,114,1,EventProcessingServiceUnit_scaleIn,EventProcessingServiceUnit
Wed Feb 12 19:04:29 UTC 2014,0.12,209,1,EventProcessingServiceUnit_scaleIn,EventProcessingServiceUnit
Wed Feb 12 19:04:39 UTC 2014,0.12,209,1,EventProcessingServiceUnit_scaleIn,EventProcessingServiceUnit
Wed Feb 12 19:04:50 UTC 2014,0.12,285,1,EventProcessingServiceUnit_scaleIn,EventProcessingServiceUnit
Wed Feb 12 19:05:05 UTC 2014,0.12,0,1,EventProcessingServiceUnit_scaleIn,EventProcessingServiceUnit
Wed Feb 12 19:05:15 UTC 2014,0.12,0,1,EventProcessingServiceUnit_scaleIn,EventProcessingServiceUnit
Wed Feb 12 19:05:25 UTC 2014,0.12,42,1,EventProcessingServiceUnit_scaleIn,EventProcessingServiceUnit
Wed Feb 12 19:05:36 UTC 2014,0.12,9,1,,
Wed Feb 12 19:05:49 UTC 2014,0.12,9,1,,
Wed Feb 12 19:06:05 UTC 2014,0.12,9,1,,
Wed Feb 12 19:06:17 UTC 2014,0.12,370,1,,
Wed Feb 12 19:06:26 UTC 2014,0.12,370,1,,
Wed Feb 12 19:06:33 UTC 2014,0.12,125,1,,
Wed Feb 12 19:06:43 UTC 2014,0.12,125,1,,
Wed Feb 12 19:06:51 UTC 2014,0.12,125,1,,
Wed Feb 12 19:07:01 UTC 2014,0.12,125,1,,
Wed Feb 12 19:07:08 UTC 2014,0.12,0,1,,
Wed Feb 12 19:07:29 UTC 2014,0.12,22,1,,
Wed Feb 12 19:07:36 UTC 2014,0.12,22,1,,
Wed Feb 12 19:07:43 UTC 2014,0.12,311,1,,
Wed Feb 12 19:07:54 UTC 2014,0.12,311,1,,
Wed Feb 12 19:08:00 UTC 2014,0.12,311,1,,
Wed Feb 12 19:08:09 UTC 2014,0.12,340,1,,
Wed Feb 12 19:08:25 UTC 2014,0.12,8,1,,
Wed Feb 12 19:08:33 UTC 2014,0.12,0,1,EventProcessingServiceUnit_scaleIn,EventProcessingServiceUnit
Wed Feb 12 19:08:53 UTC 2014,0.12,0,1,,
Wed Feb 12 19:09:01 UTC 2014,0.12,0,1,,
Wed Feb 12 19:09:15 UTC 2014,0.12,0,1,,
Wed Feb 12 19:09:28 UTC 2014,0.12,0,1,,
Wed Feb 12 19:09:43 UTC 2014,0.12,0,1,,
Wed Feb 12 19:09:53 UTC 2014,0.12,0,1,,
Wed Feb 12 19:10:08 UTC 2014,0.12,0,1,,
Wed Feb 12 19:10:21 UTC 2014,0.12,0,1,,
Wed Feb 12 19:10:35 UTC 2014,0.12,0,1,,
Wed Feb 12 19:10:44 UTC 2014,0.12,0,1,,
Wed Feb 12 19:11:00 UTC 2014,0.12,0,1,,
Wed Feb 12 19:11:13 UTC 2014,0.12,0,1,,
Wed Feb 12 19:11:30 UTC 2014,0.12,0,1,,
Wed Feb 12 19:11:41 UTC 2014,0.12,0,1,,
Wed Feb 12 19:11:48 UTC 2014,0.12,54,1,,
Wed Feb 12 19:11:58 UTC 2014,0.12,54,1,,
Wed Feb 12 19:12:05 UTC 2014,0.12,72,1,,
Wed Feb 12 19:12:13 UTC 2014,0.12,72,1,,
Wed Feb 12 19:12:20 UTC 2014,0.12,109,1,,
Wed Feb 12 19:12:27 UTC 2014,0.12,109,1,,
Wed Feb 12 19:12:37 UTC 2014,0.12,245,1,,
Wed Feb 12 19:12:44 UTC 2014,0.12,245,1,,
Wed Feb 12 19:12:52 UTC 2014,0.12,245,1,,
Wed Feb 12 19:12:59 UTC 2014,0.12,0,1,,
Wed Feb 12 19:13:07 UTC 2014,0.12,0,1,,
Wed Feb 12 19:13:14 UTC 2014,0.12,383,1,,
Wed Feb 12 19:13:20 UTC 2014,0.12,383,1,,
Wed Feb 12 19:13:31 UTC 2014,0.12,25,1,DataNodeServiceUnit_scaleOut,DataNodeServiceUnit
Wed Feb 12 19:13:50 UTC 2014,0.12,32,1,DataNodeServiceUnit_scaleOut,DataNodeServiceUnit
Wed Feb 12 19:14:09 UTC 2014,0.12,409,1,DataNodeServiceUnit_scaleOut,DataNodeServiceUnit
Wed Feb 12 19:14:22 UTC 2014,0.12,82,1,DataNodeServiceUnit_scaleOut,DataNodeServiceUnit
Wed Feb 12 19:14:35 UTC 2014,0.12,82,1,DataNodeServiceUnit_scaleOut,DataNodeServiceUnit
Wed Feb 12 19:14:45 UTC 2014,0.12,71,1,,
Wed Feb 12 19:14:56 UTC 2014,0.12,71,1,,
Wed Feb 12 19:15:03 UTC 2014,0.12,104,1,,
Wed Feb 12 19:15:18 UTC 2014,0.12,362,1,,
Wed Feb 12 19:15:24 UTC 2014,0.12,362,1,,
Wed Feb 12 19:15:35 UTC 2014,0.12,7,1,,
Wed Feb 12 19:15:44 UTC 2014,0.12,7,1,,
Wed Feb 12 19:15:53 UTC 2014,0.12,0,1,,
Wed Feb 12 19:16:06 UTC 2014,0.12,0,1,,
Wed Feb 12 19:16:13 UTC 2014,0.12,0,1,,
Wed Feb 12 19:16:23 UTC 2014,0.12,76,1,,
Wed Feb 12 19:16:31 UTC 2014,0.12,76,1,,
Wed Feb 12 19:16:43 UTC 2014,0.12,73,1,,
Wed Feb 12 19:16:54 UTC 2014,0.12,73,1,,
Wed Feb 12 19:17:04 UTC 2014,0.12,294,1,,
Wed Feb 12 19:17:12 UTC 2014,0.12,294,1,,
Wed Feb 12 19:17:19 UTC 2014,0.12,168,1,,
Wed Feb 12 19:17:33 UTC 2014,0.12,111,1,EventProcessingServiceUnit_scaleOut,EventProcessingServiceUnit
Wed Feb 12 19:17:54 UTC 2014,0.12,137,1,EventProcessingServiceUnit_scaleOut,EventProcessingServiceUnit
Wed Feb 12 19:18:13 UTC 2014,0.12,137,1,EventProcessingServiceUnit_scaleOut,EventProcessingServiceUnit
Wed Feb 12 19:18:29 UTC 2014,0.12,110,1,EventProcessingServiceUnit_scaleOut,EventProcessingServiceUnit
Wed Feb 12 19:18:40 UTC 2014,0.12,110,1,EventProcessingServiceUnit_scaleOut,EventProcessingServiceUnit
Wed Feb 12 19:18:55 UTC 2014,0.12,85,1,,
Wed Feb 12 19:19:09 UTC 2014,0.12,0,1,,
Wed Feb 12 19:19:17 UTC 2014,0.12,0,1,,
Wed Feb 12 19:19:35 UTC 2014,0.12,91,1,,
Wed Feb 12 19:19:42 UTC 2014,0.12,91,1,,
Wed Feb 12 19:19:53 UTC 2014,0.12,232,1,,
Wed Feb 12 19:20:08 UTC 2014,0.12,232,1,,
Wed Feb 12 19:20:22 UTC 2014,0.12,23,1,,
Wed Feb 12 19:20:31 UTC 2014,0.12,23,1,,
Wed Feb 12 19:20:48 UTC 2014,0.12,0,1,,
Wed Feb 12 19:20:56 UTC 2014,0.12,0,1,,
Wed Feb 12 19:21:15 UTC 2014,0.12,104,1,,
Wed Feb 12 19:21:24 UTC 2014,0.12,104,1,,
Wed Feb 12 19:21:31 UTC 2014,0.12,104,1,,
Wed Feb 12 19:21:40 UTC 2014,0.12,0,1,,
Wed Feb 12 19:21:55 UTC 2014,0.12,0,1,,
Wed Feb 12 19:22:05 UTC 2014,0.12,0,1,,
Wed Feb 12 19:22:12 UTC 2014,0.12,0,1,,
Wed Feb 12 19:22:19 UTC 2014,0.12,0,1,,
Wed Feb 12 19:22:28 UTC 2014,0.12,0,1,,
Wed Feb 12 19:22:43 UTC 2014,0.12,0,1,DataNodeServiceUnit_scaleOut,DataNodeServiceUnit
Wed Feb 12 19:22:56 UTC 2014,0.12,0,1,DataNodeServiceUnit_scaleOut,DataNodeServiceUnit
Wed Feb 12 19:23:10 UTC 2014,0.12,0,1,DataNodeServiceUnit_scaleOut,DataNodeServiceUnit
Wed Feb 12 19:23:24 UTC 2014,0.12,0,1,DataNodeServiceUnit_scaleOut,DataNodeServiceUnit
Wed Feb 12 19:23:35 UTC 2014,0.12,0,1,DataNodeServiceUnit_scaleOut,DataNodeServiceUnit
Wed Feb 12 19:23:46 UTC 2014,0.12,0,1,DataNodeServiceUnit_scaleOut,DataNodeServiceUnit
Wed Feb 12 19:23:58 UTC 2014,0.12,0,1,,
Wed Feb 12 19:24:07 UTC 2014,0.12,0,1,,
Wed Feb 12 19:24:15 UTC 2014,0.12,0,1,,
Wed Feb 12 19:24:25 UTC 2014,0.12,229,1,,
Wed Feb 12 19:24:33 UTC 2014,0.12,229,1,,
Wed Feb 12 19:24:48 UTC 2014,0.12,229,1,,
Wed Feb 12 19:25:02 UTC 2014,0.12,94,1,,
Wed Feb 12 19:25:21 UTC 2014,0.12,94,1,,
Wed Feb 12 19:25:32 UTC 2014,0.12,94,1,,
Wed Feb 12 19:25:43 UTC 2014,0.12,18,1,,
Wed Feb 12 19:25:53 UTC 2014,0.12,18,1,,
Wed Feb 12 19:26:09 UTC 2014,0.12,77,1,,
Wed Feb 12 19:26:20 UTC 2014,0.12,130,1,DataNodeServiceUnit_scaleOut,DataNodeServiceUnit
Wed Feb 12 19:26:43 UTC 2014,0.12,130,1,DataNodeServiceUnit_scaleOut,DataNodeServiceUnit
Wed Feb 12 19:26:53 UTC 2014,0.12,130,1,DataNodeServiceUnit_scaleOut,DataNodeServiceUnit
Wed Feb 12 19:27:08 UTC 2014,0.12,410,1,DataNodeServiceUnit_scaleOut,DataNodeServiceUnit
Wed Feb 12 19:27:19 UTC 2014,0.12,410,1,DataNodeServiceUnit_scaleOut,DataNodeServiceUnit
Wed Feb 12 19:27:30 UTC 2014,0.12,358,1,DataNodeServiceUnit_scaleOut,DataNodeServiceUnit
Wed Feb 12 19:27:45 UTC 2014,0.12,358,1,DataNodeServiceUnit_scaleOut,DataNodeServiceUnit
Wed Feb 12 19:27:59 UTC 2014,0.12,284,1,,
Wed Feb 12 19:28:10 UTC 2014,0.12,284,1,,
Wed Feb 12 19:28:29 UTC 2014,0.12,326,1,,
Wed Feb 12 19:28:41 UTC 2014,0.12,326,1,,
Wed Feb 12 19:28:50 UTC 2014,0.12,256,1,,
Wed Feb 12 19:29:11 UTC 2014,0.12,256,1,,
Wed Feb 12 19:29:22 UTC 2014,0.12,256,1,,
Wed Feb 12 19:29:33 UTC 2014,0.12,235,1,,
Wed Feb 12 19:29:46 UTC 2014,0.12,235,1,,
Wed Feb 12 19:29:56 UTC 2014,0.12,235,1,,
Wed Feb 12 19:30:04 UTC 2014,0.12,235,1,,
Wed Feb 12 19:30:15 UTC 2014,0.12,0,1,,
Wed Feb 12 19:30:21 UTC 2014,0.12,0,1,,
Wed Feb 12 19:30:38 UTC 2014,0.12,0,1,,
Wed Feb 12 19:30:47 UTC 2014,0.12,0,1,,
Wed Feb 12 19:30:55 UTC 2014,0.12,0,1,,
Wed Feb 12 19:31:02 UTC 2014,0.12,0,1,,
Wed Feb 12 19:31:14 UTC 2014,0.12,0,1,DataNodeServiceUnit_scaleOut,DataNodeServiceUnit
Wed Feb 12 19:31:31 UTC 2014,0.12,0,1,DataNodeServiceUnit_scaleOut,DataNodeServiceUnit
Wed Feb 12 19:31:42 UTC 2014,0.12,0,1,DataNodeServiceUnit_scaleOut,DataNodeServiceUnit
Wed Feb 12 19:31:53 UTC 2014,0.12,0,1,DataNodeServiceUnit_scaleOut,DataNodeServiceUnit
Wed Feb 12 19:32:03 UTC 2014,0.12,0,1,DataNodeServiceUnit_scaleOut,DataNodeServiceUnit
Wed Feb 12 19:32:17 UTC 2014,0.12,0,1,,
Wed Feb 12 19:32:25 UTC 2014,0.12,0,1,,
Wed Feb 12 19:32:42 UTC 2014,0.12,0,1,,
Wed Feb 12 19:32:53 UTC 2014,0.12,0,1,,
Wed Feb 12 19:33:17 UTC 2014,0.12,0,1,,
Wed Feb 12 19:33:28 UTC 2014,0.12,193,1,EventProcessingServiceUnit_scaleIn,EventProcessingServiceUnit
Wed Feb 12 19:33:46 UTC 2014,0.12,193,1,EventProcessingServiceUnit_scaleIn,EventProcessingServiceUnit
Wed Feb 12 19:34:02 UTC 2014,0.12,61,1,EventProcessingServiceUnit_scaleIn,EventProcessingServiceUnit
Wed Feb 12 19:34:12 UTC 2014,0.12,61,1,EventProcessingServiceUnit_scaleIn,EventProcessingServiceUnit
Wed Feb 12 19:34:22 UTC 2014,0.12,61,1,EventProcessingServiceUnit_scaleIn,EventProcessingServiceUnit
Wed Feb 12 19:34:34 UTC 2014,0.12,151,1,EventProcessingServiceUnit_scaleIn,EventProcessingServiceUnit
Wed Feb 12 19:34:46 UTC 2014,0.12,151,1,EventProcessingServiceUnit_scaleIn,EventProcessingServiceUnit
Wed Feb 12 19:34:58 UTC 2014,0.12,151,1,EventProcessingServiceUnit_scaleIn,EventProcessingServiceUnit
Wed Feb 12 19:35:10 UTC 2014,0.12,52,1,EventProcessingServiceUnit_scaleIn,EventProcessingServiceUnit
Wed Feb 12 19:35:20 UTC 2014,0.12,52,1,EventProcessingServiceUnit_scaleIn,EventProcessingServiceUnit
Wed Feb 12 19:35:34 UTC 2014,0.12,52,1,EventProcessingServiceUnit_scaleIn,EventProcessingServiceUnit
Wed Feb 12 19:35:45 UTC 2014,0.12,164,1,EventProcessingServiceUnit_scaleIn,EventProcessingServiceUnit
Wed Feb 12 19:35:54 UTC 2014,0.12,164,1,EventProcessingServiceUnit_scaleIn,EventProcessingServiceUnit
Wed Feb 12 19:36:06 UTC 2014,0.12,164,1,,
Wed Feb 12 19:36:14 UTC 2014,0.12,62,1,,
Wed Feb 12 19:36:23 UTC 2014,0.12,62,1,,
Wed Feb 12 19:36:44 UTC 2014,0.12,62,1,,
Wed Feb 12 19:36:50 UTC 2014,0.12,220,1,,
Wed Feb 12 19:37:07 UTC 2014,0.12,220,1,,
Wed Feb 12 19:37:20 UTC 2014,0.12,220,1,,
Wed Feb 12 19:37:35 UTC 2014,0.12,220,1,,
Wed Feb 12 19:37:53 UTC 2014,0.12,111,1,,
Wed Feb 12 19:38:03 UTC 2014,0.12,111,1,DataNodeServiceUnit_scaleIn,DataNodeServiceUnit
Wed Feb 12 19:38:23 UTC 2014,0.12,217,1,DataNodeServiceUnit_scaleIn,DataNodeServiceUnit
Wed Feb 12 19:38:33 UTC 2014,0.12,43,1,DataNodeServiceUnit_scaleIn,DataNodeServiceUnit
Wed Feb 12 19:38:54 UTC 2014,0.12,43,1,DataNodeServiceUnit_scaleIn,DataNodeServiceUnit
Wed Feb 12 19:39:04 UTC 2014,0.12,43,1,DataNodeServiceUnit_scaleIn,DataNodeServiceUnit
Wed Feb 12 19:39:16 UTC 2014,0.12,43,1,DataNodeServiceUnit_scaleIn,DataNodeServiceUnit
Wed Feb 12 19:39:26 UTC 2014,0.12,284,1,DataNodeServiceUnit_scaleIn,DataNodeServiceUnit
Wed Feb 12 19:39:42 UTC 2014,0.12,284,1,DataNodeServiceUnit_scaleIn,DataNodeServiceUnit
Wed Feb 12 19:39:54 UTC 2014,0.12,0,1,DataNodeServiceUnit_scaleIn,DataNodeServiceUnit
Wed Feb 12 19:40:07 UTC 2014,0.12,0,1,DataNodeServiceUnit_scaleIn,DataNodeServiceUnit
Wed Feb 12 19:40:16 UTC 2014,0.12,0,1,DataNodeServiceUnit_scaleIn,DataNodeServiceUnit
Wed Feb 12 19:40:30 UTC 2014,0.12,0,1,DataNodeServiceUnit_scaleIn,DataNodeServiceUnit
Wed Feb 12 19:40:43 UTC 2014,0.12,0,1,DataNodeServiceUnit_scaleIn,DataNodeServiceUnit
Wed Feb 12 19:41:01 UTC 2014,0.12,0,1,DataNodeServiceUnit_scaleIn,DataNodeServiceUnit
Wed Feb 12 19:41:11 UTC 2014,0.12,0,1,DataNodeServiceUnit_scaleIn,DataNodeServiceUnit
Wed Feb 12 19:41:21 UTC 2014,0.12,0,1,DataNodeServiceUnit_scaleIn,DataNodeServiceUnit
Wed Feb 12 19:41:33 UTC 2014,0.12,0,1,,
Wed Feb 12 19:41:43 UTC 2014,0.12,0,1,,
Wed Feb 12 19:41:59 UTC 2014,0.12,0,1,,
Wed Feb 12 19:42:12 UTC 2014,0.12,0,1,,
Wed Feb 12 19:42:29 UTC 2014,0.12,0,1,EventProcessingServiceUnit_scaleIn,EventProcessingServiceUnit
Wed Feb 12 19:42:42 UTC 2014,0.12,0,1,EventProcessingServiceUnit_scaleIn,EventProcessingServiceUnit
Wed Feb 12 19:42:54 UTC 2014,0.12,0,1,EventProcessingServiceUnit_scaleIn,EventProcessingServiceUnit
Wed Feb 12 19:43:04 UTC 2014,0.12,0,1,,
Wed Feb 12 19:43:12 UTC 2014,0.12,0,1,,
Wed Feb 12 19:43:24 UTC 2014,0.12,0,1,,
Wed Feb 12 19:43:41 UTC 2014,0.12,0,1,,
Wed Feb 12 19:43:54 UTC 2014,0.12,0,1,,
Wed Feb 12 19:44:01 UTC 2014,0.12,0,1,,
Wed Feb 12 19:44:10 UTC 2014,0.12,0,1,,
Wed Feb 12 19:44:26 UTC 2014,0.12,244,1,,
Wed Feb 12 19:44:36 UTC 2014,0.12,244,1,,
Wed Feb 12 19:44:55 UTC 2014,0.12,14,1,,
Wed Feb 12 19:45:02 UTC 2014,0.12,14,1,,
Wed Feb 12 19:45:14 UTC 2014,0.12,14,1,,
Wed Feb 12 19:45:27 UTC 2014,0.12,14,1,,
Wed Feb 12 19:45:44 UTC 2014,0.12,334,1,,
Wed Feb 12 19:45:51 UTC 2014,0.12,334,1,,
Wed Feb 12 19:46:04 UTC 2014,0.12,334,1,EventProcessingServiceUnit_scaleOut,EventProcessingServiceUnit
Wed Feb 12 19:46:17 UTC 2014,0.12,131,1,,
Wed Feb 12 19:46:38 UTC 2014,0.12,78,1,,
Wed Feb 12 19:46:52 UTC 2014,0.12,78,1,,
Wed Feb 12 19:47:05 UTC 2014,0.12,49,1,,
Wed Feb 12 19:47:24 UTC 2014,0.12,49,1,,
Wed Feb 12 19:47:34 UTC 2014,0.12,49,1,,
Wed Feb 12 19:47:53 UTC 2014,0.12,49,1,,
Wed Feb 12 19:48:06 UTC 2014,0.12,241,1,EventProcessingServiceUnit_scaleOut,EventProcessingServiceUnit
Wed Feb 12 19:48:16 UTC 2014,0.12,241,1,EventProcessingServiceUnit_scaleOut,EventProcessingServiceUnit
Wed Feb 12 19:48:28 UTC 2014,0.12,241,1,,
Wed Feb 12 19:48:37 UTC 2014,0.12,161,1,,
Wed Feb 12 19:48:57 UTC 2014,0.12,161,1,,
Wed Feb 12 19:49:10 UTC 2014,0.12,21,1,,
Wed Feb 12 19:49:26 UTC 2014,0.12,21,1,,
Wed Feb 12 19:49:34 UTC 2014,0.12,99,1,,
Wed Feb 12 19:49:47 UTC 2014,0.12,99,1,,
Wed Feb 12 19:50:00 UTC 2014,0.12,99,1,,
Wed Feb 12 19:50:08 UTC 2014,0.12,0,1,,
Wed Feb 12 19:50:19 UTC 2014,0.12,0,1,,
Wed Feb 12 19:50:34 UTC 2014,0.12,0,1,,
Wed Feb 12 19:50:52 UTC 2014,0.12,0,1,,
Wed Feb 12 19:51:06 UTC 2014,0.12,0,1,,
Wed Feb 12 19:51:18 UTC 2014,0.12,0,1,DataNodeServiceUnit_scaleIn,DataNodeServiceUnit
Wed Feb 12 19:51:32 UTC 2014,0.12,0,1,DataNodeServiceUnit_scaleIn,DataNodeServiceUnit
Wed Feb 12 19:51:47 UTC 2014,0.12,0,1,DataNodeServiceUnit_scaleIn,DataNodeServiceUnit
Wed Feb 12 19:51:59 UTC 2014,0.12,0,1,DataNodeServiceUnit_scaleIn,DataNodeServiceUnit
Wed Feb 12 19:52:11 UTC 2014,0.12,0,1,DataNodeServiceUnit_scaleIn,DataNodeServiceUnit
Wed Feb 12 19:52:21 UTC 2014,0.12,0,1,DataNodeServiceUnit_scaleIn,DataNodeServiceUnit
Wed Feb 12 19:52:32 UTC 2014,0.12,0,1,DataNodeServiceUnit_scaleIn,DataNodeServiceUnit
Wed Feb 12 19:52:43 UTC 2014,0.12,0,1,DataNodeServiceUnit_scaleIn,DataNodeServiceUnit
Wed Feb 12 19:52:52 UTC 2014,0.12,0,1,DataNodeServiceUnit_scaleIn,DataNodeServiceUnit
Wed Feb 12 19:53:02 UTC 2014,0.12,0,1,DataNodeServiceUnit_scaleIn,DataNodeServiceUnit
Wed Feb 12 19:53:13 UTC 2014,0.12,0,1,,
Wed Feb 12 19:53:20 UTC 2014,0.12,0,1,,
Wed Feb 12 19:53:37 UTC 2014,0.12,0,1,,
Wed Feb 12 19:53:58 UTC 2014,0.12,0,1,,
Wed Feb 12 19:54:13 UTC 2014,0.12,50,1,,
Wed Feb 12 19:54:21 UTC 2014,0.12,50,1,,
Wed Feb 12 19:54:39 UTC 2014,0.12,14,1,,
Wed Feb 12 19:54:47 UTC 2014,0.12,14,1,,
Wed Feb 12 19:54:56 UTC 2014,0.12,63,1,,
Wed Feb 12 19:55:15 UTC 2014,0.12,63,1,,
Wed Feb 12 19:55:23 UTC 2014,0.12,63,1,,
Wed Feb 12 19:55:30 UTC 2014,0.12,63,1,,
Wed Feb 12 19:55:39 UTC 2014,0.12,126,1,,
Wed Feb 12 19:55:46 UTC 2014,0.12,126,1,,
Wed Feb 12 19:55:54 UTC 2014,0.12,126,1,,
Wed Feb 12 19:56:01 UTC 2014,0.12,126,1,,
Wed Feb 12 19:56:07 UTC 2014,0.12,298,1,,
Wed Feb 12 19:56:16 UTC 2014,0.12,298,1,,
